Sequence  | Address         | Length  | Uri                                                                                       | OpSig                                                                                     | Data
0         | 7ff7c825e0f0h   | 71      | hex://gmath/fmath?abs#abs_(32f)                                                           | float abs(float a)                                                                        | 48 83 ec 18 c5 f8 77 33 c0 48 89 44 24 10 c5 fa 11 44 24 08 8b 44 24 08 89 44 24 10 48 8d 44 24 10 81 20 ff ff ff 7f c5 fa 10 44 24 10 48 83 c4 18 c3 cc cc 19 04 01 00 04 22 00 00 40 00 00 00 00 00 00 00 00 00 00
1         | 7ff7c825e140h   | 83      | hex://gmath/fmath?abs#abs_(64f)                                                           | double abs(double a)                                                                      | 48 83 ec 18 c5 f8 77 33 c0 48 89 44 24 10 c5 fb 11 44 24 08 48 8b 44 24 08 48 89 44 24 10 48 8d 44 24 10 48 ba ff ff ff ff ff ff ff 7f 48 21 10 c5 fb 10 44 24 10 48 83 c4 18 c3 cc cc 00 00 00 19 04 01 00 04 22 00 00 40 00 00 00 00 00 00 00 00 00 00
2         | 7ff7c825e1a0h   | 163     | hex://gmath/fmath?add#add_(32f,32f)                                                       | float add(float lhs, float rhs)                                                           | c5 f8 77 66 90 c5 fa 58 c1 c3 cc 00 19 00 00 00 40 00 00 00 00 00 00 00 c0 47 35 c8 f7 7f 00 00 c5 f8 77 66 90 c5 fb 58 c1 c3 cc 00 19 00 00 00 40 00 00 00 00 00 00 00 10 48 35 c8 f7 7f 00 00 c5 f8 77 66 90 c4 e3 79 0a c0 0a c3 19 00 00 00 40 00 00 00 00 00 00 00 60 48 35 c8 f7 7f 00 00 c5 f8 77 66 90 c4 e3 79 0b c0 0a c3 19 00 00 00 40 00 00 00 00 00 00 00 b0 48 35 c8 f7 7f 00 00 c5 f8 77 66 90 c5 f8 2e c1 77 01 c3 c5 f8 28 c1 c3 cc cc 00 19 00 00 00 40 00 00 00 00 00 00 00 00 00 00
3         | 7ff7c825e1c0h   | 131     | hex://gmath/fmath?add#add_(64f,64f)                                                       | double add(double lhs, double rhs)                                                        | c5 f8 77 66 90 c5 fb 58 c1 c3 cc 00 19 00 00 00 40 00 00 00 00 00 00 00 10 48 35 c8 f7 7f 00 00 c5 f8 77 66 90 c4 e3 79 0a c0 0a c3 19 00 00 00 40 00 00 00 00 00 00 00 60 48 35 c8 f7 7f 00 00 c5 f8 77 66 90 c4 e3 79 0b c0 0a c3 19 00 00 00 40 00 00 00 00 00 00 00 b0 48 35 c8 f7 7f 00 00 c5 f8 77 66 90 c5 f8 2e c1 77 01 c3 c5 f8 28 c1 c3 cc cc 00 19 00 00 00 40 00 00 00 00 00 00 00 00 00 00
4         | 7ff7c825e1e0h   | 99      | hex://gmath/fmath?ceil#ceil_(32f)                                                         | float ceil(float src)                                                                     | c5 f8 77 66 90 c4 e3 79 0a c0 0a c3 19 00 00 00 40 00 00 00 00 00 00 00 60 48 35 c8 f7 7f 00 00 c5 f8 77 66 90 c4 e3 79 0b c0 0a c3 19 00 00 00 40 00 00 00 00 00 00 00 b0 48 35 c8 f7 7f 00 00 c5 f8 77 66 90 c5 f8 2e c1 77 01 c3 c5 f8 28 c1 c3 cc cc 00 19 00 00 00 40 00 00 00 00 00 00 00 00 00 00
5         | 7ff7c825e200h   | 67      | hex://gmath/fmath?ceil#ceil_(64f)                                                         | double ceil(double src)                                                                   | c5 f8 77 66 90 c4 e3 79 0b c0 0a c3 19 00 00 00 40 00 00 00 00 00 00 00 b0 48 35 c8 f7 7f 00 00 c5 f8 77 66 90 c5 f8 2e c1 77 01 c3 c5 f8 28 c1 c3 cc cc 00 19 00 00 00 40 00 00 00 00 00 00 00 00 00 00
6         | 7ff7c825e220h   | 35      | hex://gmath/fmath?clamp#clamp_(32f,32f)                                                   | float clamp(float src, float max)                                                         | c5 f8 77 66 90 c5 f8 2e c1 77 01 c3 c5 f8 28 c1 c3 cc cc 00 19 00 00 00 40 00 00 00 00 00 00 00 00 00 00
7         | 7ff7c825e250h   | 35      | hex://gmath/fmath?clamp#clamp_(64f,64f)                                                   | double clamp(double src, double max)                                                      | c5 f8 77 66 90 c5 f9 2e c1 77 01 c3 c5 f8 28 c1 c3 cc cc 00 19 00 00 00 40 00 00 00 00 00 00 00 00 00 00
8         | 7ff7c825e280h   | 35      | hex://gmath/fmath?dec#dec_(32f)                                                           | float dec(float src)                                                                      | c5 f8 77 66 90 c5 fa 5c 05 03 00 00 00 c3 cc 00 00 00 80 3f 19 00 00 00 40 00 00 00 00 00 00 00 00 00 00
9         | 7ff7c825e2b0h   | 39      | hex://gmath/fmath?dec#dec_(64f)                                                           | double dec(double src)                                                                    | c5 f8 77 66 90 c5 fb 5c 05 03 00 00 00 c3 cc 00 00 00 00 00 00 00 f0 3f 19 00 00 00 40 00 00 00 00 00 00 00 00 00 00
10        | 7ff7c825e2e0h   | 71      | hex://gmath/fmath?dist#dist_(64f,64f)                                                     | ulong dist(double a, double b)                                                            | 48 83 ec 28 c5 f8 77 c5 f9 2e c1 73 13 c5 f3 5c c8 c5 f8 28 c1 e8 46 f6 12 5f 90 48 83 c4 28 c3 c5 fb 5c c1 e8 37 f6 12 5f 90 48 83 c4 28 c3 cc cc cc cc 00 19 04 01 00 04 42 00 00 40 00 00 00 00 00 00 00 00 00 00
11        | 7ff7c825e330h   | 387     | hex://gmath/fmath?div#div_(32f,32f)                                                       | float div(float a, float b)                                                               | c5 f8 77 66 90 c5 fa 5e c1 c3 cc 00 19 00 00 00 40 00 00 00 00 00 00 00 c0 4a 35 c8 f7 7f 00 00 c5 f8 77 66 90 c5 fb 5e c1 c3 cc 00 19 00 00 00 40 00 00 00 00 00 00 00 10 4b 35 c8 f7 7f 00 00 48 83 ec 28 c5 f8 77 c5 f8 28 d0 c5 f8 28 c1 c5 f8 28 ca e8 d8 32 13 5f c5 f0 57 c9 c5 f8 2e c1 0f 9b c0 7a 03 0f 94 c0 0f b6 c0 48 83 c4 28 c3 cc cc cc cc cc 00 00 00 19 04 01 00 04 42 00 00 40 00 00 00 00 00 00 00 68 4b 35 c8 f7 7f 00 00 48 83 ec 28 c5 f8 77 c5 f8 28 d0 c5 f8 28 c1 c5 f8 28 ca e8 f8 31 13 5f c5 f0 57 c9 c5 f9 2e c1 0f 9b c0 7a 03 0f 94 c0 0f b6 c0 48 83 c4 28 c3 cc cc cc cc cc 00 00 00 19 04 01 00 04 42 00 00 40 00 00 00 00 00 00 00 c0 4b 35 c8 f7 7f 00 00 c5 f8 77 66 90 c4 e3 79 0a c0 09 c3 19 00 00 00 40 00 00 00 00 00 00 00 10 4c 35 c8 f7 7f 00 00 c5 f8 77 66 90 c4 e3 79 0b c0 09 c3 19 00 00 00 40 00 00 00 00 00 00 00 60 4c 35 c8 f7 7f 00 00 c5 f8 77 66 90 c4 e2 71 a9 c2 c3 00 19 00 00 00 40 00 00 00 00 00 00 00 b8 4c 35 c8 f7 7f 00 00 c5 f8 77 66 90 c4 e2 f1 a9 c2 c3 00 19 00 00 00 40 00 00 00 00 00 00 00 10 4d 35 c8 f7 7f 00 00 c5 f8 77 66 90 c5 fa 58 05 03 00 00 00 c3 cc 00 00 00 80 3f 19 00 00 00 40 00 00 00 00 00 00 00 00 00 00
12        | 7ff7c825e350h   | 355     | hex://gmath/fmath?div#div_(64f,64f)                                                       | double div(double a, double b)                                                            | c5 f8 77 66 90 c5 fb 5e c1 c3 cc 00 19 00 00 00 40 00 00 00 00 00 00 00 10 4b 35 c8 f7 7f 00 00 48 83 ec 28 c5 f8 77 c5 f8 28 d0 c5 f8 28 c1 c5 f8 28 ca e8 d8 32 13 5f c5 f0 57 c9 c5 f8 2e c1 0f 9b c0 7a 03 0f 94 c0 0f b6 c0 48 83 c4 28 c3 cc cc cc cc cc 00 00 00 19 04 01 00 04 42 00 00 40 00 00 00 00 00 00 00 68 4b 35 c8 f7 7f 00 00 48 83 ec 28 c5 f8 77 c5 f8 28 d0 c5 f8 28 c1 c5 f8 28 ca e8 f8 31 13 5f c5 f0 57 c9 c5 f9 2e c1 0f 9b c0 7a 03 0f 94 c0 0f b6 c0 48 83 c4 28 c3 cc cc cc cc cc 00 00 00 19 04 01 00 04 42 00 00 40 00 00 00 00 00 00 00 c0 4b 35 c8 f7 7f 00 00 c5 f8 77 66 90 c4 e3 79 0a c0 09 c3 19 00 00 00 40 00 00 00 00 00 00 00 10 4c 35 c8 f7 7f 00 00 c5 f8 77 66 90 c4 e3 79 0b c0 09 c3 19 00 00 00 40 00 00 00 00 00 00 00 60 4c 35 c8 f7 7f 00 00 c5 f8 77 66 90 c4 e2 71 a9 c2 c3 00 19 00 00 00 40 00 00 00 00 00 00 00 b8 4c 35 c8 f7 7f 00 00 c5 f8 77 66 90 c4 e2 f1 a9 c2 c3 00 19 00 00 00 40 00 00 00 00 00 00 00 10 4d 35 c8 f7 7f 00 00 c5 f8 77 66 90 c5 fa 58 05 03 00 00 00 c3 cc 00 00 00 80 3f 19 00 00 00 40 00 00 00 00 00 00 00 00 00 00
13        | 7ff7c825e370h   | 323     | hex://gmath/fmath?divides#divides_(32f,32f)                                               | bit divides(float a, float b)                                                             | 48 83 ec 28 c5 f8 77 c5 f8 28 d0 c5 f8 28 c1 c5 f8 28 ca e8 d8 32 13 5f c5 f0 57 c9 c5 f8 2e c1 0f 9b c0 7a 03 0f 94 c0 0f b6 c0 48 83 c4 28 c3 cc cc cc cc cc 00 00 00 19 04 01 00 04 42 00 00 40 00 00 00 00 00 00 00 68 4b 35 c8 f7 7f 00 00 48 83 ec 28 c5 f8 77 c5 f8 28 d0 c5 f8 28 c1 c5 f8 28 ca e8 f8 31 13 5f c5 f0 57 c9 c5 f9 2e c1 0f 9b c0 7a 03 0f 94 c0 0f b6 c0 48 83 c4 28 c3 cc cc cc cc cc 00 00 00 19 04 01 00 04 42 00 00 40 00 00 00 00 00 00 00 c0 4b 35 c8 f7 7f 00 00 c5 f8 77 66 90 c4 e3 79 0a c0 09 c3 19 00 00 00 40 00 00 00 00 00 00 00 10 4c 35 c8 f7 7f 00 00 c5 f8 77 66 90 c4 e3 79 0b c0 09 c3 19 00 00 00 40 00 00 00 00 00 00 00 60 4c 35 c8 f7 7f 00 00 c5 f8 77 66 90 c4 e2 71 a9 c2 c3 00 19 00 00 00 40 00 00 00 00 00 00 00 b8 4c 35 c8 f7 7f 00 00 c5 f8 77 66 90 c4 e2 f1 a9 c2 c3 00 19 00 00 00 40 00 00 00 00 00 00 00 10 4d 35 c8 f7 7f 00 00 c5 f8 77 66 90 c5 fa 58 05 03 00 00 00 c3 cc 00 00 00 80 3f 19 00 00 00 40 00 00 00 00 00 00 00 00 00 00
14        | 7ff7c825e3c0h   | 243     | hex://gmath/fmath?divides#divides_(64f,64f)                                               | bit divides(double a, double b)                                                           | 48 83 ec 28 c5 f8 77 c5 f8 28 d0 c5 f8 28 c1 c5 f8 28 ca e8 f8 31 13 5f c5 f0 57 c9 c5 f9 2e c1 0f 9b c0 7a 03 0f 94 c0 0f b6 c0 48 83 c4 28 c3 cc cc cc cc cc 00 00 00 19 04 01 00 04 42 00 00 40 00 00 00 00 00 00 00 c0 4b 35 c8 f7 7f 00 00 c5 f8 77 66 90 c4 e3 79 0a c0 09 c3 19 00 00 00 40 00 00 00 00 00 00 00 10 4c 35 c8 f7 7f 00 00 c5 f8 77 66 90 c4 e3 79 0b c0 09 c3 19 00 00 00 40 00 00 00 00 00 00 00 60 4c 35 c8 f7 7f 00 00 c5 f8 77 66 90 c4 e2 71 a9 c2 c3 00 19 00 00 00 40 00 00 00 00 00 00 00 b8 4c 35 c8 f7 7f 00 00 c5 f8 77 66 90 c4 e2 f1 a9 c2 c3 00 19 00 00 00 40 00 00 00 00 00 00 00 10 4d 35 c8 f7 7f 00 00 c5 f8 77 66 90 c5 fa 58 05 03 00 00 00 c3 cc 00 00 00 80 3f 19 00 00 00 40 00 00 00 00 00 00 00 00 00 00
15        | 7ff7c825e410h   | 163     | hex://gmath/fmath?floor#floor_(32f)                                                       | float floor(float src)                                                                    | c5 f8 77 66 90 c4 e3 79 0a c0 09 c3 19 00 00 00 40 00 00 00 00 00 00 00 10 4c 35 c8 f7 7f 00 00 c5 f8 77 66 90 c4 e3 79 0b c0 09 c3 19 00 00 00 40 00 00 00 00 00 00 00 60 4c 35 c8 f7 7f 00 00 c5 f8 77 66 90 c4 e2 71 a9 c2 c3 00 19 00 00 00 40 00 00 00 00 00 00 00 b8 4c 35 c8 f7 7f 00 00 c5 f8 77 66 90 c4 e2 f1 a9 c2 c3 00 19 00 00 00 40 00 00 00 00 00 00 00 10 4d 35 c8 f7 7f 00 00 c5 f8 77 66 90 c5 fa 58 05 03 00 00 00 c3 cc 00 00 00 80 3f 19 00 00 00 40 00 00 00 00 00 00 00 00 00 00
16        | 7ff7c825e430h   | 131     | hex://gmath/fmath?floor#floor_(64f)                                                       | double floor(double src)                                                                  | c5 f8 77 66 90 c4 e3 79 0b c0 09 c3 19 00 00 00 40 00 00 00 00 00 00 00 60 4c 35 c8 f7 7f 00 00 c5 f8 77 66 90 c4 e2 71 a9 c2 c3 00 19 00 00 00 40 00 00 00 00 00 00 00 b8 4c 35 c8 f7 7f 00 00 c5 f8 77 66 90 c4 e2 f1 a9 c2 c3 00 19 00 00 00 40 00 00 00 00 00 00 00 10 4d 35 c8 f7 7f 00 00 c5 f8 77 66 90 c5 fa 58 05 03 00 00 00 c3 cc 00 00 00 80 3f 19 00 00 00 40 00 00 00 00 00 00 00 00 00 00
17        | 7ff7c825e450h   | 99      | hex://gmath/fmath?fma#fma_(32f,32f,32f)                                                   | float fma(float x, float y, float z)                                                      | c5 f8 77 66 90 c4 e2 71 a9 c2 c3 00 19 00 00 00 40 00 00 00 00 00 00 00 b8 4c 35 c8 f7 7f 00 00 c5 f8 77 66 90 c4 e2 f1 a9 c2 c3 00 19 00 00 00 40 00 00 00 00 00 00 00 10 4d 35 c8 f7 7f 00 00 c5 f8 77 66 90 c5 fa 58 05 03 00 00 00 c3 cc 00 00 00 80 3f 19 00 00 00 40 00 00 00 00 00 00 00 00 00 00
18        | 7ff7c825e470h   | 67      | hex://gmath/fmath?fma#fma_(64f,64f,64f)                                                   | double fma(double x, double y, double z)                                                  | c5 f8 77 66 90 c4 e2 f1 a9 c2 c3 00 19 00 00 00 40 00 00 00 00 00 00 00 10 4d 35 c8 f7 7f 00 00 c5 f8 77 66 90 c5 fa 58 05 03 00 00 00 c3 cc 00 00 00 80 3f 19 00 00 00 40 00 00 00 00 00 00 00 00 00 00
19        | 7ff7c825e490h   | 35      | hex://gmath/fmath?inc#inc_(32f)                                                           | float inc(float src)                                                                      | c5 f8 77 66 90 c5 fa 58 05 03 00 00 00 c3 cc 00 00 00 80 3f 19 00 00 00 40 00 00 00 00 00 00 00 00 00 00
20        | 7ff7c825e4c0h   | 39      | hex://gmath/fmath?inc#inc_(64f)                                                           | double inc(double src)                                                                    | c5 f8 77 66 90 c5 fb 58 05 03 00 00 00 c3 cc 00 00 00 00 00 00 00 f0 3f 19 00 00 00 40 00 00 00 00 00 00 00 00 00 00
21        | 7ff7c825e4f0h   | 142     | hex://gmath/fmath?mul#mul_(32f,32f)                                                       | float mul(float lhs, float rhs)                                                           | c5 f8 77 66 90 c5 fa 59 c1 c3 cc 00 19 00 00 00 40 00 00 00 00 00 00 00 00 4e 35 c8 f7 7f 00 00 c5 f8 77 66 90 c5 fb 59 c1 c3 cc 00 19 00 00 00 40 00 00 00 00 00 00 00 50 4e 35 c8 f7 7f 00 00 c5 f8 77 66 90 c5 fa 10 0d 0b 00 00 00 c5 f8 57 c1 c3 cc cc 00 00 00 00 00 00 00 80 19 00 00 00 40 00 00 00 00 00 00 00 a0 4e 35 c8 f7 7f 00 00 c5 f8 77 66 90 c5 fb 10 0d 0b 00 00 00 c5 f8 57 c1 c3 cc cc 00 00 00 00 00 00 00 00 00 00
22        | 7ff7c825e510h   | 110     | hex://gmath/fmath?mul#mul_(64f,64f)                                                       | double mul(double lhs, double rhs)                                                        | c5 f8 77 66 90 c5 fb 59 c1 c3 cc 00 19 00 00 00 40 00 00 00 00 00 00 00 50 4e 35 c8 f7 7f 00 00 c5 f8 77 66 90 c5 fa 10 0d 0b 00 00 00 c5 f8 57 c1 c3 cc cc 00 00 00 00 00 00 00 80 19 00 00 00 40 00 00 00 00 00 00 00 a0 4e 35 c8 f7 7f 00 00 c5 f8 77 66 90 c5 fb 10 0d 0b 00 00 00 c5 f8 57 c1 c3 cc cc 00 00 00 00 00 00 00 00 00 00
23        | 7ff7c825e530h   | 78      | hex://gmath/fmath?negate#negate_(32f)                                                     | float negate(float src)                                                                   | c5 f8 77 66 90 c5 fa 10 0d 0b 00 00 00 c5 f8 57 c1 c3 cc cc 00 00 00 00 00 00 00 80 19 00 00 00 40 00 00 00 00 00 00 00 a0 4e 35 c8 f7 7f 00 00 c5 f8 77 66 90 c5 fb 10 0d 0b 00 00 00 c5 f8 57 c1 c3 cc cc 00 00 00 00 00 00 00 00 00 00
24        | 7ff7c825e560h   | 30      | hex://gmath/fmath?negate#negate_(64f)                                                     | double negate(double src)                                                                 | c5 f8 77 66 90 c5 fb 10 0d 0b 00 00 00 c5 f8 57 c1 c3 cc cc 00 00 00 00 00 00 00 00 00 00
25        | 7ff7c825e590h   | 35      | hex://gmath/fmath?signum#signum_(32f)                                                     | Sign:int signum(float src)                                                                | c5 f8 77 66 90 48 b8 98 15 a2 c7 f7 7f 00 00 48 ff e0 00 00 19 00 00 00 40 00 00 00 00 00 00 00 00 00 00
26        | 7ff7c825e5c0h   | 35      | hex://gmath/fmath?signum#signum_(64f)                                                     | Sign:int signum(double src)                                                               | c5 f8 77 66 90 48 b8 70 15 a2 c7 f7 7f 00 00 48 ff e0 00 00 19 00 00 00 40 00 00 00 00 00 00 00 00 00 00
27        | 7ff7c825e5f0h   | 1571    | hex://gmath/fmath?square#square_(32f)                                                     | float square(float src)                                                                   | c5 f8 77 66 90 c5 fa 59 c0 c3 cc 00 19 00 00 00 40 00 00 00 00 00 00 00 e0 4f 35 c8 f7 7f 00 00 c5 f8 77 66 90 c5 fb 59 c0 c3 cc 00 19 00 00 00 40 00 00 00 00 00 00 00 30 50 35 c8 f7 7f 00 00 c5 f8 77 66 90 c5 fa 51 c0 c3 cc 00 19 00 00 00 40 00 00 00 00 00 00 00 80 50 35 c8 f7 7f 00 00 c5 f8 77 66 90 c5 fb 51 c0 c3 cc 00 19 00 00 00 40 00 00 00 00 00 00 00 d0 50 35 c8 f7 7f 00 00 c5 f8 77 66 90 c5 fa 5c c1 c3 cc 00 19 00 00 00 40 00 00 00 00 00 00 00 20 51 35 c8 f7 7f 00 00 c5 f8 77 66 90 c5 fb 5c c1 c3 cc 00 19 00 00 00 40 00 00 00 00 00 00 00 70 51 35 c8 f7 7f 00 00 c5 f8 77 66 90 c5 f8 2e c1 72 0c c5 f8 2e d0 0f 93 c0 0f b6 c0 eb 02 33 c0 0f b6 c0 c3 cc cc 00 19 00 00 00 40 00 00 00 d0 51 35 c8 f7 7f 00 00 c5 f8 77 66 90 c5 f9 2e c1 72 0c c5 f9 2e d0 0f 93 c0 0f b6 c0 eb 02 33 c0 0f b6 c0 c3 cc cc 00 19 00 00 00 40 00 00 00 48 52 35 c8 f7 7f 00 00 56 48 83 ec 20 c5 f8 77 41 0f b6 c0 83 f8 1e 0f 87 8e 01 00 00 8b c0 48 8d 0d c2 01 00 00 8b 0c 81 48 8d 15 e0 ff ff ff 48 03 ca ff e1 c5 f8 2e c1 0f 9b c0 7a 03 0f 94 c0 0f b6 c0 e9 5c 01 00 00 c5 f8 2e c1 0f 9b c0 7a 03 0f 94 c0 0f b6 c0 e9 48 01 00 00 c5 f8 2e c1 0f 9b c0 7a 03 0f 94 c0 0f b6 c0 e9 34 01 00 00 c5 f8 2e c1 0f 9b c0 7a 03 0f 94 c0 0f b6 c0 e9 20 01 00 00 c5 f8 2e c1 0f 9a c0 7a 03 0f 95 c0 0f b6 c0 e9 0c 01 00 00 c5 f8 2e c1 0f 9a c0 7a 03 0f 95 c0 0f b6 c0 e9 f8 00 00 00 c5 f8 2e c1 0f 9a c0 7a 03 0f 95 c0 0f b6 c0 e9 e4 00 00 00 c5 f8 2e c1 0f 9a c0 7a 03 0f 95 c0 0f b6 c0 e9 d0 00 00 00 c5 f8 2e c8 0f 97 c0 0f b6 c0 e9 c1 00 00 00 c5 f8 2e c8 0f 97 c0 0f b6 c0 e9 b2 00 00 00 c5 f8 2e c1 0f 97 c0 0f b6 c0 e9 a3 00 00 00 c5 f8 2e c1 0f 97 c0 0f b6 c0 e9 94 00 00 00 c5 f8 2e c8 0f 93 c0 0f b6 c0 e9 85 00 00 00 c5 f8 2e c8 0f 93 c0 0f b6 c0 e9 76 00 00 00 c5 f8 2e c1 0f 93 c0 0f b6 c0 eb 6a c5 f8 2e c1 0f 93 c0 0f b6 c0 eb 5e c5 f8 2e c1 0f 92 c0 0f b6 c0 eb 52 c5 f8 2e c1 0f 92 c0 0f b6 c0 eb 46 c5 f8 2e c1 0f 96 c0 0f b6 c0 eb 3a c5 f8 2e c1 0f 96 c0 0f b6 c0 eb 2e c5 f8 2e c8 0f 92 c0 0f b6 c0 eb 22 c5 f8 2e c8 0f 92 c0 0f b6 c0 eb 16 c5 f8 2e c8 0f 96 c0 0f b6 c0 eb 0a c5 f8 2e c8 0f 96 c0 0f b6 c0 48 83 c4 20 5e c3 48 b9 48 02 99 c7 f7 7f 00 00 e8 ee 83 00 5f 48 8b f0 48 8b ce e8 5b b0 51 ff 48 8b ce e8 2b d0 f7 5e cc cc cc cc cc cc cc cc cc cc cc cc cc cc cc cc cc cc cc cc cc cc cc cc cc 00 00 25 00 00 00 d4 00 00 00 10 01 00 00 9b 01 00 00 9d 00 00 00 8b 01 00 00 73 01 00 00 9b 01 00 00 4d 00 00 00 43 01 00 00 5b 01 00 00 9b 01 00 00 75 00 00 00 2b 01 00 00 f2 00 00 00 9b 01 00 00 39 00 00 00 c5 00 00 00 01 01 00 00 9b 01 00 00 b1 00 00 00 7f 01 00 00 67 01 00 00 9b 01 00 00 61 00 00 00 37 01 00 00 4f 01 00 00 9b 01 00 00 89 00 00 00 1f 01 00 00 e3 00 00 00 19 05 02 00 05 32 01 60 40 00 00 00 f8 52 35 c8 f7 7f 00 00 56 48 83 ec 20 c5 f8 77 41 0f b6 c0 83 f8 1e 0f 87 8e 01 00 00 8b c0 48 8d 0d c2 01 00 00 8b 0c 81 48 8d 15 e0 ff ff ff 48 03 ca ff e1 c5 f9 2e c1 0f 9b c0 7a 03 0f 94 c0 0f b6 c0 e9 5c 01 00 00 c5 f9 2e c1 0f 9b c0 7a 03 0f 94 c0 0f b6 c0 e9 48 01 00 00 c5 f9 2e c1 0f 9b c0 7a 03 0f 94 c0 0f b6 c0 e9 34 01 00 00 c5 f9 2e c1 0f 9b c0 7a 03 0f 94 c0 0f b6 c0 e9 20 01 00 00 c5 f9 2e c1 0f 9a c0 7a 03 0f 95 c0 0f b6 c0 e9 0c 01 00 00 c5 f9 2e c1 0f 9a c0 7a 03 0f 95 c0 0f b6 c0 e9 f8 00 00 00 c5 f9 2e c1 0f 9a c0 7a 03 0f 95 c0 0f b6 c0 e9 e4 00 00 00 c5 f9 2e c1 0f 9a c0 7a 03 0f 95 c0 0f b6 c0 e9 d0 00 00 00 c5 f9 2e c8 0f 97 c0 0f b6 c0 e9 c1 00 00 00 c5 f9 2e c8 0f 97 c0 0f b6 c0 e9 b2 00 00 00 c5 f9 2e c1 0f 97 c0 0f b6 c0 e9 a3 00 00 00 c5 f9 2e c1 0f 97 c0 0f b6 c0 e9 94 00 00 00 c5 f9 2e c8 0f 93 c0 0f b6 c0 e9 85 00 00 00 c5 f9 2e c8 0f 93 c0 0f b6 c0 e9 76 00 00 00 c5 f9 2e c1 0f 93 c0 0f b6 c0 eb 6a c5 f9 2e c1 0f 93 c0 0f b6 c0 eb 5e c5 f9 2e c1 0f 92 c0 0f b6 c0 eb 52 c5 f9 2e c1 0f 92 c0 0f b6 c0 eb 46 c5 f9 2e c1 0f 96 c0 0f b6 c0 eb 3a c5 f9 2e c1 0f 96 c0 0f b6 c0 eb 2e c5 f9 2e c8 0f 92 c0 0f b6 c0 eb 22 c5 f9 2e c8 0f 92 c0 0f b6 c0 eb 16 c5 f9 2e c8 0f 96 c0 0f b6 c0 eb 0a c5 f9 2e c8 0f 96 c0 0f b6 c0 48 83 c4 20 5e c3 48 b9 48 02 99 c7 f7 7f 00 00 e8 7e 81 00 5f 48 8b f0 48 8b ce e8 eb ad 51 ff 48 8b ce e8 bb cd f7 5e cc cc cc cc cc cc cc cc cc cc cc cc cc cc cc cc cc cc cc cc cc cc cc cc cc 00 00 25 00 00 00 d4 00 00 00 10 01 00 00 9b 01 00 00 9d 00 00 00 8b 01 00 00 73 01 00 00 9b 01 00 00 4d 00 00 00 43 01 00 00 5b 01 00 00 9b 01 00 00 75 00 00 00 2b 01 00 00 f2 00 00 00 9b 01 00 00 39 00 00 00 c5 00 00 00 01 01 00 00 9b 01 00 00 b1 00 00 00 7f 01 00 00 67 01 00 00 9b 01 00 00 61 00 00 00 37 01 00 00 4f 01 00 00 9b 01 00 00 89 00 00 00 1f 01 00 00 e3 00 00 00 19 05 02 00 05 32 01 60 40 00 00 00 c0 53 35 c8 f7 7f 00 00 c5 f8 77 66 90 48 b8 70 8c 4b 27 f8 7f 00 00 48 ff e0 00 00 19 00 00 00 40 00 00 00 00 00 00 00 00 00 00
28        | 7ff7c825e610h   | 1539    | hex://gmath/fmath?square#square_(64f)                                                     | double square(double src)                                                                 | c5 f8 77 66 90 c5 fb 59 c0 c3 cc 00 19 00 00 00 40 00 00 00 00 00 00 00 30 50 35 c8 f7 7f 00 00 c5 f8 77 66 90 c5 fa 51 c0 c3 cc 00 19 00 00 00 40 00 00 00 00 00 00 00 80 50 35 c8 f7 7f 00 00 c5 f8 77 66 90 c5 fb 51 c0 c3 cc 00 19 00 00 00 40 00 00 00 00 00 00 00 d0 50 35 c8 f7 7f 00 00 c5 f8 77 66 90 c5 fa 5c c1 c3 cc 00 19 00 00 00 40 00 00 00 00 00 00 00 20 51 35 c8 f7 7f 00 00 c5 f8 77 66 90 c5 fb 5c c1 c3 cc 00 19 00 00 00 40 00 00 00 00 00 00 00 70 51 35 c8 f7 7f 00 00 c5 f8 77 66 90 c5 f8 2e c1 72 0c c5 f8 2e d0 0f 93 c0 0f b6 c0 eb 02 33 c0 0f b6 c0 c3 cc cc 00 19 00 00 00 40 00 00 00 d0 51 35 c8 f7 7f 00 00 c5 f8 77 66 90 c5 f9 2e c1 72 0c c5 f9 2e d0 0f 93 c0 0f b6 c0 eb 02 33 c0 0f b6 c0 c3 cc cc 00 19 00 00 00 40 00 00 00 48 52 35 c8 f7 7f 00 00 56 48 83 ec 20 c5 f8 77 41 0f b6 c0 83 f8 1e 0f 87 8e 01 00 00 8b c0 48 8d 0d c2 01 00 00 8b 0c 81 48 8d 15 e0 ff ff ff 48 03 ca ff e1 c5 f8 2e c1 0f 9b c0 7a 03 0f 94 c0 0f b6 c0 e9 5c 01 00 00 c5 f8 2e c1 0f 9b c0 7a 03 0f 94 c0 0f b6 c0 e9 48 01 00 00 c5 f8 2e c1 0f 9b c0 7a 03 0f 94 c0 0f b6 c0 e9 34 01 00 00 c5 f8 2e c1 0f 9b c0 7a 03 0f 94 c0 0f b6 c0 e9 20 01 00 00 c5 f8 2e c1 0f 9a c0 7a 03 0f 95 c0 0f b6 c0 e9 0c 01 00 00 c5 f8 2e c1 0f 9a c0 7a 03 0f 95 c0 0f b6 c0 e9 f8 00 00 00 c5 f8 2e c1 0f 9a c0 7a 03 0f 95 c0 0f b6 c0 e9 e4 00 00 00 c5 f8 2e c1 0f 9a c0 7a 03 0f 95 c0 0f b6 c0 e9 d0 00 00 00 c5 f8 2e c8 0f 97 c0 0f b6 c0 e9 c1 00 00 00 c5 f8 2e c8 0f 97 c0 0f b6 c0 e9 b2 00 00 00 c5 f8 2e c1 0f 97 c0 0f b6 c0 e9 a3 00 00 00 c5 f8 2e c1 0f 97 c0 0f b6 c0 e9 94 00 00 00 c5 f8 2e c8 0f 93 c0 0f b6 c0 e9 85 00 00 00 c5 f8 2e c8 0f 93 c0 0f b6 c0 e9 76 00 00 00 c5 f8 2e c1 0f 93 c0 0f b6 c0 eb 6a c5 f8 2e c1 0f 93 c0 0f b6 c0 eb 5e c5 f8 2e c1 0f 92 c0 0f b6 c0 eb 52 c5 f8 2e c1 0f 92 c0 0f b6 c0 eb 46 c5 f8 2e c1 0f 96 c0 0f b6 c0 eb 3a c5 f8 2e c1 0f 96 c0 0f b6 c0 eb 2e c5 f8 2e c8 0f 92 c0 0f b6 c0 eb 22 c5 f8 2e c8 0f 92 c0 0f b6 c0 eb 16 c5 f8 2e c8 0f 96 c0 0f b6 c0 eb 0a c5 f8 2e c8 0f 96 c0 0f b6 c0 48 83 c4 20 5e c3 48 b9 48 02 99 c7 f7 7f 00 00 e8 ee 83 00 5f 48 8b f0 48 8b ce e8 5b b0 51 ff 48 8b ce e8 2b d0 f7 5e cc cc cc cc cc cc cc cc cc cc cc cc cc cc cc cc cc cc cc cc cc cc cc cc cc 00 00 25 00 00 00 d4 00 00 00 10 01 00 00 9b 01 00 00 9d 00 00 00 8b 01 00 00 73 01 00 00 9b 01 00 00 4d 00 00 00 43 01 00 00 5b 01 00 00 9b 01 00 00 75 00 00 00 2b 01 00 00 f2 00 00 00 9b 01 00 00 39 00 00 00 c5 00 00 00 01 01 00 00 9b 01 00 00 b1 00 00 00 7f 01 00 00 67 01 00 00 9b 01 00 00 61 00 00 00 37 01 00 00 4f 01 00 00 9b 01 00 00 89 00 00 00 1f 01 00 00 e3 00 00 00 19 05 02 00 05 32 01 60 40 00 00 00 f8 52 35 c8 f7 7f 00 00 56 48 83 ec 20 c5 f8 77 41 0f b6 c0 83 f8 1e 0f 87 8e 01 00 00 8b c0 48 8d 0d c2 01 00 00 8b 0c 81 48 8d 15 e0 ff ff ff 48 03 ca ff e1 c5 f9 2e c1 0f 9b c0 7a 03 0f 94 c0 0f b6 c0 e9 5c 01 00 00 c5 f9 2e c1 0f 9b c0 7a 03 0f 94 c0 0f b6 c0 e9 48 01 00 00 c5 f9 2e c1 0f 9b c0 7a 03 0f 94 c0 0f b6 c0 e9 34 01 00 00 c5 f9 2e c1 0f 9b c0 7a 03 0f 94 c0 0f b6 c0 e9 20 01 00 00 c5 f9 2e c1 0f 9a c0 7a 03 0f 95 c0 0f b6 c0 e9 0c 01 00 00 c5 f9 2e c1 0f 9a c0 7a 03 0f 95 c0 0f b6 c0 e9 f8 00 00 00 c5 f9 2e c1 0f 9a c0 7a 03 0f 95 c0 0f b6 c0 e9 e4 00 00 00 c5 f9 2e c1 0f 9a c0 7a 03 0f 95 c0 0f b6 c0 e9 d0 00 00 00 c5 f9 2e c8 0f 97 c0 0f b6 c0 e9 c1 00 00 00 c5 f9 2e c8 0f 97 c0 0f b6 c0 e9 b2 00 00 00 c5 f9 2e c1 0f 97 c0 0f b6 c0 e9 a3 00 00 00 c5 f9 2e c1 0f 97 c0 0f b6 c0 e9 94 00 00 00 c5 f9 2e c8 0f 93 c0 0f b6 c0 e9 85 00 00 00 c5 f9 2e c8 0f 93 c0 0f b6 c0 e9 76 00 00 00 c5 f9 2e c1 0f 93 c0 0f b6 c0 eb 6a c5 f9 2e c1 0f 93 c0 0f b6 c0 eb 5e c5 f9 2e c1 0f 92 c0 0f b6 c0 eb 52 c5 f9 2e c1 0f 92 c0 0f b6 c0 eb 46 c5 f9 2e c1 0f 96 c0 0f b6 c0 eb 3a c5 f9 2e c1 0f 96 c0 0f b6 c0 eb 2e c5 f9 2e c8 0f 92 c0 0f b6 c0 eb 22 c5 f9 2e c8 0f 92 c0 0f b6 c0 eb 16 c5 f9 2e c8 0f 96 c0 0f b6 c0 eb 0a c5 f9 2e c8 0f 96 c0 0f b6 c0 48 83 c4 20 5e c3 48 b9 48 02 99 c7 f7 7f 00 00 e8 7e 81 00 5f 48 8b f0 48 8b ce e8 eb ad 51 ff 48 8b ce e8 bb cd f7 5e cc cc cc cc cc cc cc cc cc cc cc cc cc cc cc cc cc cc cc cc cc cc cc cc cc 00 00 25 00 00 00 d4 00 00 00 10 01 00 00 9b 01 00 00 9d 00 00 00 8b 01 00 00 73 01 00 00 9b 01 00 00 4d 00 00 00 43 01 00 00 5b 01 00 00 9b 01 00 00 75 00 00 00 2b 01 00 00 f2 00 00 00 9b 01 00 00 39 00 00 00 c5 00 00 00 01 01 00 00 9b 01 00 00 b1 00 00 00 7f 01 00 00 67 01 00 00 9b 01 00 00 61 00 00 00 37 01 00 00 4f 01 00 00 9b 01 00 00 89 00 00 00 1f 01 00 00 e3 00 00 00 19 05 02 00 05 32 01 60 40 00 00 00 c0 53 35 c8 f7 7f 00 00 c5 f8 77 66 90 48 b8 70 8c 4b 27 f8 7f 00 00 48 ff e0 00 00 19 00 00 00 40 00 00 00 00 00 00 00 00 00 00
29        | 7ff7c825e630h   | 1507    | hex://gmath/fmath?sqrt#sqrt_(32f)                                                         | float sqrt(float src)                                                                     | c5 f8 77 66 90 c5 fa 51 c0 c3 cc 00 19 00 00 00 40 00 00 00 00 00 00 00 80 50 35 c8 f7 7f 00 00 c5 f8 77 66 90 c5 fb 51 c0 c3 cc 00 19 00 00 00 40 00 00 00 00 00 00 00 d0 50 35 c8 f7 7f 00 00 c5 f8 77 66 90 c5 fa 5c c1 c3 cc 00 19 00 00 00 40 00 00 00 00 00 00 00 20 51 35 c8 f7 7f 00 00 c5 f8 77 66 90 c5 fb 5c c1 c3 cc 00 19 00 00 00 40 00 00 00 00 00 00 00 70 51 35 c8 f7 7f 00 00 c5 f8 77 66 90 c5 f8 2e c1 72 0c c5 f8 2e d0 0f 93 c0 0f b6 c0 eb 02 33 c0 0f b6 c0 c3 cc cc 00 19 00 00 00 40 00 00 00 d0 51 35 c8 f7 7f 00 00 c5 f8 77 66 90 c5 f9 2e c1 72 0c c5 f9 2e d0 0f 93 c0 0f b6 c0 eb 02 33 c0 0f b6 c0 c3 cc cc 00 19 00 00 00 40 00 00 00 48 52 35 c8 f7 7f 00 00 56 48 83 ec 20 c5 f8 77 41 0f b6 c0 83 f8 1e 0f 87 8e 01 00 00 8b c0 48 8d 0d c2 01 00 00 8b 0c 81 48 8d 15 e0 ff ff ff 48 03 ca ff e1 c5 f8 2e c1 0f 9b c0 7a 03 0f 94 c0 0f b6 c0 e9 5c 01 00 00 c5 f8 2e c1 0f 9b c0 7a 03 0f 94 c0 0f b6 c0 e9 48 01 00 00 c5 f8 2e c1 0f 9b c0 7a 03 0f 94 c0 0f b6 c0 e9 34 01 00 00 c5 f8 2e c1 0f 9b c0 7a 03 0f 94 c0 0f b6 c0 e9 20 01 00 00 c5 f8 2e c1 0f 9a c0 7a 03 0f 95 c0 0f b6 c0 e9 0c 01 00 00 c5 f8 2e c1 0f 9a c0 7a 03 0f 95 c0 0f b6 c0 e9 f8 00 00 00 c5 f8 2e c1 0f 9a c0 7a 03 0f 95 c0 0f b6 c0 e9 e4 00 00 00 c5 f8 2e c1 0f 9a c0 7a 03 0f 95 c0 0f b6 c0 e9 d0 00 00 00 c5 f8 2e c8 0f 97 c0 0f b6 c0 e9 c1 00 00 00 c5 f8 2e c8 0f 97 c0 0f b6 c0 e9 b2 00 00 00 c5 f8 2e c1 0f 97 c0 0f b6 c0 e9 a3 00 00 00 c5 f8 2e c1 0f 97 c0 0f b6 c0 e9 94 00 00 00 c5 f8 2e c8 0f 93 c0 0f b6 c0 e9 85 00 00 00 c5 f8 2e c8 0f 93 c0 0f b6 c0 e9 76 00 00 00 c5 f8 2e c1 0f 93 c0 0f b6 c0 eb 6a c5 f8 2e c1 0f 93 c0 0f b6 c0 eb 5e c5 f8 2e c1 0f 92 c0 0f b6 c0 eb 52 c5 f8 2e c1 0f 92 c0 0f b6 c0 eb 46 c5 f8 2e c1 0f 96 c0 0f b6 c0 eb 3a c5 f8 2e c1 0f 96 c0 0f b6 c0 eb 2e c5 f8 2e c8 0f 92 c0 0f b6 c0 eb 22 c5 f8 2e c8 0f 92 c0 0f b6 c0 eb 16 c5 f8 2e c8 0f 96 c0 0f b6 c0 eb 0a c5 f8 2e c8 0f 96 c0 0f b6 c0 48 83 c4 20 5e c3 48 b9 48 02 99 c7 f7 7f 00 00 e8 ee 83 00 5f 48 8b f0 48 8b ce e8 5b b0 51 ff 48 8b ce e8 2b d0 f7 5e cc cc cc cc cc cc cc cc cc cc cc cc cc cc cc cc cc cc cc cc cc cc cc cc cc 00 00 25 00 00 00 d4 00 00 00 10 01 00 00 9b 01 00 00 9d 00 00 00 8b 01 00 00 73 01 00 00 9b 01 00 00 4d 00 00 00 43 01 00 00 5b 01 00 00 9b 01 00 00 75 00 00 00 2b 01 00 00 f2 00 00 00 9b 01 00 00 39 00 00 00 c5 00 00 00 01 01 00 00 9b 01 00 00 b1 00 00 00 7f 01 00 00 67 01 00 00 9b 01 00 00 61 00 00 00 37 01 00 00 4f 01 00 00 9b 01 00 00 89 00 00 00 1f 01 00 00 e3 00 00 00 19 05 02 00 05 32 01 60 40 00 00 00 f8 52 35 c8 f7 7f 00 00 56 48 83 ec 20 c5 f8 77 41 0f b6 c0 83 f8 1e 0f 87 8e 01 00 00 8b c0 48 8d 0d c2 01 00 00 8b 0c 81 48 8d 15 e0 ff ff ff 48 03 ca ff e1 c5 f9 2e c1 0f 9b c0 7a 03 0f 94 c0 0f b6 c0 e9 5c 01 00 00 c5 f9 2e c1 0f 9b c0 7a 03 0f 94 c0 0f b6 c0 e9 48 01 00 00 c5 f9 2e c1 0f 9b c0 7a 03 0f 94 c0 0f b6 c0 e9 34 01 00 00 c5 f9 2e c1 0f 9b c0 7a 03 0f 94 c0 0f b6 c0 e9 20 01 00 00 c5 f9 2e c1 0f 9a c0 7a 03 0f 95 c0 0f b6 c0 e9 0c 01 00 00 c5 f9 2e c1 0f 9a c0 7a 03 0f 95 c0 0f b6 c0 e9 f8 00 00 00 c5 f9 2e c1 0f 9a c0 7a 03 0f 95 c0 0f b6 c0 e9 e4 00 00 00 c5 f9 2e c1 0f 9a c0 7a 03 0f 95 c0 0f b6 c0 e9 d0 00 00 00 c5 f9 2e c8 0f 97 c0 0f b6 c0 e9 c1 00 00 00 c5 f9 2e c8 0f 97 c0 0f b6 c0 e9 b2 00 00 00 c5 f9 2e c1 0f 97 c0 0f b6 c0 e9 a3 00 00 00 c5 f9 2e c1 0f 97 c0 0f b6 c0 e9 94 00 00 00 c5 f9 2e c8 0f 93 c0 0f b6 c0 e9 85 00 00 00 c5 f9 2e c8 0f 93 c0 0f b6 c0 e9 76 00 00 00 c5 f9 2e c1 0f 93 c0 0f b6 c0 eb 6a c5 f9 2e c1 0f 93 c0 0f b6 c0 eb 5e c5 f9 2e c1 0f 92 c0 0f b6 c0 eb 52 c5 f9 2e c1 0f 92 c0 0f b6 c0 eb 46 c5 f9 2e c1 0f 96 c0 0f b6 c0 eb 3a c5 f9 2e c1 0f 96 c0 0f b6 c0 eb 2e c5 f9 2e c8 0f 92 c0 0f b6 c0 eb 22 c5 f9 2e c8 0f 92 c0 0f b6 c0 eb 16 c5 f9 2e c8 0f 96 c0 0f b6 c0 eb 0a c5 f9 2e c8 0f 96 c0 0f b6 c0 48 83 c4 20 5e c3 48 b9 48 02 99 c7 f7 7f 00 00 e8 7e 81 00 5f 48 8b f0 48 8b ce e8 eb ad 51 ff 48 8b ce e8 bb cd f7 5e cc cc cc cc cc cc cc cc cc cc cc cc cc cc cc cc cc cc cc cc cc cc cc cc cc 00 00 25 00 00 00 d4 00 00 00 10 01 00 00 9b 01 00 00 9d 00 00 00 8b 01 00 00 73 01 00 00 9b 01 00 00 4d 00 00 00 43 01 00 00 5b 01 00 00 9b 01 00 00 75 00 00 00 2b 01 00 00 f2 00 00 00 9b 01 00 00 39 00 00 00 c5 00 00 00 01 01 00 00 9b 01 00 00 b1 00 00 00 7f 01 00 00 67 01 00 00 9b 01 00 00 61 00 00 00 37 01 00 00 4f 01 00 00 9b 01 00 00 89 00 00 00 1f 01 00 00 e3 00 00 00 19 05 02 00 05 32 01 60 40 00 00 00 c0 53 35 c8 f7 7f 00 00 c5 f8 77 66 90 48 b8 70 8c 4b 27 f8 7f 00 00 48 ff e0 00 00 19 00 00 00 40 00 00 00 00 00 00 00 00 00 00
30        | 7ff7c825e650h   | 1475    | hex://gmath/fmath?sqrt#sqrt_(64f)                                                         | double sqrt(double src)                                                                   | c5 f8 77 66 90 c5 fb 51 c0 c3 cc 00 19 00 00 00 40 00 00 00 00 00 00 00 d0 50 35 c8 f7 7f 00 00 c5 f8 77 66 90 c5 fa 5c c1 c3 cc 00 19 00 00 00 40 00 00 00 00 00 00 00 20 51 35 c8 f7 7f 00 00 c5 f8 77 66 90 c5 fb 5c c1 c3 cc 00 19 00 00 00 40 00 00 00 00 00 00 00 70 51 35 c8 f7 7f 00 00 c5 f8 77 66 90 c5 f8 2e c1 72 0c c5 f8 2e d0 0f 93 c0 0f b6 c0 eb 02 33 c0 0f b6 c0 c3 cc cc 00 19 00 00 00 40 00 00 00 d0 51 35 c8 f7 7f 00 00 c5 f8 77 66 90 c5 f9 2e c1 72 0c c5 f9 2e d0 0f 93 c0 0f b6 c0 eb 02 33 c0 0f b6 c0 c3 cc cc 00 19 00 00 00 40 00 00 00 48 52 35 c8 f7 7f 00 00 56 48 83 ec 20 c5 f8 77 41 0f b6 c0 83 f8 1e 0f 87 8e 01 00 00 8b c0 48 8d 0d c2 01 00 00 8b 0c 81 48 8d 15 e0 ff ff ff 48 03 ca ff e1 c5 f8 2e c1 0f 9b c0 7a 03 0f 94 c0 0f b6 c0 e9 5c 01 00 00 c5 f8 2e c1 0f 9b c0 7a 03 0f 94 c0 0f b6 c0 e9 48 01 00 00 c5 f8 2e c1 0f 9b c0 7a 03 0f 94 c0 0f b6 c0 e9 34 01 00 00 c5 f8 2e c1 0f 9b c0 7a 03 0f 94 c0 0f b6 c0 e9 20 01 00 00 c5 f8 2e c1 0f 9a c0 7a 03 0f 95 c0 0f b6 c0 e9 0c 01 00 00 c5 f8 2e c1 0f 9a c0 7a 03 0f 95 c0 0f b6 c0 e9 f8 00 00 00 c5 f8 2e c1 0f 9a c0 7a 03 0f 95 c0 0f b6 c0 e9 e4 00 00 00 c5 f8 2e c1 0f 9a c0 7a 03 0f 95 c0 0f b6 c0 e9 d0 00 00 00 c5 f8 2e c8 0f 97 c0 0f b6 c0 e9 c1 00 00 00 c5 f8 2e c8 0f 97 c0 0f b6 c0 e9 b2 00 00 00 c5 f8 2e c1 0f 97 c0 0f b6 c0 e9 a3 00 00 00 c5 f8 2e c1 0f 97 c0 0f b6 c0 e9 94 00 00 00 c5 f8 2e c8 0f 93 c0 0f b6 c0 e9 85 00 00 00 c5 f8 2e c8 0f 93 c0 0f b6 c0 e9 76 00 00 00 c5 f8 2e c1 0f 93 c0 0f b6 c0 eb 6a c5 f8 2e c1 0f 93 c0 0f b6 c0 eb 5e c5 f8 2e c1 0f 92 c0 0f b6 c0 eb 52 c5 f8 2e c1 0f 92 c0 0f b6 c0 eb 46 c5 f8 2e c1 0f 96 c0 0f b6 c0 eb 3a c5 f8 2e c1 0f 96 c0 0f b6 c0 eb 2e c5 f8 2e c8 0f 92 c0 0f b6 c0 eb 22 c5 f8 2e c8 0f 92 c0 0f b6 c0 eb 16 c5 f8 2e c8 0f 96 c0 0f b6 c0 eb 0a c5 f8 2e c8 0f 96 c0 0f b6 c0 48 83 c4 20 5e c3 48 b9 48 02 99 c7 f7 7f 00 00 e8 ee 83 00 5f 48 8b f0 48 8b ce e8 5b b0 51 ff 48 8b ce e8 2b d0 f7 5e cc cc cc cc cc cc cc cc cc cc cc cc cc cc cc cc cc cc cc cc cc cc cc cc cc 00 00 25 00 00 00 d4 00 00 00 10 01 00 00 9b 01 00 00 9d 00 00 00 8b 01 00 00 73 01 00 00 9b 01 00 00 4d 00 00 00 43 01 00 00 5b 01 00 00 9b 01 00 00 75 00 00 00 2b 01 00 00 f2 00 00 00 9b 01 00 00 39 00 00 00 c5 00 00 00 01 01 00 00 9b 01 00 00 b1 00 00 00 7f 01 00 00 67 01 00 00 9b 01 00 00 61 00 00 00 37 01 00 00 4f 01 00 00 9b 01 00 00 89 00 00 00 1f 01 00 00 e3 00 00 00 19 05 02 00 05 32 01 60 40 00 00 00 f8 52 35 c8 f7 7f 00 00 56 48 83 ec 20 c5 f8 77 41 0f b6 c0 83 f8 1e 0f 87 8e 01 00 00 8b c0 48 8d 0d c2 01 00 00 8b 0c 81 48 8d 15 e0 ff ff ff 48 03 ca ff e1 c5 f9 2e c1 0f 9b c0 7a 03 0f 94 c0 0f b6 c0 e9 5c 01 00 00 c5 f9 2e c1 0f 9b c0 7a 03 0f 94 c0 0f b6 c0 e9 48 01 00 00 c5 f9 2e c1 0f 9b c0 7a 03 0f 94 c0 0f b6 c0 e9 34 01 00 00 c5 f9 2e c1 0f 9b c0 7a 03 0f 94 c0 0f b6 c0 e9 20 01 00 00 c5 f9 2e c1 0f 9a c0 7a 03 0f 95 c0 0f b6 c0 e9 0c 01 00 00 c5 f9 2e c1 0f 9a c0 7a 03 0f 95 c0 0f b6 c0 e9 f8 00 00 00 c5 f9 2e c1 0f 9a c0 7a 03 0f 95 c0 0f b6 c0 e9 e4 00 00 00 c5 f9 2e c1 0f 9a c0 7a 03 0f 95 c0 0f b6 c0 e9 d0 00 00 00 c5 f9 2e c8 0f 97 c0 0f b6 c0 e9 c1 00 00 00 c5 f9 2e c8 0f 97 c0 0f b6 c0 e9 b2 00 00 00 c5 f9 2e c1 0f 97 c0 0f b6 c0 e9 a3 00 00 00 c5 f9 2e c1 0f 97 c0 0f b6 c0 e9 94 00 00 00 c5 f9 2e c8 0f 93 c0 0f b6 c0 e9 85 00 00 00 c5 f9 2e c8 0f 93 c0 0f b6 c0 e9 76 00 00 00 c5 f9 2e c1 0f 93 c0 0f b6 c0 eb 6a c5 f9 2e c1 0f 93 c0 0f b6 c0 eb 5e c5 f9 2e c1 0f 92 c0 0f b6 c0 eb 52 c5 f9 2e c1 0f 92 c0 0f b6 c0 eb 46 c5 f9 2e c1 0f 96 c0 0f b6 c0 eb 3a c5 f9 2e c1 0f 96 c0 0f b6 c0 eb 2e c5 f9 2e c8 0f 92 c0 0f b6 c0 eb 22 c5 f9 2e c8 0f 92 c0 0f b6 c0 eb 16 c5 f9 2e c8 0f 96 c0 0f b6 c0 eb 0a c5 f9 2e c8 0f 96 c0 0f b6 c0 48 83 c4 20 5e c3 48 b9 48 02 99 c7 f7 7f 00 00 e8 7e 81 00 5f 48 8b f0 48 8b ce e8 eb ad 51 ff 48 8b ce e8 bb cd f7 5e cc cc cc cc cc cc cc cc cc cc cc cc cc cc cc cc cc cc cc cc cc cc cc cc cc 00 00 25 00 00 00 d4 00 00 00 10 01 00 00 9b 01 00 00 9d 00 00 00 8b 01 00 00 73 01 00 00 9b 01 00 00 4d 00 00 00 43 01 00 00 5b 01 00 00 9b 01 00 00 75 00 00 00 2b 01 00 00 f2 00 00 00 9b 01 00 00 39 00 00 00 c5 00 00 00 01 01 00 00 9b 01 00 00 b1 00 00 00 7f 01 00 00 67 01 00 00 9b 01 00 00 61 00 00 00 37 01 00 00 4f 01 00 00 9b 01 00 00 89 00 00 00 1f 01 00 00 e3 00 00 00 19 05 02 00 05 32 01 60 40 00 00 00 c0 53 35 c8 f7 7f 00 00 c5 f8 77 66 90 48 b8 70 8c 4b 27 f8 7f 00 00 48 ff e0 00 00 19 00 00 00 40 00 00 00 00 00 00 00 00 00 00
31        | 7ff7c825e670h   | 1443    | hex://gmath/fmath?sub#sub_(32f,32f)                                                       | float sub(float a, float b)                                                               | c5 f8 77 66 90 c5 fa 5c c1 c3 cc 00 19 00 00 00 40 00 00 00 00 00 00 00 20 51 35 c8 f7 7f 00 00 c5 f8 77 66 90 c5 fb 5c c1 c3 cc 00 19 00 00 00 40 00 00 00 00 00 00 00 70 51 35 c8 f7 7f 00 00 c5 f8 77 66 90 c5 f8 2e c1 72 0c c5 f8 2e d0 0f 93 c0 0f b6 c0 eb 02 33 c0 0f b6 c0 c3 cc cc 00 19 00 00 00 40 00 00 00 d0 51 35 c8 f7 7f 00 00 c5 f8 77 66 90 c5 f9 2e c1 72 0c c5 f9 2e d0 0f 93 c0 0f b6 c0 eb 02 33 c0 0f b6 c0 c3 cc cc 00 19 00 00 00 40 00 00 00 48 52 35 c8 f7 7f 00 00 56 48 83 ec 20 c5 f8 77 41 0f b6 c0 83 f8 1e 0f 87 8e 01 00 00 8b c0 48 8d 0d c2 01 00 00 8b 0c 81 48 8d 15 e0 ff ff ff 48 03 ca ff e1 c5 f8 2e c1 0f 9b c0 7a 03 0f 94 c0 0f b6 c0 e9 5c 01 00 00 c5 f8 2e c1 0f 9b c0 7a 03 0f 94 c0 0f b6 c0 e9 48 01 00 00 c5 f8 2e c1 0f 9b c0 7a 03 0f 94 c0 0f b6 c0 e9 34 01 00 00 c5 f8 2e c1 0f 9b c0 7a 03 0f 94 c0 0f b6 c0 e9 20 01 00 00 c5 f8 2e c1 0f 9a c0 7a 03 0f 95 c0 0f b6 c0 e9 0c 01 00 00 c5 f8 2e c1 0f 9a c0 7a 03 0f 95 c0 0f b6 c0 e9 f8 00 00 00 c5 f8 2e c1 0f 9a c0 7a 03 0f 95 c0 0f b6 c0 e9 e4 00 00 00 c5 f8 2e c1 0f 9a c0 7a 03 0f 95 c0 0f b6 c0 e9 d0 00 00 00 c5 f8 2e c8 0f 97 c0 0f b6 c0 e9 c1 00 00 00 c5 f8 2e c8 0f 97 c0 0f b6 c0 e9 b2 00 00 00 c5 f8 2e c1 0f 97 c0 0f b6 c0 e9 a3 00 00 00 c5 f8 2e c1 0f 97 c0 0f b6 c0 e9 94 00 00 00 c5 f8 2e c8 0f 93 c0 0f b6 c0 e9 85 00 00 00 c5 f8 2e c8 0f 93 c0 0f b6 c0 e9 76 00 00 00 c5 f8 2e c1 0f 93 c0 0f b6 c0 eb 6a c5 f8 2e c1 0f 93 c0 0f b6 c0 eb 5e c5 f8 2e c1 0f 92 c0 0f b6 c0 eb 52 c5 f8 2e c1 0f 92 c0 0f b6 c0 eb 46 c5 f8 2e c1 0f 96 c0 0f b6 c0 eb 3a c5 f8 2e c1 0f 96 c0 0f b6 c0 eb 2e c5 f8 2e c8 0f 92 c0 0f b6 c0 eb 22 c5 f8 2e c8 0f 92 c0 0f b6 c0 eb 16 c5 f8 2e c8 0f 96 c0 0f b6 c0 eb 0a c5 f8 2e c8 0f 96 c0 0f b6 c0 48 83 c4 20 5e c3 48 b9 48 02 99 c7 f7 7f 00 00 e8 ee 83 00 5f 48 8b f0 48 8b ce e8 5b b0 51 ff 48 8b ce e8 2b d0 f7 5e cc cc cc cc cc cc cc cc cc cc cc cc cc cc cc cc cc cc cc cc cc cc cc cc cc 00 00 25 00 00 00 d4 00 00 00 10 01 00 00 9b 01 00 00 9d 00 00 00 8b 01 00 00 73 01 00 00 9b 01 00 00 4d 00 00 00 43 01 00 00 5b 01 00 00 9b 01 00 00 75 00 00 00 2b 01 00 00 f2 00 00 00 9b 01 00 00 39 00 00 00 c5 00 00 00 01 01 00 00 9b 01 00 00 b1 00 00 00 7f 01 00 00 67 01 00 00 9b 01 00 00 61 00 00 00 37 01 00 00 4f 01 00 00 9b 01 00 00 89 00 00 00 1f 01 00 00 e3 00 00 00 19 05 02 00 05 32 01 60 40 00 00 00 f8 52 35 c8 f7 7f 00 00 56 48 83 ec 20 c5 f8 77 41 0f b6 c0 83 f8 1e 0f 87 8e 01 00 00 8b c0 48 8d 0d c2 01 00 00 8b 0c 81 48 8d 15 e0 ff ff ff 48 03 ca ff e1 c5 f9 2e c1 0f 9b c0 7a 03 0f 94 c0 0f b6 c0 e9 5c 01 00 00 c5 f9 2e c1 0f 9b c0 7a 03 0f 94 c0 0f b6 c0 e9 48 01 00 00 c5 f9 2e c1 0f 9b c0 7a 03 0f 94 c0 0f b6 c0 e9 34 01 00 00 c5 f9 2e c1 0f 9b c0 7a 03 0f 94 c0 0f b6 c0 e9 20 01 00 00 c5 f9 2e c1 0f 9a c0 7a 03 0f 95 c0 0f b6 c0 e9 0c 01 00 00 c5 f9 2e c1 0f 9a c0 7a 03 0f 95 c0 0f b6 c0 e9 f8 00 00 00 c5 f9 2e c1 0f 9a c0 7a 03 0f 95 c0 0f b6 c0 e9 e4 00 00 00 c5 f9 2e c1 0f 9a c0 7a 03 0f 95 c0 0f b6 c0 e9 d0 00 00 00 c5 f9 2e c8 0f 97 c0 0f b6 c0 e9 c1 00 00 00 c5 f9 2e c8 0f 97 c0 0f b6 c0 e9 b2 00 00 00 c5 f9 2e c1 0f 97 c0 0f b6 c0 e9 a3 00 00 00 c5 f9 2e c1 0f 97 c0 0f b6 c0 e9 94 00 00 00 c5 f9 2e c8 0f 93 c0 0f b6 c0 e9 85 00 00 00 c5 f9 2e c8 0f 93 c0 0f b6 c0 e9 76 00 00 00 c5 f9 2e c1 0f 93 c0 0f b6 c0 eb 6a c5 f9 2e c1 0f 93 c0 0f b6 c0 eb 5e c5 f9 2e c1 0f 92 c0 0f b6 c0 eb 52 c5 f9 2e c1 0f 92 c0 0f b6 c0 eb 46 c5 f9 2e c1 0f 96 c0 0f b6 c0 eb 3a c5 f9 2e c1 0f 96 c0 0f b6 c0 eb 2e c5 f9 2e c8 0f 92 c0 0f b6 c0 eb 22 c5 f9 2e c8 0f 92 c0 0f b6 c0 eb 16 c5 f9 2e c8 0f 96 c0 0f b6 c0 eb 0a c5 f9 2e c8 0f 96 c0 0f b6 c0 48 83 c4 20 5e c3 48 b9 48 02 99 c7 f7 7f 00 00 e8 7e 81 00 5f 48 8b f0 48 8b ce e8 eb ad 51 ff 48 8b ce e8 bb cd f7 5e cc cc cc cc cc cc cc cc cc cc cc cc cc cc cc cc cc cc cc cc cc cc cc cc cc 00 00 25 00 00 00 d4 00 00 00 10 01 00 00 9b 01 00 00 9d 00 00 00 8b 01 00 00 73 01 00 00 9b 01 00 00 4d 00 00 00 43 01 00 00 5b 01 00 00 9b 01 00 00 75 00 00 00 2b 01 00 00 f2 00 00 00 9b 01 00 00 39 00 00 00 c5 00 00 00 01 01 00 00 9b 01 00 00 b1 00 00 00 7f 01 00 00 67 01 00 00 9b 01 00 00 61 00 00 00 37 01 00 00 4f 01 00 00 9b 01 00 00 89 00 00 00 1f 01 00 00 e3 00 00 00 19 05 02 00 05 32 01 60 40 00 00 00 c0 53 35 c8 f7 7f 00 00 c5 f8 77 66 90 48 b8 70 8c 4b 27 f8 7f 00 00 48 ff e0 00 00 19 00 00 00 40 00 00 00 00 00 00 00 00 00 00
32        | 7ff7c825e690h   | 1411    | hex://gmath/fmath?sub#sub_(64f,64f)                                                       | double sub(double a, double b)                                                            | c5 f8 77 66 90 c5 fb 5c c1 c3 cc 00 19 00 00 00 40 00 00 00 00 00 00 00 70 51 35 c8 f7 7f 00 00 c5 f8 77 66 90 c5 f8 2e c1 72 0c c5 f8 2e d0 0f 93 c0 0f b6 c0 eb 02 33 c0 0f b6 c0 c3 cc cc 00 19 00 00 00 40 00 00 00 d0 51 35 c8 f7 7f 00 00 c5 f8 77 66 90 c5 f9 2e c1 72 0c c5 f9 2e d0 0f 93 c0 0f b6 c0 eb 02 33 c0 0f b6 c0 c3 cc cc 00 19 00 00 00 40 00 00 00 48 52 35 c8 f7 7f 00 00 56 48 83 ec 20 c5 f8 77 41 0f b6 c0 83 f8 1e 0f 87 8e 01 00 00 8b c0 48 8d 0d c2 01 00 00 8b 0c 81 48 8d 15 e0 ff ff ff 48 03 ca ff e1 c5 f8 2e c1 0f 9b c0 7a 03 0f 94 c0 0f b6 c0 e9 5c 01 00 00 c5 f8 2e c1 0f 9b c0 7a 03 0f 94 c0 0f b6 c0 e9 48 01 00 00 c5 f8 2e c1 0f 9b c0 7a 03 0f 94 c0 0f b6 c0 e9 34 01 00 00 c5 f8 2e c1 0f 9b c0 7a 03 0f 94 c0 0f b6 c0 e9 20 01 00 00 c5 f8 2e c1 0f 9a c0 7a 03 0f 95 c0 0f b6 c0 e9 0c 01 00 00 c5 f8 2e c1 0f 9a c0 7a 03 0f 95 c0 0f b6 c0 e9 f8 00 00 00 c5 f8 2e c1 0f 9a c0 7a 03 0f 95 c0 0f b6 c0 e9 e4 00 00 00 c5 f8 2e c1 0f 9a c0 7a 03 0f 95 c0 0f b6 c0 e9 d0 00 00 00 c5 f8 2e c8 0f 97 c0 0f b6 c0 e9 c1 00 00 00 c5 f8 2e c8 0f 97 c0 0f b6 c0 e9 b2 00 00 00 c5 f8 2e c1 0f 97 c0 0f b6 c0 e9 a3 00 00 00 c5 f8 2e c1 0f 97 c0 0f b6 c0 e9 94 00 00 00 c5 f8 2e c8 0f 93 c0 0f b6 c0 e9 85 00 00 00 c5 f8 2e c8 0f 93 c0 0f b6 c0 e9 76 00 00 00 c5 f8 2e c1 0f 93 c0 0f b6 c0 eb 6a c5 f8 2e c1 0f 93 c0 0f b6 c0 eb 5e c5 f8 2e c1 0f 92 c0 0f b6 c0 eb 52 c5 f8 2e c1 0f 92 c0 0f b6 c0 eb 46 c5 f8 2e c1 0f 96 c0 0f b6 c0 eb 3a c5 f8 2e c1 0f 96 c0 0f b6 c0 eb 2e c5 f8 2e c8 0f 92 c0 0f b6 c0 eb 22 c5 f8 2e c8 0f 92 c0 0f b6 c0 eb 16 c5 f8 2e c8 0f 96 c0 0f b6 c0 eb 0a c5 f8 2e c8 0f 96 c0 0f b6 c0 48 83 c4 20 5e c3 48 b9 48 02 99 c7 f7 7f 00 00 e8 ee 83 00 5f 48 8b f0 48 8b ce e8 5b b0 51 ff 48 8b ce e8 2b d0 f7 5e cc cc cc cc cc cc cc cc cc cc cc cc cc cc cc cc cc cc cc cc cc cc cc cc cc 00 00 25 00 00 00 d4 00 00 00 10 01 00 00 9b 01 00 00 9d 00 00 00 8b 01 00 00 73 01 00 00 9b 01 00 00 4d 00 00 00 43 01 00 00 5b 01 00 00 9b 01 00 00 75 00 00 00 2b 01 00 00 f2 00 00 00 9b 01 00 00 39 00 00 00 c5 00 00 00 01 01 00 00 9b 01 00 00 b1 00 00 00 7f 01 00 00 67 01 00 00 9b 01 00 00 61 00 00 00 37 01 00 00 4f 01 00 00 9b 01 00 00 89 00 00 00 1f 01 00 00 e3 00 00 00 19 05 02 00 05 32 01 60 40 00 00 00 f8 52 35 c8 f7 7f 00 00 56 48 83 ec 20 c5 f8 77 41 0f b6 c0 83 f8 1e 0f 87 8e 01 00 00 8b c0 48 8d 0d c2 01 00 00 8b 0c 81 48 8d 15 e0 ff ff ff 48 03 ca ff e1 c5 f9 2e c1 0f 9b c0 7a 03 0f 94 c0 0f b6 c0 e9 5c 01 00 00 c5 f9 2e c1 0f 9b c0 7a 03 0f 94 c0 0f b6 c0 e9 48 01 00 00 c5 f9 2e c1 0f 9b c0 7a 03 0f 94 c0 0f b6 c0 e9 34 01 00 00 c5 f9 2e c1 0f 9b c0 7a 03 0f 94 c0 0f b6 c0 e9 20 01 00 00 c5 f9 2e c1 0f 9a c0 7a 03 0f 95 c0 0f b6 c0 e9 0c 01 00 00 c5 f9 2e c1 0f 9a c0 7a 03 0f 95 c0 0f b6 c0 e9 f8 00 00 00 c5 f9 2e c1 0f 9a c0 7a 03 0f 95 c0 0f b6 c0 e9 e4 00 00 00 c5 f9 2e c1 0f 9a c0 7a 03 0f 95 c0 0f b6 c0 e9 d0 00 00 00 c5 f9 2e c8 0f 97 c0 0f b6 c0 e9 c1 00 00 00 c5 f9 2e c8 0f 97 c0 0f b6 c0 e9 b2 00 00 00 c5 f9 2e c1 0f 97 c0 0f b6 c0 e9 a3 00 00 00 c5 f9 2e c1 0f 97 c0 0f b6 c0 e9 94 00 00 00 c5 f9 2e c8 0f 93 c0 0f b6 c0 e9 85 00 00 00 c5 f9 2e c8 0f 93 c0 0f b6 c0 e9 76 00 00 00 c5 f9 2e c1 0f 93 c0 0f b6 c0 eb 6a c5 f9 2e c1 0f 93 c0 0f b6 c0 eb 5e c5 f9 2e c1 0f 92 c0 0f b6 c0 eb 52 c5 f9 2e c1 0f 92 c0 0f b6 c0 eb 46 c5 f9 2e c1 0f 96 c0 0f b6 c0 eb 3a c5 f9 2e c1 0f 96 c0 0f b6 c0 eb 2e c5 f9 2e c8 0f 92 c0 0f b6 c0 eb 22 c5 f9 2e c8 0f 92 c0 0f b6 c0 eb 16 c5 f9 2e c8 0f 96 c0 0f b6 c0 eb 0a c5 f9 2e c8 0f 96 c0 0f b6 c0 48 83 c4 20 5e c3 48 b9 48 02 99 c7 f7 7f 00 00 e8 7e 81 00 5f 48 8b f0 48 8b ce e8 eb ad 51 ff 48 8b ce e8 bb cd f7 5e cc cc cc cc cc cc cc cc cc cc cc cc cc cc cc cc cc cc cc cc cc cc cc cc cc 00 00 25 00 00 00 d4 00 00 00 10 01 00 00 9b 01 00 00 9d 00 00 00 8b 01 00 00 73 01 00 00 9b 01 00 00 4d 00 00 00 43 01 00 00 5b 01 00 00 9b 01 00 00 75 00 00 00 2b 01 00 00 f2 00 00 00 9b 01 00 00 39 00 00 00 c5 00 00 00 01 01 00 00 9b 01 00 00 b1 00 00 00 7f 01 00 00 67 01 00 00 9b 01 00 00 61 00 00 00 37 01 00 00 4f 01 00 00 9b 01 00 00 89 00 00 00 1f 01 00 00 e3 00 00 00 19 05 02 00 05 32 01 60 40 00 00 00 c0 53 35 c8 f7 7f 00 00 c5 f8 77 66 90 48 b8 70 8c 4b 27 f8 7f 00 00 48 ff e0 00 00 19 00 00 00 40 00 00 00 00 00 00 00 00 00 00
33        | 7ff7c825e6b0h   | 1379    | hex://gmath/fmath?between#between_(32f,32f,32f)                                           | bit between(float x, float a, float b)                                                    | c5 f8 77 66 90 c5 f8 2e c1 72 0c c5 f8 2e d0 0f 93 c0 0f b6 c0 eb 02 33 c0 0f b6 c0 c3 cc cc 00 19 00 00 00 40 00 00 00 d0 51 35 c8 f7 7f 00 00 c5 f8 77 66 90 c5 f9 2e c1 72 0c c5 f9 2e d0 0f 93 c0 0f b6 c0 eb 02 33 c0 0f b6 c0 c3 cc cc 00 19 00 00 00 40 00 00 00 48 52 35 c8 f7 7f 00 00 56 48 83 ec 20 c5 f8 77 41 0f b6 c0 83 f8 1e 0f 87 8e 01 00 00 8b c0 48 8d 0d c2 01 00 00 8b 0c 81 48 8d 15 e0 ff ff ff 48 03 ca ff e1 c5 f8 2e c1 0f 9b c0 7a 03 0f 94 c0 0f b6 c0 e9 5c 01 00 00 c5 f8 2e c1 0f 9b c0 7a 03 0f 94 c0 0f b6 c0 e9 48 01 00 00 c5 f8 2e c1 0f 9b c0 7a 03 0f 94 c0 0f b6 c0 e9 34 01 00 00 c5 f8 2e c1 0f 9b c0 7a 03 0f 94 c0 0f b6 c0 e9 20 01 00 00 c5 f8 2e c1 0f 9a c0 7a 03 0f 95 c0 0f b6 c0 e9 0c 01 00 00 c5 f8 2e c1 0f 9a c0 7a 03 0f 95 c0 0f b6 c0 e9 f8 00 00 00 c5 f8 2e c1 0f 9a c0 7a 03 0f 95 c0 0f b6 c0 e9 e4 00 00 00 c5 f8 2e c1 0f 9a c0 7a 03 0f 95 c0 0f b6 c0 e9 d0 00 00 00 c5 f8 2e c8 0f 97 c0 0f b6 c0 e9 c1 00 00 00 c5 f8 2e c8 0f 97 c0 0f b6 c0 e9 b2 00 00 00 c5 f8 2e c1 0f 97 c0 0f b6 c0 e9 a3 00 00 00 c5 f8 2e c1 0f 97 c0 0f b6 c0 e9 94 00 00 00 c5 f8 2e c8 0f 93 c0 0f b6 c0 e9 85 00 00 00 c5 f8 2e c8 0f 93 c0 0f b6 c0 e9 76 00 00 00 c5 f8 2e c1 0f 93 c0 0f b6 c0 eb 6a c5 f8 2e c1 0f 93 c0 0f b6 c0 eb 5e c5 f8 2e c1 0f 92 c0 0f b6 c0 eb 52 c5 f8 2e c1 0f 92 c0 0f b6 c0 eb 46 c5 f8 2e c1 0f 96 c0 0f b6 c0 eb 3a c5 f8 2e c1 0f 96 c0 0f b6 c0 eb 2e c5 f8 2e c8 0f 92 c0 0f b6 c0 eb 22 c5 f8 2e c8 0f 92 c0 0f b6 c0 eb 16 c5 f8 2e c8 0f 96 c0 0f b6 c0 eb 0a c5 f8 2e c8 0f 96 c0 0f b6 c0 48 83 c4 20 5e c3 48 b9 48 02 99 c7 f7 7f 00 00 e8 ee 83 00 5f 48 8b f0 48 8b ce e8 5b b0 51 ff 48 8b ce e8 2b d0 f7 5e cc cc cc cc cc cc cc cc cc cc cc cc cc cc cc cc cc cc cc cc cc cc cc cc cc 00 00 25 00 00 00 d4 00 00 00 10 01 00 00 9b 01 00 00 9d 00 00 00 8b 01 00 00 73 01 00 00 9b 01 00 00 4d 00 00 00 43 01 00 00 5b 01 00 00 9b 01 00 00 75 00 00 00 2b 01 00 00 f2 00 00 00 9b 01 00 00 39 00 00 00 c5 00 00 00 01 01 00 00 9b 01 00 00 b1 00 00 00 7f 01 00 00 67 01 00 00 9b 01 00 00 61 00 00 00 37 01 00 00 4f 01 00 00 9b 01 00 00 89 00 00 00 1f 01 00 00 e3 00 00 00 19 05 02 00 05 32 01 60 40 00 00 00 f8 52 35 c8 f7 7f 00 00 56 48 83 ec 20 c5 f8 77 41 0f b6 c0 83 f8 1e 0f 87 8e 01 00 00 8b c0 48 8d 0d c2 01 00 00 8b 0c 81 48 8d 15 e0 ff ff ff 48 03 ca ff e1 c5 f9 2e c1 0f 9b c0 7a 03 0f 94 c0 0f b6 c0 e9 5c 01 00 00 c5 f9 2e c1 0f 9b c0 7a 03 0f 94 c0 0f b6 c0 e9 48 01 00 00 c5 f9 2e c1 0f 9b c0 7a 03 0f 94 c0 0f b6 c0 e9 34 01 00 00 c5 f9 2e c1 0f 9b c0 7a 03 0f 94 c0 0f b6 c0 e9 20 01 00 00 c5 f9 2e c1 0f 9a c0 7a 03 0f 95 c0 0f b6 c0 e9 0c 01 00 00 c5 f9 2e c1 0f 9a c0 7a 03 0f 95 c0 0f b6 c0 e9 f8 00 00 00 c5 f9 2e c1 0f 9a c0 7a 03 0f 95 c0 0f b6 c0 e9 e4 00 00 00 c5 f9 2e c1 0f 9a c0 7a 03 0f 95 c0 0f b6 c0 e9 d0 00 00 00 c5 f9 2e c8 0f 97 c0 0f b6 c0 e9 c1 00 00 00 c5 f9 2e c8 0f 97 c0 0f b6 c0 e9 b2 00 00 00 c5 f9 2e c1 0f 97 c0 0f b6 c0 e9 a3 00 00 00 c5 f9 2e c1 0f 97 c0 0f b6 c0 e9 94 00 00 00 c5 f9 2e c8 0f 93 c0 0f b6 c0 e9 85 00 00 00 c5 f9 2e c8 0f 93 c0 0f b6 c0 e9 76 00 00 00 c5 f9 2e c1 0f 93 c0 0f b6 c0 eb 6a c5 f9 2e c1 0f 93 c0 0f b6 c0 eb 5e c5 f9 2e c1 0f 92 c0 0f b6 c0 eb 52 c5 f9 2e c1 0f 92 c0 0f b6 c0 eb 46 c5 f9 2e c1 0f 96 c0 0f b6 c0 eb 3a c5 f9 2e c1 0f 96 c0 0f b6 c0 eb 2e c5 f9 2e c8 0f 92 c0 0f b6 c0 eb 22 c5 f9 2e c8 0f 92 c0 0f b6 c0 eb 16 c5 f9 2e c8 0f 96 c0 0f b6 c0 eb 0a c5 f9 2e c8 0f 96 c0 0f b6 c0 48 83 c4 20 5e c3 48 b9 48 02 99 c7 f7 7f 00 00 e8 7e 81 00 5f 48 8b f0 48 8b ce e8 eb ad 51 ff 48 8b ce e8 bb cd f7 5e cc cc cc cc cc cc cc cc cc cc cc cc cc cc cc cc cc cc cc cc cc cc cc cc cc 00 00 25 00 00 00 d4 00 00 00 10 01 00 00 9b 01 00 00 9d 00 00 00 8b 01 00 00 73 01 00 00 9b 01 00 00 4d 00 00 00 43 01 00 00 5b 01 00 00 9b 01 00 00 75 00 00 00 2b 01 00 00 f2 00 00 00 9b 01 00 00 39 00 00 00 c5 00 00 00 01 01 00 00 9b 01 00 00 b1 00 00 00 7f 01 00 00 67 01 00 00 9b 01 00 00 61 00 00 00 37 01 00 00 4f 01 00 00 9b 01 00 00 89 00 00 00 1f 01 00 00 e3 00 00 00 19 05 02 00 05 32 01 60 40 00 00 00 c0 53 35 c8 f7 7f 00 00 c5 f8 77 66 90 48 b8 70 8c 4b 27 f8 7f 00 00 48 ff e0 00 00 19 00 00 00 40 00 00 00 00 00 00 00 00 00 00
34        | 7ff7c825e6e0h   | 1331    | hex://gmath/fmath?between#between_(64f,64f,64f)                                           | bit between(double x, double a, double b)                                                 | c5 f8 77 66 90 c5 f9 2e c1 72 0c c5 f9 2e d0 0f 93 c0 0f b6 c0 eb 02 33 c0 0f b6 c0 c3 cc cc 00 19 00 00 00 40 00 00 00 48 52 35 c8 f7 7f 00 00 56 48 83 ec 20 c5 f8 77 41 0f b6 c0 83 f8 1e 0f 87 8e 01 00 00 8b c0 48 8d 0d c2 01 00 00 8b 0c 81 48 8d 15 e0 ff ff ff 48 03 ca ff e1 c5 f8 2e c1 0f 9b c0 7a 03 0f 94 c0 0f b6 c0 e9 5c 01 00 00 c5 f8 2e c1 0f 9b c0 7a 03 0f 94 c0 0f b6 c0 e9 48 01 00 00 c5 f8 2e c1 0f 9b c0 7a 03 0f 94 c0 0f b6 c0 e9 34 01 00 00 c5 f8 2e c1 0f 9b c0 7a 03 0f 94 c0 0f b6 c0 e9 20 01 00 00 c5 f8 2e c1 0f 9a c0 7a 03 0f 95 c0 0f b6 c0 e9 0c 01 00 00 c5 f8 2e c1 0f 9a c0 7a 03 0f 95 c0 0f b6 c0 e9 f8 00 00 00 c5 f8 2e c1 0f 9a c0 7a 03 0f 95 c0 0f b6 c0 e9 e4 00 00 00 c5 f8 2e c1 0f 9a c0 7a 03 0f 95 c0 0f b6 c0 e9 d0 00 00 00 c5 f8 2e c8 0f 97 c0 0f b6 c0 e9 c1 00 00 00 c5 f8 2e c8 0f 97 c0 0f b6 c0 e9 b2 00 00 00 c5 f8 2e c1 0f 97 c0 0f b6 c0 e9 a3 00 00 00 c5 f8 2e c1 0f 97 c0 0f b6 c0 e9 94 00 00 00 c5 f8 2e c8 0f 93 c0 0f b6 c0 e9 85 00 00 00 c5 f8 2e c8 0f 93 c0 0f b6 c0 e9 76 00 00 00 c5 f8 2e c1 0f 93 c0 0f b6 c0 eb 6a c5 f8 2e c1 0f 93 c0 0f b6 c0 eb 5e c5 f8 2e c1 0f 92 c0 0f b6 c0 eb 52 c5 f8 2e c1 0f 92 c0 0f b6 c0 eb 46 c5 f8 2e c1 0f 96 c0 0f b6 c0 eb 3a c5 f8 2e c1 0f 96 c0 0f b6 c0 eb 2e c5 f8 2e c8 0f 92 c0 0f b6 c0 eb 22 c5 f8 2e c8 0f 92 c0 0f b6 c0 eb 16 c5 f8 2e c8 0f 96 c0 0f b6 c0 eb 0a c5 f8 2e c8 0f 96 c0 0f b6 c0 48 83 c4 20 5e c3 48 b9 48 02 99 c7 f7 7f 00 00 e8 ee 83 00 5f 48 8b f0 48 8b ce e8 5b b0 51 ff 48 8b ce e8 2b d0 f7 5e cc cc cc cc cc cc cc cc cc cc cc cc cc cc cc cc cc cc cc cc cc cc cc cc cc 00 00 25 00 00 00 d4 00 00 00 10 01 00 00 9b 01 00 00 9d 00 00 00 8b 01 00 00 73 01 00 00 9b 01 00 00 4d 00 00 00 43 01 00 00 5b 01 00 00 9b 01 00 00 75 00 00 00 2b 01 00 00 f2 00 00 00 9b 01 00 00 39 00 00 00 c5 00 00 00 01 01 00 00 9b 01 00 00 b1 00 00 00 7f 01 00 00 67 01 00 00 9b 01 00 00 61 00 00 00 37 01 00 00 4f 01 00 00 9b 01 00 00 89 00 00 00 1f 01 00 00 e3 00 00 00 19 05 02 00 05 32 01 60 40 00 00 00 f8 52 35 c8 f7 7f 00 00 56 48 83 ec 20 c5 f8 77 41 0f b6 c0 83 f8 1e 0f 87 8e 01 00 00 8b c0 48 8d 0d c2 01 00 00 8b 0c 81 48 8d 15 e0 ff ff ff 48 03 ca ff e1 c5 f9 2e c1 0f 9b c0 7a 03 0f 94 c0 0f b6 c0 e9 5c 01 00 00 c5 f9 2e c1 0f 9b c0 7a 03 0f 94 c0 0f b6 c0 e9 48 01 00 00 c5 f9 2e c1 0f 9b c0 7a 03 0f 94 c0 0f b6 c0 e9 34 01 00 00 c5 f9 2e c1 0f 9b c0 7a 03 0f 94 c0 0f b6 c0 e9 20 01 00 00 c5 f9 2e c1 0f 9a c0 7a 03 0f 95 c0 0f b6 c0 e9 0c 01 00 00 c5 f9 2e c1 0f 9a c0 7a 03 0f 95 c0 0f b6 c0 e9 f8 00 00 00 c5 f9 2e c1 0f 9a c0 7a 03 0f 95 c0 0f b6 c0 e9 e4 00 00 00 c5 f9 2e c1 0f 9a c0 7a 03 0f 95 c0 0f b6 c0 e9 d0 00 00 00 c5 f9 2e c8 0f 97 c0 0f b6 c0 e9 c1 00 00 00 c5 f9 2e c8 0f 97 c0 0f b6 c0 e9 b2 00 00 00 c5 f9 2e c1 0f 97 c0 0f b6 c0 e9 a3 00 00 00 c5 f9 2e c1 0f 97 c0 0f b6 c0 e9 94 00 00 00 c5 f9 2e c8 0f 93 c0 0f b6 c0 e9 85 00 00 00 c5 f9 2e c8 0f 93 c0 0f b6 c0 e9 76 00 00 00 c5 f9 2e c1 0f 93 c0 0f b6 c0 eb 6a c5 f9 2e c1 0f 93 c0 0f b6 c0 eb 5e c5 f9 2e c1 0f 92 c0 0f b6 c0 eb 52 c5 f9 2e c1 0f 92 c0 0f b6 c0 eb 46 c5 f9 2e c1 0f 96 c0 0f b6 c0 eb 3a c5 f9 2e c1 0f 96 c0 0f b6 c0 eb 2e c5 f9 2e c8 0f 92 c0 0f b6 c0 eb 22 c5 f9 2e c8 0f 92 c0 0f b6 c0 eb 16 c5 f9 2e c8 0f 96 c0 0f b6 c0 eb 0a c5 f9 2e c8 0f 96 c0 0f b6 c0 48 83 c4 20 5e c3 48 b9 48 02 99 c7 f7 7f 00 00 e8 7e 81 00 5f 48 8b f0 48 8b ce e8 eb ad 51 ff 48 8b ce e8 bb cd f7 5e cc cc cc cc cc cc cc cc cc cc cc cc cc cc cc cc cc cc cc cc cc cc cc cc cc 00 00 25 00 00 00 d4 00 00 00 10 01 00 00 9b 01 00 00 9d 00 00 00 8b 01 00 00 73 01 00 00 9b 01 00 00 4d 00 00 00 43 01 00 00 5b 01 00 00 9b 01 00 00 75 00 00 00 2b 01 00 00 f2 00 00 00 9b 01 00 00 39 00 00 00 c5 00 00 00 01 01 00 00 9b 01 00 00 b1 00 00 00 7f 01 00 00 67 01 00 00 9b 01 00 00 61 00 00 00 37 01 00 00 4f 01 00 00 9b 01 00 00 89 00 00 00 1f 01 00 00 e3 00 00 00 19 05 02 00 05 32 01 60 40 00 00 00 c0 53 35 c8 f7 7f 00 00 c5 f8 77 66 90 48 b8 70 8c 4b 27 f8 7f 00 00 48 ff e0 00 00 19 00 00 00 40 00 00 00 00 00 00 00 00 00 00
35        | 7ff7c825e710h   | 1283    | hex://gmath/fmath?fcmp#fcmp_(32f,32f,FpCmpMode~8u)                                        | bool fcmp(float x, float y, FpCmpMode:byte mode)                                          | 56 48 83 ec 20 c5 f8 77 41 0f b6 c0 83 f8 1e 0f 87 8e 01 00 00 8b c0 48 8d 0d c2 01 00 00 8b 0c 81 48 8d 15 e0 ff ff ff 48 03 ca ff e1 c5 f8 2e c1 0f 9b c0 7a 03 0f 94 c0 0f b6 c0 e9 5c 01 00 00 c5 f8 2e c1 0f 9b c0 7a 03 0f 94 c0 0f b6 c0 e9 48 01 00 00 c5 f8 2e c1 0f 9b c0 7a 03 0f 94 c0 0f b6 c0 e9 34 01 00 00 c5 f8 2e c1 0f 9b c0 7a 03 0f 94 c0 0f b6 c0 e9 20 01 00 00 c5 f8 2e c1 0f 9a c0 7a 03 0f 95 c0 0f b6 c0 e9 0c 01 00 00 c5 f8 2e c1 0f 9a c0 7a 03 0f 95 c0 0f b6 c0 e9 f8 00 00 00 c5 f8 2e c1 0f 9a c0 7a 03 0f 95 c0 0f b6 c0 e9 e4 00 00 00 c5 f8 2e c1 0f 9a c0 7a 03 0f 95 c0 0f b6 c0 e9 d0 00 00 00 c5 f8 2e c8 0f 97 c0 0f b6 c0 e9 c1 00 00 00 c5 f8 2e c8 0f 97 c0 0f b6 c0 e9 b2 00 00 00 c5 f8 2e c1 0f 97 c0 0f b6 c0 e9 a3 00 00 00 c5 f8 2e c1 0f 97 c0 0f b6 c0 e9 94 00 00 00 c5 f8 2e c8 0f 93 c0 0f b6 c0 e9 85 00 00 00 c5 f8 2e c8 0f 93 c0 0f b6 c0 e9 76 00 00 00 c5 f8 2e c1 0f 93 c0 0f b6 c0 eb 6a c5 f8 2e c1 0f 93 c0 0f b6 c0 eb 5e c5 f8 2e c1 0f 92 c0 0f b6 c0 eb 52 c5 f8 2e c1 0f 92 c0 0f b6 c0 eb 46 c5 f8 2e c1 0f 96 c0 0f b6 c0 eb 3a c5 f8 2e c1 0f 96 c0 0f b6 c0 eb 2e c5 f8 2e c8 0f 92 c0 0f b6 c0 eb 22 c5 f8 2e c8 0f 92 c0 0f b6 c0 eb 16 c5 f8 2e c8 0f 96 c0 0f b6 c0 eb 0a c5 f8 2e c8 0f 96 c0 0f b6 c0 48 83 c4 20 5e c3 48 b9 48 02 99 c7 f7 7f 00 00 e8 ee 83 00 5f 48 8b f0 48 8b ce e8 5b b0 51 ff 48 8b ce e8 2b d0 f7 5e cc cc cc cc cc cc cc cc cc cc cc cc cc cc cc cc cc cc cc cc cc cc cc cc cc 00 00 25 00 00 00 d4 00 00 00 10 01 00 00 9b 01 00 00 9d 00 00 00 8b 01 00 00 73 01 00 00 9b 01 00 00 4d 00 00 00 43 01 00 00 5b 01 00 00 9b 01 00 00 75 00 00 00 2b 01 00 00 f2 00 00 00 9b 01 00 00 39 00 00 00 c5 00 00 00 01 01 00 00 9b 01 00 00 b1 00 00 00 7f 01 00 00 67 01 00 00 9b 01 00 00 61 00 00 00 37 01 00 00 4f 01 00 00 9b 01 00 00 89 00 00 00 1f 01 00 00 e3 00 00 00 19 05 02 00 05 32 01 60 40 00 00 00 f8 52 35 c8 f7 7f 00 00 56 48 83 ec 20 c5 f8 77 41 0f b6 c0 83 f8 1e 0f 87 8e 01 00 00 8b c0 48 8d 0d c2 01 00 00 8b 0c 81 48 8d 15 e0 ff ff ff 48 03 ca ff e1 c5 f9 2e c1 0f 9b c0 7a 03 0f 94 c0 0f b6 c0 e9 5c 01 00 00 c5 f9 2e c1 0f 9b c0 7a 03 0f 94 c0 0f b6 c0 e9 48 01 00 00 c5 f9 2e c1 0f 9b c0 7a 03 0f 94 c0 0f b6 c0 e9 34 01 00 00 c5 f9 2e c1 0f 9b c0 7a 03 0f 94 c0 0f b6 c0 e9 20 01 00 00 c5 f9 2e c1 0f 9a c0 7a 03 0f 95 c0 0f b6 c0 e9 0c 01 00 00 c5 f9 2e c1 0f 9a c0 7a 03 0f 95 c0 0f b6 c0 e9 f8 00 00 00 c5 f9 2e c1 0f 9a c0 7a 03 0f 95 c0 0f b6 c0 e9 e4 00 00 00 c5 f9 2e c1 0f 9a c0 7a 03 0f 95 c0 0f b6 c0 e9 d0 00 00 00 c5 f9 2e c8 0f 97 c0 0f b6 c0 e9 c1 00 00 00 c5 f9 2e c8 0f 97 c0 0f b6 c0 e9 b2 00 00 00 c5 f9 2e c1 0f 97 c0 0f b6 c0 e9 a3 00 00 00 c5 f9 2e c1 0f 97 c0 0f b6 c0 e9 94 00 00 00 c5 f9 2e c8 0f 93 c0 0f b6 c0 e9 85 00 00 00 c5 f9 2e c8 0f 93 c0 0f b6 c0 e9 76 00 00 00 c5 f9 2e c1 0f 93 c0 0f b6 c0 eb 6a c5 f9 2e c1 0f 93 c0 0f b6 c0 eb 5e c5 f9 2e c1 0f 92 c0 0f b6 c0 eb 52 c5 f9 2e c1 0f 92 c0 0f b6 c0 eb 46 c5 f9 2e c1 0f 96 c0 0f b6 c0 eb 3a c5 f9 2e c1 0f 96 c0 0f b6 c0 eb 2e c5 f9 2e c8 0f 92 c0 0f b6 c0 eb 22 c5 f9 2e c8 0f 92 c0 0f b6 c0 eb 16 c5 f9 2e c8 0f 96 c0 0f b6 c0 eb 0a c5 f9 2e c8 0f 96 c0 0f b6 c0 48 83 c4 20 5e c3 48 b9 48 02 99 c7 f7 7f 00 00 e8 7e 81 00 5f 48 8b f0 48 8b ce e8 eb ad 51 ff 48 8b ce e8 bb cd f7 5e cc cc cc cc cc cc cc cc cc cc cc cc cc cc cc cc cc cc cc cc cc cc cc cc cc 00 00 25 00 00 00 d4 00 00 00 10 01 00 00 9b 01 00 00 9d 00 00 00 8b 01 00 00 73 01 00 00 9b 01 00 00 4d 00 00 00 43 01 00 00 5b 01 00 00 9b 01 00 00 75 00 00 00 2b 01 00 00 f2 00 00 00 9b 01 00 00 39 00 00 00 c5 00 00 00 01 01 00 00 9b 01 00 00 b1 00 00 00 7f 01 00 00 67 01 00 00 9b 01 00 00 61 00 00 00 37 01 00 00 4f 01 00 00 9b 01 00 00 89 00 00 00 1f 01 00 00 e3 00 00 00 19 05 02 00 05 32 01 60 40 00 00 00 c0 53 35 c8 f7 7f 00 00 c5 f8 77 66 90 48 b8 70 8c 4b 27 f8 7f 00 00 48 ff e0 00 00 19 00 00 00 40 00 00 00 00 00 00 00 00 00 00
36        | 7ff7c825e980h   | 659     | hex://gmath/fmath?fcmp#fcmp_(64f,64f,FpCmpMode~8u)                                        | bool fcmp(double x, double y, FpCmpMode:byte mode)                                        | 56 48 83 ec 20 c5 f8 77 41 0f b6 c0 83 f8 1e 0f 87 8e 01 00 00 8b c0 48 8d 0d c2 01 00 00 8b 0c 81 48 8d 15 e0 ff ff ff 48 03 ca ff e1 c5 f9 2e c1 0f 9b c0 7a 03 0f 94 c0 0f b6 c0 e9 5c 01 00 00 c5 f9 2e c1 0f 9b c0 7a 03 0f 94 c0 0f b6 c0 e9 48 01 00 00 c5 f9 2e c1 0f 9b c0 7a 03 0f 94 c0 0f b6 c0 e9 34 01 00 00 c5 f9 2e c1 0f 9b c0 7a 03 0f 94 c0 0f b6 c0 e9 20 01 00 00 c5 f9 2e c1 0f 9a c0 7a 03 0f 95 c0 0f b6 c0 e9 0c 01 00 00 c5 f9 2e c1 0f 9a c0 7a 03 0f 95 c0 0f b6 c0 e9 f8 00 00 00 c5 f9 2e c1 0f 9a c0 7a 03 0f 95 c0 0f b6 c0 e9 e4 00 00 00 c5 f9 2e c1 0f 9a c0 7a 03 0f 95 c0 0f b6 c0 e9 d0 00 00 00 c5 f9 2e c8 0f 97 c0 0f b6 c0 e9 c1 00 00 00 c5 f9 2e c8 0f 97 c0 0f b6 c0 e9 b2 00 00 00 c5 f9 2e c1 0f 97 c0 0f b6 c0 e9 a3 00 00 00 c5 f9 2e c1 0f 97 c0 0f b6 c0 e9 94 00 00 00 c5 f9 2e c8 0f 93 c0 0f b6 c0 e9 85 00 00 00 c5 f9 2e c8 0f 93 c0 0f b6 c0 e9 76 00 00 00 c5 f9 2e c1 0f 93 c0 0f b6 c0 eb 6a c5 f9 2e c1 0f 93 c0 0f b6 c0 eb 5e c5 f9 2e c1 0f 92 c0 0f b6 c0 eb 52 c5 f9 2e c1 0f 92 c0 0f b6 c0 eb 46 c5 f9 2e c1 0f 96 c0 0f b6 c0 eb 3a c5 f9 2e c1 0f 96 c0 0f b6 c0 eb 2e c5 f9 2e c8 0f 92 c0 0f b6 c0 eb 22 c5 f9 2e c8 0f 92 c0 0f b6 c0 eb 16 c5 f9 2e c8 0f 96 c0 0f b6 c0 eb 0a c5 f9 2e c8 0f 96 c0 0f b6 c0 48 83 c4 20 5e c3 48 b9 48 02 99 c7 f7 7f 00 00 e8 7e 81 00 5f 48 8b f0 48 8b ce e8 eb ad 51 ff 48 8b ce e8 bb cd f7 5e cc cc cc cc cc cc cc cc cc cc cc cc cc cc cc cc cc cc cc cc cc cc cc cc cc 00 00 25 00 00 00 d4 00 00 00 10 01 00 00 9b 01 00 00 9d 00 00 00 8b 01 00 00 73 01 00 00 9b 01 00 00 4d 00 00 00 43 01 00 00 5b 01 00 00 9b 01 00 00 75 00 00 00 2b 01 00 00 f2 00 00 00 9b 01 00 00 39 00 00 00 c5 00 00 00 01 01 00 00 9b 01 00 00 b1 00 00 00 7f 01 00 00 67 01 00 00 9b 01 00 00 61 00 00 00 37 01 00 00 4f 01 00 00 9b 01 00 00 89 00 00 00 1f 01 00 00 e3 00 00 00 19 05 02 00 05 32 01 60 40 00 00 00 c0 53 35 c8 f7 7f 00 00 c5 f8 77 66 90 48 b8 70 8c 4b 27 f8 7f 00 00 48 ff e0 00 00 19 00 00 00 40 00 00 00 00 00 00 00 00 00 00
37        | 7ff7c825ebf0h   | 35      | hex://gmath/fmath?exp#exp_(32f)                                                           | float exp(float pow)                                                                      | c5 f8 77 66 90 48 b8 70 8c 4b 27 f8 7f 00 00 48 ff e0 00 00 19 00 00 00 40 00 00 00 00 00 00 00 00 00 00
38        | 7ff7c825ec20h   | 35      | hex://gmath/fmath?exp#exp_(64f)                                                           | double exp(double pow)                                                                    | c5 f8 77 66 90 48 b8 60 8e 4b 27 f8 7f 00 00 48 ff e0 00 00 19 00 00 00 40 00 00 00 00 00 00 00 00 00 00
39        | 7ff7c825ec50h   | 215     | hex://gmath/fmath?gcd#gcd_(32f,32f)                                                       | float gcd(float a, float b)                                                               | 48 83 ec 68 c5 f8 77 c5 f8 29 74 24 50 c5 f8 29 7c 24 40 33 c0 48 89 44 24 38 48 89 44 24 28 c5 fa 11 44 24 30 8b 44 24 30 89 44 24 38 48 8d 44 24 38 81 20 ff ff ff 7f c5 fa 10 44 24 38 c5 fa 11 4c 24 20 8b 44 24 20 89 44 24 28 48 8d 44 24 28 81 20 ff ff ff 7f c5 fa 10 74 24 28 c5 f0 57 c9 c5 f8 2e f1 7a 02 74 38 c5 f8 28 ce e8 9e 29 13 5f c5 f8 28 f8 c5 f8 57 c0 c5 f8 2e f8 7a 17 75 15 c5 f8 28 c6 c5 f8 28 74 24 50 c5 f8 28 7c 24 40 48 83 c4 68 c3 c5 f8 28 c6 c5 f8 28 f7 eb c8 c5 f8 28 f0 eb db cc cc cc cc cc cc cc cc cc cc cc cc cc cc cc cc cc cc 00 00 00 19 15 05 00 15 78 04 00 0e 68 05 00 04 c2 00 00 40 00 00 00 00 00 00 00 00 00 00
40        | 7ff7c825ed30h   | 259     | hex://gmath/fmath?gcd#gcd_(64f,64f)                                                       | double gcd(double a, double b)                                                            | 48 83 ec 68 c5 f8 77 c5 f8 29 74 24 50 c5 f8 29 7c 24 40 33 c0 48 89 44 24 38 48 89 44 24 28 c5 fb 11 44 24 30 48 8b 44 24 30 48 89 44 24 38 48 8d 44 24 38 48 ba ff ff ff ff ff ff ff 7f 48 21 10 c5 fb 10 44 24 38 c5 fb 11 4c 24 20 48 8b 44 24 20 48 89 44 24 28 48 8d 44 24 28 48 21 10 c5 fb 10 74 24 28 c5 f0 57 c9 c5 f9 2e f1 7a 02 74 38 c5 f8 28 ce e8 26 28 13 5f c5 f8 28 f8 c5 f8 57 c0 c5 f9 2e f8 7a 17 75 15 c5 f8 28 c6 c5 f8 28 74 24 50 c5 f8 28 7c 24 40 48 83 c4 68 c3 c5 f8 28 c6 c5 f8 28 f7 eb c8 c5 f8 28 f0 eb db cc cc cc cc cc cc cc cc cc cc cc cc cc cc cc cc cc cc 00 00 00 19 15 05 00 15 78 04 00 0e 68 05 00 04 c2 00 00 40 00 00 00 70 55 35 c8 f7 7f 00 00 c5 f8 77 66 90 48 b8 f0 8c 4b 27 f8 7f 00 00 48 ff e0 00 00 19 00 00 00 40 00 00 00 00 00 00 00 00 00 00
41        | 7ff7c825ee10h   | 35      | hex://gmath/fmath?log2#log2_(32f)                                                         | float log2(float src)                                                                     | c5 f8 77 66 90 48 b8 f0 8c 4b 27 f8 7f 00 00 48 ff e0 00 00 19 00 00 00 40 00 00 00 00 00 00 00 00 00 00
42        | 7ff7c825ee40h   | 35      | hex://gmath/fmath?log2#log2_(64f)                                                         | double log2(double src)                                                                   | c5 f8 77 66 90 48 b8 b0 8e 4b 27 f8 7f 00 00 48 ff e0 00 00 19 00 00 00 40 00 00 00 00 00 00 00 00 00 00
43        | 7ff7c825ee70h   | 35      | hex://gmath/fmath?ln#ln_(32f)                                                             | float ln(float src)                                                                       | c5 f8 77 66 90 48 b8 00 8d 4b 27 f8 7f 00 00 48 ff e0 00 00 19 00 00 00 40 00 00 00 00 00 00 00 00 00 00
44        | 7ff7c825eea0h   | 35      | hex://gmath/fmath?ln#ln_(64f)                                                             | double ln(double src)                                                                     | c5 f8 77 66 90 48 b8 c0 8e 4b 27 f8 7f 00 00 48 ff e0 00 00 19 00 00 00 40 00 00 00 00 00 00 00 00 00 00
45        | 7ff7c825eed0h   | 132     | hex://gmath/fmath?log#log_(32f)                                                           | float log(float src, Nullable<float> b)                                                   | 48 83 ec 28 c5 f8 77 48 89 54 24 38 48 8d 44 24 38 0f b6 10 c5 fa 10 48 04 84 d2 75 0a c5 fa 10 0d 13 00 00 00 eb 00 e8 9c e1 ff ff 90 48 83 c4 28 c3 cc cc 00 00 00 00 00 00 20 41 19 04 01 00 04 42 00 00 40 00 00 00 d0 59 35 c8 f7 7f 00 00 48 83 ec 28 c5 f8 77 0f b6 02 c5 fb 10 4a 08 84 c0 75 0a c5 fb 10 0d 15 00 00 00 eb 00 e8 1e 25 7c ff 90 48 83 c4 28 c3 cc cc 00 00 00 00 00 00 00 00 00 00
46        | 7ff7c825ef20h   | 52      | hex://gmath/fmath?log#log_(64f)                                                           | double log(double src, Nullable<double> b)                                                | 48 83 ec 28 c5 f8 77 0f b6 02 c5 fb 10 4a 08 84 c0 75 0a c5 fb 10 0d 15 00 00 00 eb 00 e8 1e 25 7c ff 90 48 83 c4 28 c3 cc cc 00 00 00 00 00 00 00 00 00 00
47        | 7ff7c825ef70h   | 35      | hex://gmath/fmath?pow#pow_(32f,32f)                                                       | float pow(float src, float exp)                                                           | c5 f8 77 66 90 48 b8 20 8d 4b 27 f8 7f 00 00 48 ff e0 00 00 19 00 00 00 40 00 00 00 00 00 00 00 00 00 00
48        | 7ff7c825efa0h   | 35      | hex://gmath/fmath?pow#pow_(64f,64f)                                                       | double pow(double src, double exp)                                                        | c5 f8 77 66 90 48 b8 e0 8e 4b 27 f8 7f 00 00 48 ff e0 00 00 19 00 00 00 40 00 00 00 00 00 00 00 00 00 00
49        | 7ff7c825efd0h   | 189     | hex://gmath/fmath?relerr#relerr_(32f,32f)                                                 | float relerr(float lhs, float rhs)                                                        | 48 83 ec 58 c5 f8 77 c5 f8 29 74 24 40 c5 f8 29 7c 24 30 c5 fa 11 44 24 60 c5 ca 5a f0 c5 c2 5a f9 c5 f9 2e f7 73 0f c5 c3 5c fe c5 f8 28 c7 e8 3c e9 12 5f eb 0d c5 cb 5c f7 c5 f8 28 c6 e8 2d e9 12 5f c5 f8 57 c0 c4 e1 fb 2a c0 48 85 c0 7d 08 c5 fb 58 05 5f 00 00 00 c5 fb 5a c0 c5 fa 5e 44 24 60 c5 fa 11 44 24 2c 8b 44 24 2c 25 ff ff ff 7f 3d 00 00 80 7f 7f 11 c5 f8 28 74 24 40 c5 f8 28 7c 24 30 48 83 c4 58 c3 c5 f8 57 c0 c5 f8 28 74 24 40 c5 f8 28 7c 24 30 48 83 c4 58 c3 cc cc cc cc cc cc cc cc cc cc cc cc cc cc cc cc cc cc cc cc 00 00 00 00 00 00 00 00 00 00
50        | 7ff7c825f0b0h   | 166     | hex://gmath/fmath?relerr#relerr_(64f,64f)                                                 | double relerr(double lhs, double rhs)                                                     | 48 83 ec 48 c5 f8 77 c5 f8 29 74 24 30 c5 f8 28 f0 c5 f9 2e f1 73 0f c5 f8 28 c1 c5 fb 5c c6 e8 6c e8 12 5f eb 0d c5 f8 28 c6 c5 fb 5c c1 e8 5d e8 12 5f c5 f8 57 c0 c4 e1 fb 2a c0 48 85 c0 7d 08 c5 fb 58 05 57 00 00 00 c5 fb 5e c6 c5 fb 11 44 24 28 48 8b 44 24 28 48 ba ff ff ff ff ff ff ff 7f 48 23 c2 48 ba 00 00 00 00 00 00 f0 7f 48 3b c2 7f 0b c5 f8 28 74 24 30 48 83 c4 48 c3 c5 f8 57 c0 c5 f8 28 74 24 30 48 83 c4 48 c3 cc cc cc cc cc cc cc cc cc cc cc cc cc cc 00 00 00 00 00 00 00 00 00 00
