Sequence  | Address         | Length  | Uri                                                                                                           | OpSig                                                                                                         | Data
0         | 7ff7c8667db0h   | 35      | hex://logix/bitvector.ops?true#true_g[8u]()                                                                   | BitVector<byte> true<byte>(BitVector<byte> x, BitVector<byte> y)                                              | 0f 1f 44 00 00 89 4c 24 08 89 54 24 10 b8 ff 00 00 00 c3 00 19 00 00 00 40 00 00 00 00 00 00 00 00 00 00
1         | 7ff7c8667de0h   | 35      | hex://logix/bitvector.ops?true#true_g[16u]()                                                                  | BitVector<ushort> true<ushort>(BitVector<ushort> x, BitVector<ushort> y)                                      | 0f 1f 44 00 00 89 4c 24 08 89 54 24 10 b8 ff ff 00 00 c3 00 19 00 00 00 40 00 00 00 00 00 00 00 00 00 00
2         | 7ff7c8667e10h   | 35      | hex://logix/bitvector.ops?true#true_g[32u]()                                                                  | BitVector<uint> true<uint>(BitVector<uint> x, BitVector<uint> y)                                              | 0f 1f 44 00 00 89 4c 24 08 89 54 24 10 b8 ff ff ff ff c3 00 19 00 00 00 40 00 00 00 00 00 00 00 00 00 00
3         | 7ff7c8667e40h   | 856     | hex://logix/bitvector.ops?true#true_g[64u]()                                                                  | BitVector<ulong> true<ulong>(BitVector<ulong> x, BitVector<ulong> y)                                          | 0f 1f 44 00 00 48 89 4c 24 08 48 89 54 24 10 48 b8 ff ff ff ff ff ff ff ff c3 00 00 19 00 00 00 40 00 00 00 00 00 00 00 02 00 00 00 00 00 00 00 e8 cb d7 bf 5e 5e 00 27 e8 c3 d7 bf 5e 5e 01 26 e8 bb d7 bf 5e 5e 02 25 e8 b3 d7 bf 5e 5e 03 24 e8 ab d7 bf 5e 5e 04 23 e8 a3 d7 bf 5e 5e 05 22 e8 9b d7 bf 5e 5e 06 21 e8 93 d7 bf 5e 5e 07 20 e8 8b d7 bf 5e 5e 08 1f e8 83 d7 bf 5e 5e 09 1e e8 7b d7 bf 5e 5e 0a 1d e8 73 d7 bf 5e 5e 0b 1c e8 6b d7 bf 5e 5e 0c 1b e8 63 d7 bf 5e 5e 0d 1a e8 5b d7 bf 5e 5e 0e 19 e8 53 d7 bf 5e 5e 0f 18 e8 4b d7 bf 5e 5e 10 17 e8 43 d7 bf 5e 5e 11 16 e8 3b d7 bf 5e 5e 12 15 e8 33 d7 bf 5e 5e 13 14 e8 2b d7 bf 5e 5e 14 13 e8 23 d7 bf 5e 5e 15 12 e8 1b d7 bf 5e 5e 16 11 e8 13 d7 bf 5e 5e 17 10 e8 0b d7 bf 5e 5e 18 0f e8 03 d7 bf 5e 5e 19 0e e8 fb d6 bf 5e 5e 1a 0d e8 f3 d6 bf 5e 5e 1b 0c e8 eb d6 bf 5e 5e 1c 0b e8 e3 d6 bf 5e 5e 1d 0a e8 db d6 bf 5e 5e 1e 09 e8 d3 d6 bf 5e 5e 1f 08 e8 cb d6 bf 5e 5e 20 07 e8 c3 d6 bf 5e 5e 21 06 e8 bb d6 bf 5e 5e 22 05 e8 b3 d6 bf 5e 5e 23 04 e8 ab d6 bf 5e 5e 24 03 e8 a3 d6 bf 5e 5e 25 02 e8 9b d6 bf 5e 5e 26 01 e8 93 d6 bf 5e 5e 27 00 20 30 b0 c8 f7 7f 00 00 50 5a af c8 f7 7f 00 00 0f 1f 44 00 00 89 4c 24 08 89 54 24 10 33 c0 c3 19 00 00 00 40 00 00 00 b8 5a af c8 f7 7f 00 00 0f 1f 44 00 00 89 4c 24 08 89 54 24 10 33 c0 c3 19 00 00 00 40 00 00 00 20 5b af c8 f7 7f 00 00 0f 1f 44 00 00 89 4c 24 08 89 54 24 10 33 c0 c3 19 00 00 00 40 00 00 00 88 5b af c8 f7 7f 00 00 0f 1f 44 00 00 48 89 4c 24 08 48 89 54 24 10 33 c0 c3 00 00 19 00 00 00 40 00 00 00 00 00 00 00 02 00 00 00 00 00 00 00 e8 f3 d5 bf 5e 5e 00 27 e8 eb d5 bf 5e 5e 01 26 e8 e3 d5 bf 5e 5e 02 25 e8 db d5 bf 5e 5e 03 24 e8 d3 d5 bf 5e 5e 04 23 e8 cb d5 bf 5e 5e 05 22 e8 c3 d5 bf 5e 5e 06 21 e8 bb d5 bf 5e 5e 07 20 e8 b3 d5 bf 5e 5e 08 1f e8 ab d5 bf 5e 5e 09 1e e8 a3 d5 bf 5e 5e 0a 1d e8 9b d5 bf 5e 5e 0b 1c e8 93 d5 bf 5e 5e 0c 1b e8 8b d5 bf 5e 5e 0d 1a e8 83 d5 bf 5e 5e 0e 19 e8 7b d5 bf 5e 5e 0f 18 e8 73 d5 bf 5e 5e 10 17 e8 6b d5 bf 5e 5e 11 16 e8 63 d5 bf 5e 5e 12 15 e8 5b d5 bf 5e 5e 13 14 e8 53 d5 bf 5e 5e 14 13 e8 4b d5 bf 5e 5e 15 12 e8 43 d5 bf 5e 5e 16 11 e8 3b d5 bf 5e 5e 17 10 e8 33 d5 bf 5e 5e 18 0f e8 2b d5 bf 5e 5e 19 0e e8 23 d5 bf 5e 5e 1a 0d e8 1b d5 bf 5e 5e 1b 0c e8 13 d5 bf 5e 5e 1c 0b e8 0b d5 bf 5e 5e 1d 0a e8 03 d5 bf 5e 5e 1e 09 e8 fb d4 bf 5e 5e 1f 08 e8 f3 d4 bf 5e 5e 20 07 e8 eb d4 bf 5e 5e 21 06 e8 e3 d4 bf 5e 5e 22 05 e8 db d4 bf 5e 5e 23 04 e8 d3 d4 bf 5e 5e 24 03 e8 cb d4 bf 5e 5e 25 02 e8 c3 d4 bf 5e 5e 26 01 e8 bb d4 bf 5e 5e 27 00 40 35 b0 c8 f7 7f 00 00 00 00 00 00 00 00 00 00
4         | 7ff7c8667fc0h   | 472     | hex://logix/bitvector.ops?false#false_g[8u]()                                                                 | BitVector<byte> false<byte>(BitVector<byte> x, BitVector<byte> y)                                             | 0f 1f 44 00 00 89 4c 24 08 89 54 24 10 33 c0 c3 19 00 00 00 40 00 00 00 b8 5a af c8 f7 7f 00 00 0f 1f 44 00 00 89 4c 24 08 89 54 24 10 33 c0 c3 19 00 00 00 40 00 00 00 20 5b af c8 f7 7f 00 00 0f 1f 44 00 00 89 4c 24 08 89 54 24 10 33 c0 c3 19 00 00 00 40 00 00 00 88 5b af c8 f7 7f 00 00 0f 1f 44 00 00 48 89 4c 24 08 48 89 54 24 10 33 c0 c3 00 00 19 00 00 00 40 00 00 00 00 00 00 00 02 00 00 00 00 00 00 00 e8 f3 d5 bf 5e 5e 00 27 e8 eb d5 bf 5e 5e 01 26 e8 e3 d5 bf 5e 5e 02 25 e8 db d5 bf 5e 5e 03 24 e8 d3 d5 bf 5e 5e 04 23 e8 cb d5 bf 5e 5e 05 22 e8 c3 d5 bf 5e 5e 06 21 e8 bb d5 bf 5e 5e 07 20 e8 b3 d5 bf 5e 5e 08 1f e8 ab d5 bf 5e 5e 09 1e e8 a3 d5 bf 5e 5e 0a 1d e8 9b d5 bf 5e 5e 0b 1c e8 93 d5 bf 5e 5e 0c 1b e8 8b d5 bf 5e 5e 0d 1a e8 83 d5 bf 5e 5e 0e 19 e8 7b d5 bf 5e 5e 0f 18 e8 73 d5 bf 5e 5e 10 17 e8 6b d5 bf 5e 5e 11 16 e8 63 d5 bf 5e 5e 12 15 e8 5b d5 bf 5e 5e 13 14 e8 53 d5 bf 5e 5e 14 13 e8 4b d5 bf 5e 5e 15 12 e8 43 d5 bf 5e 5e 16 11 e8 3b d5 bf 5e 5e 17 10 e8 33 d5 bf 5e 5e 18 0f e8 2b d5 bf 5e 5e 19 0e e8 23 d5 bf 5e 5e 1a 0d e8 1b d5 bf 5e 5e 1b 0c e8 13 d5 bf 5e 5e 1c 0b e8 0b d5 bf 5e 5e 1d 0a e8 03 d5 bf 5e 5e 1e 09 e8 fb d4 bf 5e 5e 1f 08 e8 f3 d4 bf 5e 5e 20 07 e8 eb d4 bf 5e 5e 21 06 e8 e3 d4 bf 5e 5e 22 05 e8 db d4 bf 5e 5e 23 04 e8 d3 d4 bf 5e 5e 24 03 e8 cb d4 bf 5e 5e 25 02 e8 c3 d4 bf 5e 5e 26 01 e8 bb d4 bf 5e 5e 27 00 40 35 b0 c8 f7 7f 00 00 00 00 00 00 00 00 00 00
5         | 7ff7c8667fe0h   | 440     | hex://logix/bitvector.ops?false#false_g[16u]()                                                                | BitVector<ushort> false<ushort>(BitVector<ushort> x, BitVector<ushort> y)                                     | 0f 1f 44 00 00 89 4c 24 08 89 54 24 10 33 c0 c3 19 00 00 00 40 00 00 00 20 5b af c8 f7 7f 00 00 0f 1f 44 00 00 89 4c 24 08 89 54 24 10 33 c0 c3 19 00 00 00 40 00 00 00 88 5b af c8 f7 7f 00 00 0f 1f 44 00 00 48 89 4c 24 08 48 89 54 24 10 33 c0 c3 00 00 19 00 00 00 40 00 00 00 00 00 00 00 02 00 00 00 00 00 00 00 e8 f3 d5 bf 5e 5e 00 27 e8 eb d5 bf 5e 5e 01 26 e8 e3 d5 bf 5e 5e 02 25 e8 db d5 bf 5e 5e 03 24 e8 d3 d5 bf 5e 5e 04 23 e8 cb d5 bf 5e 5e 05 22 e8 c3 d5 bf 5e 5e 06 21 e8 bb d5 bf 5e 5e 07 20 e8 b3 d5 bf 5e 5e 08 1f e8 ab d5 bf 5e 5e 09 1e e8 a3 d5 bf 5e 5e 0a 1d e8 9b d5 bf 5e 5e 0b 1c e8 93 d5 bf 5e 5e 0c 1b e8 8b d5 bf 5e 5e 0d 1a e8 83 d5 bf 5e 5e 0e 19 e8 7b d5 bf 5e 5e 0f 18 e8 73 d5 bf 5e 5e 10 17 e8 6b d5 bf 5e 5e 11 16 e8 63 d5 bf 5e 5e 12 15 e8 5b d5 bf 5e 5e 13 14 e8 53 d5 bf 5e 5e 14 13 e8 4b d5 bf 5e 5e 15 12 e8 43 d5 bf 5e 5e 16 11 e8 3b d5 bf 5e 5e 17 10 e8 33 d5 bf 5e 5e 18 0f e8 2b d5 bf 5e 5e 19 0e e8 23 d5 bf 5e 5e 1a 0d e8 1b d5 bf 5e 5e 1b 0c e8 13 d5 bf 5e 5e 1c 0b e8 0b d5 bf 5e 5e 1d 0a e8 03 d5 bf 5e 5e 1e 09 e8 fb d4 bf 5e 5e 1f 08 e8 f3 d4 bf 5e 5e 20 07 e8 eb d4 bf 5e 5e 21 06 e8 e3 d4 bf 5e 5e 22 05 e8 db d4 bf 5e 5e 23 04 e8 d3 d4 bf 5e 5e 24 03 e8 cb d4 bf 5e 5e 25 02 e8 c3 d4 bf 5e 5e 26 01 e8 bb d4 bf 5e 5e 27 00 40 35 b0 c8 f7 7f 00 00 00 00 00 00 00 00 00 00
6         | 7ff7c8668000h   | 408     | hex://logix/bitvector.ops?false#false_g[32u]()                                                                | BitVector<uint> false<uint>(BitVector<uint> x, BitVector<uint> y)                                             | 0f 1f 44 00 00 89 4c 24 08 89 54 24 10 33 c0 c3 19 00 00 00 40 00 00 00 88 5b af c8 f7 7f 00 00 0f 1f 44 00 00 48 89 4c 24 08 48 89 54 24 10 33 c0 c3 00 00 19 00 00 00 40 00 00 00 00 00 00 00 02 00 00 00 00 00 00 00 e8 f3 d5 bf 5e 5e 00 27 e8 eb d5 bf 5e 5e 01 26 e8 e3 d5 bf 5e 5e 02 25 e8 db d5 bf 5e 5e 03 24 e8 d3 d5 bf 5e 5e 04 23 e8 cb d5 bf 5e 5e 05 22 e8 c3 d5 bf 5e 5e 06 21 e8 bb d5 bf 5e 5e 07 20 e8 b3 d5 bf 5e 5e 08 1f e8 ab d5 bf 5e 5e 09 1e e8 a3 d5 bf 5e 5e 0a 1d e8 9b d5 bf 5e 5e 0b 1c e8 93 d5 bf 5e 5e 0c 1b e8 8b d5 bf 5e 5e 0d 1a e8 83 d5 bf 5e 5e 0e 19 e8 7b d5 bf 5e 5e 0f 18 e8 73 d5 bf 5e 5e 10 17 e8 6b d5 bf 5e 5e 11 16 e8 63 d5 bf 5e 5e 12 15 e8 5b d5 bf 5e 5e 13 14 e8 53 d5 bf 5e 5e 14 13 e8 4b d5 bf 5e 5e 15 12 e8 43 d5 bf 5e 5e 16 11 e8 3b d5 bf 5e 5e 17 10 e8 33 d5 bf 5e 5e 18 0f e8 2b d5 bf 5e 5e 19 0e e8 23 d5 bf 5e 5e 1a 0d e8 1b d5 bf 5e 5e 1b 0c e8 13 d5 bf 5e 5e 1c 0b e8 0b d5 bf 5e 5e 1d 0a e8 03 d5 bf 5e 5e 1e 09 e8 fb d4 bf 5e 5e 1f 08 e8 f3 d4 bf 5e 5e 20 07 e8 eb d4 bf 5e 5e 21 06 e8 e3 d4 bf 5e 5e 22 05 e8 db d4 bf 5e 5e 23 04 e8 d3 d4 bf 5e 5e 24 03 e8 cb d4 bf 5e 5e 25 02 e8 c3 d4 bf 5e 5e 26 01 e8 bb d4 bf 5e 5e 27 00 40 35 b0 c8 f7 7f 00 00 00 00 00 00 00 00 00 00
7         | 7ff7c8668020h   | 376     | hex://logix/bitvector.ops?false#false_g[64u]()                                                                | BitVector<ulong> false<ulong>(BitVector<ulong> x, BitVector<ulong> y)                                         | 0f 1f 44 00 00 48 89 4c 24 08 48 89 54 24 10 33 c0 c3 00 00 19 00 00 00 40 00 00 00 00 00 00 00 02 00 00 00 00 00 00 00 e8 f3 d5 bf 5e 5e 00 27 e8 eb d5 bf 5e 5e 01 26 e8 e3 d5 bf 5e 5e 02 25 e8 db d5 bf 5e 5e 03 24 e8 d3 d5 bf 5e 5e 04 23 e8 cb d5 bf 5e 5e 05 22 e8 c3 d5 bf 5e 5e 06 21 e8 bb d5 bf 5e 5e 07 20 e8 b3 d5 bf 5e 5e 08 1f e8 ab d5 bf 5e 5e 09 1e e8 a3 d5 bf 5e 5e 0a 1d e8 9b d5 bf 5e 5e 0b 1c e8 93 d5 bf 5e 5e 0c 1b e8 8b d5 bf 5e 5e 0d 1a e8 83 d5 bf 5e 5e 0e 19 e8 7b d5 bf 5e 5e 0f 18 e8 73 d5 bf 5e 5e 10 17 e8 6b d5 bf 5e 5e 11 16 e8 63 d5 bf 5e 5e 12 15 e8 5b d5 bf 5e 5e 13 14 e8 53 d5 bf 5e 5e 14 13 e8 4b d5 bf 5e 5e 15 12 e8 43 d5 bf 5e 5e 16 11 e8 3b d5 bf 5e 5e 17 10 e8 33 d5 bf 5e 5e 18 0f e8 2b d5 bf 5e 5e 19 0e e8 23 d5 bf 5e 5e 1a 0d e8 1b d5 bf 5e 5e 1b 0c e8 13 d5 bf 5e 5e 1c 0b e8 0b d5 bf 5e 5e 1d 0a e8 03 d5 bf 5e 5e 1e 09 e8 fb d4 bf 5e 5e 1f 08 e8 f3 d4 bf 5e 5e 20 07 e8 eb d4 bf 5e 5e 21 06 e8 e3 d4 bf 5e 5e 22 05 e8 db d4 bf 5e 5e 23 04 e8 d3 d4 bf 5e 5e 24 03 e8 cb d4 bf 5e 5e 25 02 e8 c3 d4 bf 5e 5e 26 01 e8 bb d4 bf 5e 5e 27 00 40 35 b0 c8 f7 7f 00 00 00 00 00 00 00 00 00 00
8         | 7ff7c86681a0h   | 35      | hex://logix/bitvector.ops?and#and_g[8u]()                                                                     | BitVector<byte> and<byte>(BitVector<byte> x, BitVector<byte> y)                                               | 0f 1f 44 00 00 0f b6 c1 0f b6 d2 0f b6 c0 23 c2 0f b6 c0 c3 19 00 00 00 40 00 00 00 00 00 00 00 00 00 00
9         | 7ff7c86681d0h   | 35      | hex://logix/bitvector.ops?and#and_g[16u]()                                                                    | BitVector<ushort> and<ushort>(BitVector<ushort> x, BitVector<ushort> y)                                       | 0f 1f 44 00 00 0f b7 c1 0f b7 d2 0f b7 c0 23 c2 0f b7 c0 c3 19 00 00 00 40 00 00 00 00 00 00 00 00 00 00
10        | 7ff7c8668200h   | 439     | hex://logix/bitvector.ops?and#and_g[32u]()                                                                    | BitVector<uint> and<uint>(BitVector<uint> x, BitVector<uint> y)                                               | 0f 1f 44 00 00 23 d1 8b c2 c3 00 00 19 00 00 00 40 00 00 00 00 00 00 00 d0 5d af c8 f7 7f 00 00 0f 1f 44 00 00 48 23 d1 48 8b c2 c3 19 00 00 00 40 00 00 00 00 00 00 00 02 00 00 00 00 00 00 00 e8 fb d3 bf 5e 5e 00 27 e8 f3 d3 bf 5e 5e 01 26 e8 eb d3 bf 5e 5e 02 25 e8 e3 d3 bf 5e 5e 03 24 e8 db d3 bf 5e 5e 04 23 e8 d3 d3 bf 5e 5e 05 22 e8 cb d3 bf 5e 5e 06 21 e8 c3 d3 bf 5e 5e 07 20 e8 bb d3 bf 5e 5e 08 1f e8 b3 d3 bf 5e 5e 09 1e e8 ab d3 bf 5e 5e 0a 1d e8 a3 d3 bf 5e 5e 0b 1c e8 9b d3 bf 5e 5e 0c 1b e8 93 d3 bf 5e 5e 0d 1a e8 8b d3 bf 5e 5e 0e 19 e8 83 d3 bf 5e 5e 0f 18 e8 7b d3 bf 5e 5e 10 17 e8 73 d3 bf 5e 5e 11 16 e8 6b d3 bf 5e 5e 12 15 e8 63 d3 bf 5e 5e 13 14 e8 5b d3 bf 5e 5e 14 13 e8 53 d3 bf 5e 5e 15 12 e8 4b d3 bf 5e 5e 16 11 e8 43 d3 bf 5e 5e 17 10 e8 3b d3 bf 5e 5e 18 0f e8 33 d3 bf 5e 5e 19 0e e8 2b d3 bf 5e 5e 1a 0d e8 23 d3 bf 5e 5e 1b 0c e8 1b d3 bf 5e 5e 1c 0b e8 13 d3 bf 5e 5e 1d 0a e8 0b d3 bf 5e 5e 1e 09 e8 03 d3 bf 5e 5e 1f 08 e8 fb d2 bf 5e 5e 20 07 e8 f3 d2 bf 5e 5e 21 06 e8 eb d2 bf 5e 5e 22 05 e8 e3 d2 bf 5e 5e 23 04 e8 db d2 bf 5e 5e 24 03 e8 d3 d2 bf 5e 5e 25 02 e8 cb d2 bf 5e 5e 26 01 e8 c3 d2 bf 5e 5e 27 00 60 3a b0 c8 f7 7f 00 00 e0 5e af c8 f7 7f 00 00 0f 1f 44 00 00 0f b6 c1 0f b6 d2 0f b6 c0 23 c2 f7 d0 0f b6 c0 c3 00 00 19 00 00 00 40 00 00 00 00 00 00 00 00 00 00
11        | 7ff7c8668220h   | 407     | hex://logix/bitvector.ops?and#and_g[64u]()                                                                    | BitVector<ulong> and<ulong>(BitVector<ulong> x, BitVector<ulong> y)                                           | 0f 1f 44 00 00 48 23 d1 48 8b c2 c3 19 00 00 00 40 00 00 00 00 00 00 00 02 00 00 00 00 00 00 00 e8 fb d3 bf 5e 5e 00 27 e8 f3 d3 bf 5e 5e 01 26 e8 eb d3 bf 5e 5e 02 25 e8 e3 d3 bf 5e 5e 03 24 e8 db d3 bf 5e 5e 04 23 e8 d3 d3 bf 5e 5e 05 22 e8 cb d3 bf 5e 5e 06 21 e8 c3 d3 bf 5e 5e 07 20 e8 bb d3 bf 5e 5e 08 1f e8 b3 d3 bf 5e 5e 09 1e e8 ab d3 bf 5e 5e 0a 1d e8 a3 d3 bf 5e 5e 0b 1c e8 9b d3 bf 5e 5e 0c 1b e8 93 d3 bf 5e 5e 0d 1a e8 8b d3 bf 5e 5e 0e 19 e8 83 d3 bf 5e 5e 0f 18 e8 7b d3 bf 5e 5e 10 17 e8 73 d3 bf 5e 5e 11 16 e8 6b d3 bf 5e 5e 12 15 e8 63 d3 bf 5e 5e 13 14 e8 5b d3 bf 5e 5e 14 13 e8 53 d3 bf 5e 5e 15 12 e8 4b d3 bf 5e 5e 16 11 e8 43 d3 bf 5e 5e 17 10 e8 3b d3 bf 5e 5e 18 0f e8 33 d3 bf 5e 5e 19 0e e8 2b d3 bf 5e 5e 1a 0d e8 23 d3 bf 5e 5e 1b 0c e8 1b d3 bf 5e 5e 1c 0b e8 13 d3 bf 5e 5e 1d 0a e8 0b d3 bf 5e 5e 1e 09 e8 03 d3 bf 5e 5e 1f 08 e8 fb d2 bf 5e 5e 20 07 e8 f3 d2 bf 5e 5e 21 06 e8 eb d2 bf 5e 5e 22 05 e8 e3 d2 bf 5e 5e 23 04 e8 db d2 bf 5e 5e 24 03 e8 d3 d2 bf 5e 5e 25 02 e8 cb d2 bf 5e 5e 26 01 e8 c3 d2 bf 5e 5e 27 00 60 3a b0 c8 f7 7f 00 00 e0 5e af c8 f7 7f 00 00 0f 1f 44 00 00 0f b6 c1 0f b6 d2 0f b6 c0 23 c2 f7 d0 0f b6 c0 c3 00 00 19 00 00 00 40 00 00 00 00 00 00 00 00 00 00
12        | 7ff7c8668390h   | 39      | hex://logix/bitvector.ops?nand#nand_g[8u]()                                                                   | BitVector<byte> nand<byte>(BitVector<byte> x, BitVector<byte> y)                                              | 0f 1f 44 00 00 0f b6 c1 0f b6 d2 0f b6 c0 23 c2 f7 d0 0f b6 c0 c3 00 00 19 00 00 00 40 00 00 00 00 00 00 00 00 00 00
13        | 7ff7c86683c0h   | 39      | hex://logix/bitvector.ops?nand#nand_g[16u]()                                                                  | BitVector<ushort> nand<ushort>(BitVector<ushort> x, BitVector<ushort> y)                                      | 0f 1f 44 00 00 0f b7 c1 0f b7 d2 0f b7 c0 23 c2 f7 d0 0f b7 c0 c3 00 00 19 00 00 00 40 00 00 00 00 00 00 00 00 00 00
14        | 7ff7c86683f0h   | 1843    | hex://logix/bitvector.ops?nand#nand_g[32u]()                                                                  | BitVector<uint> nand<uint>(BitVector<uint> x, BitVector<uint> y)                                              | 0f 1f 44 00 00 23 d1 8b c2 f7 d0 c3 19 00 00 00 40 00 00 00 00 00 00 00 18 60 af c8 f7 7f 00 00 0f 1f 44 00 00 48 23 d1 48 8b c2 48 f7 d0 c3 00 19 00 00 00 40 00 00 00 02 00 00 00 00 00 00 00 e8 0b d2 bf 5e 5e 00 27 e8 03 d2 bf 5e 5e 01 26 e8 fb d1 bf 5e 5e 02 25 e8 f3 d1 bf 5e 5e 03 24 e8 eb d1 bf 5e 5e 04 23 e8 e3 d1 bf 5e 5e 05 22 e8 db d1 bf 5e 5e 06 21 e8 d3 d1 bf 5e 5e 07 20 e8 cb d1 bf 5e 5e 08 1f e8 c3 d1 bf 5e 5e 09 1e e8 bb d1 bf 5e 5e 0a 1d e8 b3 d1 bf 5e 5e 0b 1c e8 ab d1 bf 5e 5e 0c 1b e8 a3 d1 bf 5e 5e 0d 1a e8 9b d1 bf 5e 5e 0e 19 e8 93 d1 bf 5e 5e 0f 18 e8 8b d1 bf 5e 5e 10 17 e8 83 d1 bf 5e 5e 11 16 e8 7b d1 bf 5e 5e 12 15 e8 73 d1 bf 5e 5e 13 14 e8 6b d1 bf 5e 5e 14 13 e8 63 d1 bf 5e 5e 15 12 e8 5b d1 bf 5e 5e 16 11 e8 53 d1 bf 5e 5e 17 10 e8 4b d1 bf 5e 5e 18 0f e8 43 d1 bf 5e 5e 19 0e e8 3b d1 bf 5e 5e 1a 0d e8 33 d1 bf 5e 5e 1b 0c e8 2b d1 bf 5e 5e 1c 0b e8 23 d1 bf 5e 5e 1d 0a e8 1b d1 bf 5e 5e 1e 09 e8 13 d1 bf 5e 5e 1f 08 e8 0b d1 bf 5e 5e 20 07 e8 03 d1 bf 5e 5e 21 06 e8 fb d0 bf 5e 5e 22 05 e8 f3 d0 bf 5e 5e 23 04 e8 eb d0 bf 5e 5e 24 03 e8 e3 d0 bf 5e 5e 25 02 e8 db d0 bf 5e 5e 26 01 e8 d3 d0 bf 5e 5e 27 00 80 3f b0 c8 f7 7f 00 00 02 00 00 00 00 00 00 00 e8 bb d0 bf 5e 5e 00 27 e8 b3 d0 bf 5e 5e 01 26 e8 ab d0 bf 5e 5e 02 25 e8 a3 d0 bf 5e 5e 03 24 e8 9b d0 bf 5e 5e 04 23 e8 93 d0 bf 5e 5e 05 22 e8 8b d0 bf 5e 5e 06 21 e8 83 d0 bf 5e 5e 07 20 e8 7b d0 bf 5e 5e 08 1f e8 73 d0 bf 5e 5e 09 1e e8 6b d0 bf 5e 5e 0a 1d e8 63 d0 bf 5e 5e 0b 1c e8 5b d0 bf 5e 5e 0c 1b e8 53 d0 bf 5e 5e 0d 1a e8 4b d0 bf 5e 5e 0e 19 e8 43 d0 bf 5e 5e 0f 18 e8 3b d0 bf 5e 5e 10 17 e8 33 d0 bf 5e 5e 11 16 e8 2b d0 bf 5e 5e 12 15 e8 23 d0 bf 5e 5e 13 14 e8 1b d0 bf 5e 5e 14 13 e8 13 d0 bf 5e 5e 15 12 e8 0b d0 bf 5e 5e 16 11 e8 03 d0 bf 5e 5e 17 10 e8 fb cf bf 5e 5e 18 0f e8 f3 cf bf 5e 5e 19 0e e8 eb cf bf 5e 5e 1a 0d e8 e3 cf bf 5e 5e 1b 0c e8 db cf bf 5e 5e 1c 0b e8 d3 cf bf 5e 5e 1d 0a e8 cb cf bf 5e 5e 1e 09 e8 c3 cf bf 5e 5e 1f 08 e8 bb cf bf 5e 5e 20 07 e8 b3 cf bf 5e 5e 21 06 e8 ab cf bf 5e 5e 22 05 e8 a3 cf bf 5e 5e 23 04 e8 9b cf bf 5e 5e 24 03 e8 93 cf bf 5e 5e 25 02 e8 8b cf bf 5e 5e 26 01 e8 83 cf bf 5e 5e 27 00 e0 43 b0 c8 f7 7f 00 00 e8 61 af c8 f7 7f 00 00 0f 1f 44 00 00 0f b6 c1 0f b6 d2 0f b6 c0 0b c2 0f b6 c0 c3 19 00 00 00 40 00 00 00 00 00 00 00 02 00 00 00 00 00 00 00 e8 43 cf bf 5e 5e 00 00 e0 47 b0 c8 f7 7f 00 00 e8 33 cf bf 5e 5e 00 00 40 48 b0 c8 f7 7f 00 00 e8 23 cf bf 5e 5e 00 00 a0 48 b0 c8 f7 7f 00 00 e8 13 cf bf 5e 5e 00 00 00 49 b0 c8 f7 7f 00 00 e8 03 cf bf 5e 5e 00 00 60 49 b0 c8 f7 7f 00 00 e8 f3 ce bf 5e 5e 00 27 e8 eb ce bf 5e 5e 01 26 e8 e3 ce bf 5e 5e 02 25 e8 db ce bf 5e 5e 03 24 e8 d3 ce bf 5e 5e 04 23 e8 cb ce bf 5e 5e 05 22 e8 c3 ce bf 5e 5e 06 21 e8 bb ce bf 5e 5e 07 20 e8 b3 ce bf 5e 5e 08 1f e8 ab ce bf 5e 5e 09 1e e8 a3 ce bf 5e 5e 0a 1d e8 9b ce bf 5e 5e 0b 1c e8 93 ce bf 5e 5e 0c 1b e8 8b ce bf 5e 5e 0d 1a e8 83 ce bf 5e 5e 0e 19 e8 7b ce bf 5e 5e 0f 18 e8 73 ce bf 5e 5e 10 17 e8 6b ce bf 5e 5e 11 16 e8 63 ce bf 5e 5e 12 15 e8 5b ce bf 5e 5e 13 14 e8 53 ce bf 5e 5e 14 13 e8 4b ce bf 5e 5e 15 12 e8 43 ce bf 5e 5e 16 11 e8 3b ce bf 5e 5e 17 10 e8 33 ce bf 5e 5e 18 0f e8 2b ce bf 5e 5e 19 0e e8 23 ce bf 5e 5e 1a 0d e8 1b ce bf 5e 5e 1b 0c e8 13 ce bf 5e 5e 1c 0b e8 0b ce bf 5e 5e 1d 0a e8 03 ce bf 5e 5e 1e 09 e8 fb cd bf 5e 5e 1f 08 e8 f3 cd bf 5e 5e 20 07 e8 eb cd bf 5e 5e 21 06 e8 e3 cd bf 5e 5e 22 05 e8 db cd bf 5e 5e 23 04 e8 d3 cd bf 5e 5e 24 03 e8 cb cd bf 5e 5e 25 02 e8 c3 cd bf 5e 5e 26 01 e8 bb cd bf 5e 5e 27 00 c0 49 b0 c8 f7 7f 00 00 e8 ab cd bf 5e 5e 00 00 00 4d b0 c8 f7 7f 00 00 e8 9b cd bf 5e 5e 00 00 60 4d b0 c8 f7 7f 00 00 e8 8b cd bf 5e 5e 00 00 c0 4d b0 c8 f7 7f 00 00 e8 7b cd bf 5e 5e 00 00 20 4e b0 c8 f7 7f 00 00 e8 6b cd bf 5e 5e 00 00 80 4e b0 c8 f7 7f 00 00 e8 5b cd bf 5e 5e 00 27 e8 53 cd bf 5e 5e 01 26 e8 4b cd bf 5e 5e 02 25 e8 43 cd bf 5e 5e 03 24 e8 3b cd bf 5e 5e 04 23 e8 33 cd bf 5e 5e 05 22 e8 2b cd bf 5e 5e 06 21 e8 23 cd bf 5e 5e 07 20 e8 1b cd bf 5e 5e 08 1f e8 13 cd bf 5e 5e 09 1e e8 0b cd bf 5e 5e 0a 1d e8 03 cd bf 5e 5e 0b 1c e8 fb cc bf 5e 5e 0c 1b e8 f3 cc bf 5e 5e 0d 1a e8 eb cc bf 5e 5e 0e 19 e8 e3 cc bf 5e 5e 0f 18 e8 db cc bf 5e 5e 10 17 e8 d3 cc bf 5e 5e 11 16 e8 cb cc bf 5e 5e 12 15 e8 c3 cc bf 5e 5e 13 14 e8 bb cc bf 5e 5e 14 13 e8 b3 cc bf 5e 5e 15 12 e8 ab cc bf 5e 5e 16 11 e8 a3 cc bf 5e 5e 17 10 e8 9b cc bf 5e 5e 18 0f e8 93 cc bf 5e 5e 19 0e e8 8b cc bf 5e 5e 1a 0d e8 83 cc bf 5e 5e 1b 0c e8 7b cc bf 5e 5e 1c 0b e8 73 cc bf 5e 5e 1d 0a e8 6b cc bf 5e 5e 1e 09 e8 63 cc bf 5e 5e 1f 08 e8 5b cc bf 5e 5e 20 07 e8 53 cc bf 5e 5e 21 06 e8 4b cc bf 5e 5e 22 05 e8 43 cc bf 5e 5e 23 04 e8 3b cc bf 5e 5e 24 03 e8 33 cc bf 5e 5e 25 02 e8 2b cc bf 5e 5e 26 01 e8 23 cc bf 5e 5e 27 00 e0 4e b0 c8 f7 7f 00 00 e8 13 cc bf 5e 5e 00 00 20 52 b0 c8 f7 7f 00 00 e8 03 cc bf 5e 5e 00 00 80 52 b0 c8 f7 7f 00 00 e8 f3 cb bf 5e 5e 00 00 e0 52 b0 c8 f7 7f 00 00 e8 e3 cb bf 5e 5e 00 00 40 53 b0 c8 f7 7f 00 00 e8 d3 cb bf 5e 5e 00 00 a0 53 b0 c8 f7 7f 00 00 e8 c3 cb bf 5e 5e 00 00 40 57 b0 c8 f7 7f 00 00 e8 b3 cb bf 5e 5e 00 00 a0 57 b0 c8 f7 7f 00 00 e8 a3 cb bf 5e 5e 00 00 00 58 b0 c8 f7 7f 00 00 e8 93 cb bf 5e 5e 00 00 60 58 b0 c8 f7 7f 00 00 e8 83 cb bf 5e 5e 00 00 c0 58 b0 c8 f7 7f 00 00 e8 73 cb bf 5e 5e 00 00 60 5c b0 c8 f7 7f 00 00 e8 63 cb bf 5e 5e 00 00 c0 5c b0 c8 f7 7f 00 00 e8 53 cb bf 5e 5e 00 00 20 5d b0 c8 f7 7f 00 00 68 62 af c8 f7 7f 00 00 0f 1f 44 00 00 0f b7 c1 0f b7 d2 0f b7 c0 0b c2 0f b7 c0 c3 19 00 00 00 40 00 00 00 00 00 00 00 00 00 00
15        | 7ff7c8668410h   | 1811    | hex://logix/bitvector.ops?nand#nand_g[64u]()                                                                  | BitVector<ulong> nand<ulong>(BitVector<ulong> x, BitVector<ulong> y)                                          | 0f 1f 44 00 00 48 23 d1 48 8b c2 48 f7 d0 c3 00 19 00 00 00 40 00 00 00 02 00 00 00 00 00 00 00 e8 0b d2 bf 5e 5e 00 27 e8 03 d2 bf 5e 5e 01 26 e8 fb d1 bf 5e 5e 02 25 e8 f3 d1 bf 5e 5e 03 24 e8 eb d1 bf 5e 5e 04 23 e8 e3 d1 bf 5e 5e 05 22 e8 db d1 bf 5e 5e 06 21 e8 d3 d1 bf 5e 5e 07 20 e8 cb d1 bf 5e 5e 08 1f e8 c3 d1 bf 5e 5e 09 1e e8 bb d1 bf 5e 5e 0a 1d e8 b3 d1 bf 5e 5e 0b 1c e8 ab d1 bf 5e 5e 0c 1b e8 a3 d1 bf 5e 5e 0d 1a e8 9b d1 bf 5e 5e 0e 19 e8 93 d1 bf 5e 5e 0f 18 e8 8b d1 bf 5e 5e 10 17 e8 83 d1 bf 5e 5e 11 16 e8 7b d1 bf 5e 5e 12 15 e8 73 d1 bf 5e 5e 13 14 e8 6b d1 bf 5e 5e 14 13 e8 63 d1 bf 5e 5e 15 12 e8 5b d1 bf 5e 5e 16 11 e8 53 d1 bf 5e 5e 17 10 e8 4b d1 bf 5e 5e 18 0f e8 43 d1 bf 5e 5e 19 0e e8 3b d1 bf 5e 5e 1a 0d e8 33 d1 bf 5e 5e 1b 0c e8 2b d1 bf 5e 5e 1c 0b e8 23 d1 bf 5e 5e 1d 0a e8 1b d1 bf 5e 5e 1e 09 e8 13 d1 bf 5e 5e 1f 08 e8 0b d1 bf 5e 5e 20 07 e8 03 d1 bf 5e 5e 21 06 e8 fb d0 bf 5e 5e 22 05 e8 f3 d0 bf 5e 5e 23 04 e8 eb d0 bf 5e 5e 24 03 e8 e3 d0 bf 5e 5e 25 02 e8 db d0 bf 5e 5e 26 01 e8 d3 d0 bf 5e 5e 27 00 80 3f b0 c8 f7 7f 00 00 02 00 00 00 00 00 00 00 e8 bb d0 bf 5e 5e 00 27 e8 b3 d0 bf 5e 5e 01 26 e8 ab d0 bf 5e 5e 02 25 e8 a3 d0 bf 5e 5e 03 24 e8 9b d0 bf 5e 5e 04 23 e8 93 d0 bf 5e 5e 05 22 e8 8b d0 bf 5e 5e 06 21 e8 83 d0 bf 5e 5e 07 20 e8 7b d0 bf 5e 5e 08 1f e8 73 d0 bf 5e 5e 09 1e e8 6b d0 bf 5e 5e 0a 1d e8 63 d0 bf 5e 5e 0b 1c e8 5b d0 bf 5e 5e 0c 1b e8 53 d0 bf 5e 5e 0d 1a e8 4b d0 bf 5e 5e 0e 19 e8 43 d0 bf 5e 5e 0f 18 e8 3b d0 bf 5e 5e 10 17 e8 33 d0 bf 5e 5e 11 16 e8 2b d0 bf 5e 5e 12 15 e8 23 d0 bf 5e 5e 13 14 e8 1b d0 bf 5e 5e 14 13 e8 13 d0 bf 5e 5e 15 12 e8 0b d0 bf 5e 5e 16 11 e8 03 d0 bf 5e 5e 17 10 e8 fb cf bf 5e 5e 18 0f e8 f3 cf bf 5e 5e 19 0e e8 eb cf bf 5e 5e 1a 0d e8 e3 cf bf 5e 5e 1b 0c e8 db cf bf 5e 5e 1c 0b e8 d3 cf bf 5e 5e 1d 0a e8 cb cf bf 5e 5e 1e 09 e8 c3 cf bf 5e 5e 1f 08 e8 bb cf bf 5e 5e 20 07 e8 b3 cf bf 5e 5e 21 06 e8 ab cf bf 5e 5e 22 05 e8 a3 cf bf 5e 5e 23 04 e8 9b cf bf 5e 5e 24 03 e8 93 cf bf 5e 5e 25 02 e8 8b cf bf 5e 5e 26 01 e8 83 cf bf 5e 5e 27 00 e0 43 b0 c8 f7 7f 00 00 e8 61 af c8 f7 7f 00 00 0f 1f 44 00 00 0f b6 c1 0f b6 d2 0f b6 c0 0b c2 0f b6 c0 c3 19 00 00 00 40 00 00 00 00 00 00 00 02 00 00 00 00 00 00 00 e8 43 cf bf 5e 5e 00 00 e0 47 b0 c8 f7 7f 00 00 e8 33 cf bf 5e 5e 00 00 40 48 b0 c8 f7 7f 00 00 e8 23 cf bf 5e 5e 00 00 a0 48 b0 c8 f7 7f 00 00 e8 13 cf bf 5e 5e 00 00 00 49 b0 c8 f7 7f 00 00 e8 03 cf bf 5e 5e 00 00 60 49 b0 c8 f7 7f 00 00 e8 f3 ce bf 5e 5e 00 27 e8 eb ce bf 5e 5e 01 26 e8 e3 ce bf 5e 5e 02 25 e8 db ce bf 5e 5e 03 24 e8 d3 ce bf 5e 5e 04 23 e8 cb ce bf 5e 5e 05 22 e8 c3 ce bf 5e 5e 06 21 e8 bb ce bf 5e 5e 07 20 e8 b3 ce bf 5e 5e 08 1f e8 ab ce bf 5e 5e 09 1e e8 a3 ce bf 5e 5e 0a 1d e8 9b ce bf 5e 5e 0b 1c e8 93 ce bf 5e 5e 0c 1b e8 8b ce bf 5e 5e 0d 1a e8 83 ce bf 5e 5e 0e 19 e8 7b ce bf 5e 5e 0f 18 e8 73 ce bf 5e 5e 10 17 e8 6b ce bf 5e 5e 11 16 e8 63 ce bf 5e 5e 12 15 e8 5b ce bf 5e 5e 13 14 e8 53 ce bf 5e 5e 14 13 e8 4b ce bf 5e 5e 15 12 e8 43 ce bf 5e 5e 16 11 e8 3b ce bf 5e 5e 17 10 e8 33 ce bf 5e 5e 18 0f e8 2b ce bf 5e 5e 19 0e e8 23 ce bf 5e 5e 1a 0d e8 1b ce bf 5e 5e 1b 0c e8 13 ce bf 5e 5e 1c 0b e8 0b ce bf 5e 5e 1d 0a e8 03 ce bf 5e 5e 1e 09 e8 fb cd bf 5e 5e 1f 08 e8 f3 cd bf 5e 5e 20 07 e8 eb cd bf 5e 5e 21 06 e8 e3 cd bf 5e 5e 22 05 e8 db cd bf 5e 5e 23 04 e8 d3 cd bf 5e 5e 24 03 e8 cb cd bf 5e 5e 25 02 e8 c3 cd bf 5e 5e 26 01 e8 bb cd bf 5e 5e 27 00 c0 49 b0 c8 f7 7f 00 00 e8 ab cd bf 5e 5e 00 00 00 4d b0 c8 f7 7f 00 00 e8 9b cd bf 5e 5e 00 00 60 4d b0 c8 f7 7f 00 00 e8 8b cd bf 5e 5e 00 00 c0 4d b0 c8 f7 7f 00 00 e8 7b cd bf 5e 5e 00 00 20 4e b0 c8 f7 7f 00 00 e8 6b cd bf 5e 5e 00 00 80 4e b0 c8 f7 7f 00 00 e8 5b cd bf 5e 5e 00 27 e8 53 cd bf 5e 5e 01 26 e8 4b cd bf 5e 5e 02 25 e8 43 cd bf 5e 5e 03 24 e8 3b cd bf 5e 5e 04 23 e8 33 cd bf 5e 5e 05 22 e8 2b cd bf 5e 5e 06 21 e8 23 cd bf 5e 5e 07 20 e8 1b cd bf 5e 5e 08 1f e8 13 cd bf 5e 5e 09 1e e8 0b cd bf 5e 5e 0a 1d e8 03 cd bf 5e 5e 0b 1c e8 fb cc bf 5e 5e 0c 1b e8 f3 cc bf 5e 5e 0d 1a e8 eb cc bf 5e 5e 0e 19 e8 e3 cc bf 5e 5e 0f 18 e8 db cc bf 5e 5e 10 17 e8 d3 cc bf 5e 5e 11 16 e8 cb cc bf 5e 5e 12 15 e8 c3 cc bf 5e 5e 13 14 e8 bb cc bf 5e 5e 14 13 e8 b3 cc bf 5e 5e 15 12 e8 ab cc bf 5e 5e 16 11 e8 a3 cc bf 5e 5e 17 10 e8 9b cc bf 5e 5e 18 0f e8 93 cc bf 5e 5e 19 0e e8 8b cc bf 5e 5e 1a 0d e8 83 cc bf 5e 5e 1b 0c e8 7b cc bf 5e 5e 1c 0b e8 73 cc bf 5e 5e 1d 0a e8 6b cc bf 5e 5e 1e 09 e8 63 cc bf 5e 5e 1f 08 e8 5b cc bf 5e 5e 20 07 e8 53 cc bf 5e 5e 21 06 e8 4b cc bf 5e 5e 22 05 e8 43 cc bf 5e 5e 23 04 e8 3b cc bf 5e 5e 24 03 e8 33 cc bf 5e 5e 25 02 e8 2b cc bf 5e 5e 26 01 e8 23 cc bf 5e 5e 27 00 e0 4e b0 c8 f7 7f 00 00 e8 13 cc bf 5e 5e 00 00 20 52 b0 c8 f7 7f 00 00 e8 03 cc bf 5e 5e 00 00 80 52 b0 c8 f7 7f 00 00 e8 f3 cb bf 5e 5e 00 00 e0 52 b0 c8 f7 7f 00 00 e8 e3 cb bf 5e 5e 00 00 40 53 b0 c8 f7 7f 00 00 e8 d3 cb bf 5e 5e 00 00 a0 53 b0 c8 f7 7f 00 00 e8 c3 cb bf 5e 5e 00 00 40 57 b0 c8 f7 7f 00 00 e8 b3 cb bf 5e 5e 00 00 a0 57 b0 c8 f7 7f 00 00 e8 a3 cb bf 5e 5e 00 00 00 58 b0 c8 f7 7f 00 00 e8 93 cb bf 5e 5e 00 00 60 58 b0 c8 f7 7f 00 00 e8 83 cb bf 5e 5e 00 00 c0 58 b0 c8 f7 7f 00 00 e8 73 cb bf 5e 5e 00 00 60 5c b0 c8 f7 7f 00 00 e8 63 cb bf 5e 5e 00 00 c0 5c b0 c8 f7 7f 00 00 e8 53 cb bf 5e 5e 00 00 20 5d b0 c8 f7 7f 00 00 68 62 af c8 f7 7f 00 00 0f 1f 44 00 00 0f b7 c1 0f b7 d2 0f b7 c0 0b c2 0f b7 c0 c3 19 00 00 00 40 00 00 00 00 00 00 00 00 00 00
16        | 7ff7c86686d0h   | 1107    | hex://logix/bitvector.ops?or#or_g[8u]()                                                                       | BitVector<byte> or<byte>(BitVector<byte> x, BitVector<byte> y)                                                | 0f 1f 44 00 00 0f b6 c1 0f b6 d2 0f b6 c0 0b c2 0f b6 c0 c3 19 00 00 00 40 00 00 00 00 00 00 00 02 00 00 00 00 00 00 00 e8 43 cf bf 5e 5e 00 00 e0 47 b0 c8 f7 7f 00 00 e8 33 cf bf 5e 5e 00 00 40 48 b0 c8 f7 7f 00 00 e8 23 cf bf 5e 5e 00 00 a0 48 b0 c8 f7 7f 00 00 e8 13 cf bf 5e 5e 00 00 00 49 b0 c8 f7 7f 00 00 e8 03 cf bf 5e 5e 00 00 60 49 b0 c8 f7 7f 00 00 e8 f3 ce bf 5e 5e 00 27 e8 eb ce bf 5e 5e 01 26 e8 e3 ce bf 5e 5e 02 25 e8 db ce bf 5e 5e 03 24 e8 d3 ce bf 5e 5e 04 23 e8 cb ce bf 5e 5e 05 22 e8 c3 ce bf 5e 5e 06 21 e8 bb ce bf 5e 5e 07 20 e8 b3 ce bf 5e 5e 08 1f e8 ab ce bf 5e 5e 09 1e e8 a3 ce bf 5e 5e 0a 1d e8 9b ce bf 5e 5e 0b 1c e8 93 ce bf 5e 5e 0c 1b e8 8b ce bf 5e 5e 0d 1a e8 83 ce bf 5e 5e 0e 19 e8 7b ce bf 5e 5e 0f 18 e8 73 ce bf 5e 5e 10 17 e8 6b ce bf 5e 5e 11 16 e8 63 ce bf 5e 5e 12 15 e8 5b ce bf 5e 5e 13 14 e8 53 ce bf 5e 5e 14 13 e8 4b ce bf 5e 5e 15 12 e8 43 ce bf 5e 5e 16 11 e8 3b ce bf 5e 5e 17 10 e8 33 ce bf 5e 5e 18 0f e8 2b ce bf 5e 5e 19 0e e8 23 ce bf 5e 5e 1a 0d e8 1b ce bf 5e 5e 1b 0c e8 13 ce bf 5e 5e 1c 0b e8 0b ce bf 5e 5e 1d 0a e8 03 ce bf 5e 5e 1e 09 e8 fb cd bf 5e 5e 1f 08 e8 f3 cd bf 5e 5e 20 07 e8 eb cd bf 5e 5e 21 06 e8 e3 cd bf 5e 5e 22 05 e8 db cd bf 5e 5e 23 04 e8 d3 cd bf 5e 5e 24 03 e8 cb cd bf 5e 5e 25 02 e8 c3 cd bf 5e 5e 26 01 e8 bb cd bf 5e 5e 27 00 c0 49 b0 c8 f7 7f 00 00 e8 ab cd bf 5e 5e 00 00 00 4d b0 c8 f7 7f 00 00 e8 9b cd bf 5e 5e 00 00 60 4d b0 c8 f7 7f 00 00 e8 8b cd bf 5e 5e 00 00 c0 4d b0 c8 f7 7f 00 00 e8 7b cd bf 5e 5e 00 00 20 4e b0 c8 f7 7f 00 00 e8 6b cd bf 5e 5e 00 00 80 4e b0 c8 f7 7f 00 00 e8 5b cd bf 5e 5e 00 27 e8 53 cd bf 5e 5e 01 26 e8 4b cd bf 5e 5e 02 25 e8 43 cd bf 5e 5e 03 24 e8 3b cd bf 5e 5e 04 23 e8 33 cd bf 5e 5e 05 22 e8 2b cd bf 5e 5e 06 21 e8 23 cd bf 5e 5e 07 20 e8 1b cd bf 5e 5e 08 1f e8 13 cd bf 5e 5e 09 1e e8 0b cd bf 5e 5e 0a 1d e8 03 cd bf 5e 5e 0b 1c e8 fb cc bf 5e 5e 0c 1b e8 f3 cc bf 5e 5e 0d 1a e8 eb cc bf 5e 5e 0e 19 e8 e3 cc bf 5e 5e 0f 18 e8 db cc bf 5e 5e 10 17 e8 d3 cc bf 5e 5e 11 16 e8 cb cc bf 5e 5e 12 15 e8 c3 cc bf 5e 5e 13 14 e8 bb cc bf 5e 5e 14 13 e8 b3 cc bf 5e 5e 15 12 e8 ab cc bf 5e 5e 16 11 e8 a3 cc bf 5e 5e 17 10 e8 9b cc bf 5e 5e 18 0f e8 93 cc bf 5e 5e 19 0e e8 8b cc bf 5e 5e 1a 0d e8 83 cc bf 5e 5e 1b 0c e8 7b cc bf 5e 5e 1c 0b e8 73 cc bf 5e 5e 1d 0a e8 6b cc bf 5e 5e 1e 09 e8 63 cc bf 5e 5e 1f 08 e8 5b cc bf 5e 5e 20 07 e8 53 cc bf 5e 5e 21 06 e8 4b cc bf 5e 5e 22 05 e8 43 cc bf 5e 5e 23 04 e8 3b cc bf 5e 5e 24 03 e8 33 cc bf 5e 5e 25 02 e8 2b cc bf 5e 5e 26 01 e8 23 cc bf 5e 5e 27 00 e0 4e b0 c8 f7 7f 00 00 e8 13 cc bf 5e 5e 00 00 20 52 b0 c8 f7 7f 00 00 e8 03 cc bf 5e 5e 00 00 80 52 b0 c8 f7 7f 00 00 e8 f3 cb bf 5e 5e 00 00 e0 52 b0 c8 f7 7f 00 00 e8 e3 cb bf 5e 5e 00 00 40 53 b0 c8 f7 7f 00 00 e8 d3 cb bf 5e 5e 00 00 a0 53 b0 c8 f7 7f 00 00 e8 c3 cb bf 5e 5e 00 00 40 57 b0 c8 f7 7f 00 00 e8 b3 cb bf 5e 5e 00 00 a0 57 b0 c8 f7 7f 00 00 e8 a3 cb bf 5e 5e 00 00 00 58 b0 c8 f7 7f 00 00 e8 93 cb bf 5e 5e 00 00 60 58 b0 c8 f7 7f 00 00 e8 83 cb bf 5e 5e 00 00 c0 58 b0 c8 f7 7f 00 00 e8 73 cb bf 5e 5e 00 00 60 5c b0 c8 f7 7f 00 00 e8 63 cb bf 5e 5e 00 00 c0 5c b0 c8 f7 7f 00 00 e8 53 cb bf 5e 5e 00 00 20 5d b0 c8 f7 7f 00 00 68 62 af c8 f7 7f 00 00 0f 1f 44 00 00 0f b7 c1 0f b7 d2 0f b7 c0 0b c2 0f b7 c0 c3 19 00 00 00 40 00 00 00 00 00 00 00 00 00 00
17        | 7ff7c8668b00h   | 35      | hex://logix/bitvector.ops?or#or_g[16u]()                                                                      | BitVector<ushort> or<ushort>(BitVector<ushort> x, BitVector<ushort> y)                                        | 0f 1f 44 00 00 0f b7 c1 0f b7 d2 0f b7 c0 0b c2 0f b7 c0 c3 19 00 00 00 40 00 00 00 00 00 00 00 00 00 00
18        | 7ff7c8668b30h   | 103     | hex://logix/bitvector.ops?or#or_g[32u]()                                                                      | BitVector<uint> or<uint>(BitVector<uint> x, BitVector<uint> y)                                                | 0f 1f 44 00 00 0b d1 8b c2 c3 00 00 19 00 00 00 40 00 00 00 00 00 00 00 68 63 af c8 f7 7f 00 00 0f 1f 44 00 00 48 0b d1 48 8b c2 c3 19 00 00 00 40 00 00 00 00 00 00 00 78 64 af c8 f7 7f 00 00 0f 1f 44 00 00 0f b6 c1 0f b6 d2 0f b6 c0 0b c2 f7 d0 0f b6 c0 c3 00 00 19 00 00 00 40 00 00 00 00 00 00 00 00 00 00
19        | 7ff7c8668b50h   | 71      | hex://logix/bitvector.ops?or#or_g[64u]()                                                                      | BitVector<ulong> or<ulong>(BitVector<ulong> x, BitVector<ulong> y)                                            | 0f 1f 44 00 00 48 0b d1 48 8b c2 c3 19 00 00 00 40 00 00 00 00 00 00 00 78 64 af c8 f7 7f 00 00 0f 1f 44 00 00 0f b6 c1 0f b6 d2 0f b6 c0 0b c2 f7 d0 0f b6 c0 c3 00 00 19 00 00 00 40 00 00 00 00 00 00 00 00 00 00
20        | 7ff7c8668b70h   | 39      | hex://logix/bitvector.ops?nor#nor_g[8u]()                                                                     | BitVector<byte> nor<byte>(BitVector<byte> x, BitVector<byte> y)                                               | 0f 1f 44 00 00 0f b6 c1 0f b6 d2 0f b6 c0 0b c2 f7 d0 0f b6 c0 c3 00 00 19 00 00 00 40 00 00 00 00 00 00 00 00 00 00
21        | 7ff7c8668ba0h   | 39      | hex://logix/bitvector.ops?nor#nor_g[16u]()                                                                    | BitVector<ushort> nor<ushort>(BitVector<ushort> x, BitVector<ushort> y)                                       | 0f 1f 44 00 00 0f b7 c1 0f b7 d2 0f b7 c0 0b c2 f7 d0 0f b7 c0 c3 00 00 19 00 00 00 40 00 00 00 00 00 00 00 00 00 00
22        | 7ff7c8668bd0h   | 99      | hex://logix/bitvector.ops?nor#nor_g[32u]()                                                                    | BitVector<uint> nor<uint>(BitVector<uint> x, BitVector<uint> y)                                               | 0f 1f 44 00 00 0b d1 8b c2 f7 d0 c3 19 00 00 00 40 00 00 00 00 00 00 00 b0 65 af c8 f7 7f 00 00 0f 1f 44 00 00 48 0b d1 48 8b c2 48 f7 d0 c3 00 19 00 00 00 40 00 00 00 c0 66 af c8 f7 7f 00 00 0f 1f 44 00 00 0f b6 c1 0f b6 d2 0f b6 c0 33 c2 0f b6 c0 c3 19 00 00 00 40 00 00 00 00 00 00 00 00 00 00
23        | 7ff7c8668bf0h   | 67      | hex://logix/bitvector.ops?nor#nor_g[64u]()                                                                    | BitVector<ulong> nor<ulong>(BitVector<ulong> x, BitVector<ulong> y)                                           | 0f 1f 44 00 00 48 0b d1 48 8b c2 48 f7 d0 c3 00 19 00 00 00 40 00 00 00 c0 66 af c8 f7 7f 00 00 0f 1f 44 00 00 0f b6 c1 0f b6 d2 0f b6 c0 33 c2 0f b6 c0 c3 19 00 00 00 40 00 00 00 00 00 00 00 00 00 00
24        | 7ff7c8668c10h   | 35      | hex://logix/bitvector.ops?xor#xor_g[8u]()                                                                     | BitVector<byte> xor<byte>(BitVector<byte> x, BitVector<byte> y)                                               | 0f 1f 44 00 00 0f b6 c1 0f b6 d2 0f b6 c0 33 c2 0f b6 c0 c3 19 00 00 00 40 00 00 00 00 00 00 00 00 00 00
25        | 7ff7c8668c40h   | 35      | hex://logix/bitvector.ops?xor#xor_g[16u]()                                                                    | BitVector<ushort> xor<ushort>(BitVector<ushort> x, BitVector<ushort> y)                                       | 0f 1f 44 00 00 0f b7 c1 0f b7 d2 0f b7 c0 33 c2 0f b7 c0 c3 19 00 00 00 40 00 00 00 00 00 00 00 00 00 00
26        | 7ff7c8668c70h   | 439     | hex://logix/bitvector.ops?xor#xor_g[32u]()                                                                    | BitVector<uint> xor<uint>(BitVector<uint> x, BitVector<uint> y)                                               | 0f 1f 44 00 00 33 d1 8b c2 c3 00 00 19 00 00 00 40 00 00 00 00 00 00 00 f8 67 af c8 f7 7f 00 00 0f 1f 44 00 00 48 33 d1 48 8b c2 c3 19 00 00 00 40 00 00 00 00 00 00 00 02 00 00 00 00 00 00 00 e8 8b c9 bf 5e 5e 00 27 e8 83 c9 bf 5e 5e 01 26 e8 7b c9 bf 5e 5e 02 25 e8 73 c9 bf 5e 5e 03 24 e8 6b c9 bf 5e 5e 04 23 e8 63 c9 bf 5e 5e 05 22 e8 5b c9 bf 5e 5e 06 21 e8 53 c9 bf 5e 5e 07 20 e8 4b c9 bf 5e 5e 08 1f e8 43 c9 bf 5e 5e 09 1e e8 3b c9 bf 5e 5e 0a 1d e8 33 c9 bf 5e 5e 0b 1c e8 2b c9 bf 5e 5e 0c 1b e8 23 c9 bf 5e 5e 0d 1a e8 1b c9 bf 5e 5e 0e 19 e8 13 c9 bf 5e 5e 0f 18 e8 0b c9 bf 5e 5e 10 17 e8 03 c9 bf 5e 5e 11 16 e8 fb c8 bf 5e 5e 12 15 e8 f3 c8 bf 5e 5e 13 14 e8 eb c8 bf 5e 5e 14 13 e8 e3 c8 bf 5e 5e 15 12 e8 db c8 bf 5e 5e 16 11 e8 d3 c8 bf 5e 5e 17 10 e8 cb c8 bf 5e 5e 18 0f e8 c3 c8 bf 5e 5e 19 0e e8 bb c8 bf 5e 5e 1a 0d e8 b3 c8 bf 5e 5e 1b 0c e8 ab c8 bf 5e 5e 1c 0b e8 a3 c8 bf 5e 5e 1d 0a e8 9b c8 bf 5e 5e 1e 09 e8 93 c8 bf 5e 5e 1f 08 e8 8b c8 bf 5e 5e 20 07 e8 83 c8 bf 5e 5e 21 06 e8 7b c8 bf 5e 5e 22 05 e8 73 c8 bf 5e 5e 23 04 e8 6b c8 bf 5e 5e 24 03 e8 63 c8 bf 5e 5e 25 02 e8 5b c8 bf 5e 5e 26 01 e8 53 c8 bf 5e 5e 27 00 00 54 b0 c8 f7 7f 00 00 08 69 af c8 f7 7f 00 00 0f 1f 44 00 00 0f b6 c1 0f b6 d2 0f b6 c0 33 c2 f7 d0 0f b6 c0 c3 00 00 19 00 00 00 40 00 00 00 00 00 00 00 00 00 00
27        | 7ff7c8668c90h   | 407     | hex://logix/bitvector.ops?xor#xor_g[64u]()                                                                    | BitVector<ulong> xor<ulong>(BitVector<ulong> x, BitVector<ulong> y)                                           | 0f 1f 44 00 00 48 33 d1 48 8b c2 c3 19 00 00 00 40 00 00 00 00 00 00 00 02 00 00 00 00 00 00 00 e8 8b c9 bf 5e 5e 00 27 e8 83 c9 bf 5e 5e 01 26 e8 7b c9 bf 5e 5e 02 25 e8 73 c9 bf 5e 5e 03 24 e8 6b c9 bf 5e 5e 04 23 e8 63 c9 bf 5e 5e 05 22 e8 5b c9 bf 5e 5e 06 21 e8 53 c9 bf 5e 5e 07 20 e8 4b c9 bf 5e 5e 08 1f e8 43 c9 bf 5e 5e 09 1e e8 3b c9 bf 5e 5e 0a 1d e8 33 c9 bf 5e 5e 0b 1c e8 2b c9 bf 5e 5e 0c 1b e8 23 c9 bf 5e 5e 0d 1a e8 1b c9 bf 5e 5e 0e 19 e8 13 c9 bf 5e 5e 0f 18 e8 0b c9 bf 5e 5e 10 17 e8 03 c9 bf 5e 5e 11 16 e8 fb c8 bf 5e 5e 12 15 e8 f3 c8 bf 5e 5e 13 14 e8 eb c8 bf 5e 5e 14 13 e8 e3 c8 bf 5e 5e 15 12 e8 db c8 bf 5e 5e 16 11 e8 d3 c8 bf 5e 5e 17 10 e8 cb c8 bf 5e 5e 18 0f e8 c3 c8 bf 5e 5e 19 0e e8 bb c8 bf 5e 5e 1a 0d e8 b3 c8 bf 5e 5e 1b 0c e8 ab c8 bf 5e 5e 1c 0b e8 a3 c8 bf 5e 5e 1d 0a e8 9b c8 bf 5e 5e 1e 09 e8 93 c8 bf 5e 5e 1f 08 e8 8b c8 bf 5e 5e 20 07 e8 83 c8 bf 5e 5e 21 06 e8 7b c8 bf 5e 5e 22 05 e8 73 c8 bf 5e 5e 23 04 e8 6b c8 bf 5e 5e 24 03 e8 63 c8 bf 5e 5e 25 02 e8 5b c8 bf 5e 5e 26 01 e8 53 c8 bf 5e 5e 27 00 00 54 b0 c8 f7 7f 00 00 08 69 af c8 f7 7f 00 00 0f 1f 44 00 00 0f b6 c1 0f b6 d2 0f b6 c0 33 c2 f7 d0 0f b6 c0 c3 00 00 19 00 00 00 40 00 00 00 00 00 00 00 00 00 00
28        | 7ff7c8668e00h   | 39      | hex://logix/bitvector.ops?xnor#xnor_g[8u]()                                                                   | BitVector<byte> xnor<byte>(BitVector<byte> x, BitVector<byte> y)                                              | 0f 1f 44 00 00 0f b6 c1 0f b6 d2 0f b6 c0 33 c2 f7 d0 0f b6 c0 c3 00 00 19 00 00 00 40 00 00 00 00 00 00 00 00 00 00
29        | 7ff7c8668e30h   | 39      | hex://logix/bitvector.ops?xnor#xnor_g[16u]()                                                                  | BitVector<ushort> xnor<ushort>(BitVector<ushort> x, BitVector<ushort> y)                                      | 0f 1f 44 00 00 0f b7 c1 0f b7 d2 0f b7 c0 33 c2 f7 d0 0f b7 c0 c3 00 00 19 00 00 00 40 00 00 00 00 00 00 00 00 00 00
30        | 7ff7c8668e60h   | 1496    | hex://logix/bitvector.ops?xnor#xnor_g[32u]()                                                                  | BitVector<uint> xnor<uint>(BitVector<uint> x, BitVector<uint> y)                                              | 0f 1f 44 00 00 33 d1 8b c2 f7 d0 c3 19 00 00 00 40 00 00 00 00 00 00 00 40 6a af c8 f7 7f 00 00 0f 1f 44 00 00 48 33 d1 48 8b c2 48 f7 d0 c3 00 19 00 00 00 40 00 00 00 02 00 00 00 00 00 00 00 e8 9b c7 bf 5e 5e 00 27 e8 93 c7 bf 5e 5e 01 26 e8 8b c7 bf 5e 5e 02 25 e8 83 c7 bf 5e 5e 03 24 e8 7b c7 bf 5e 5e 04 23 e8 73 c7 bf 5e 5e 05 22 e8 6b c7 bf 5e 5e 06 21 e8 63 c7 bf 5e 5e 07 20 e8 5b c7 bf 5e 5e 08 1f e8 53 c7 bf 5e 5e 09 1e e8 4b c7 bf 5e 5e 0a 1d e8 43 c7 bf 5e 5e 0b 1c e8 3b c7 bf 5e 5e 0c 1b e8 33 c7 bf 5e 5e 0d 1a e8 2b c7 bf 5e 5e 0e 19 e8 23 c7 bf 5e 5e 0f 18 e8 1b c7 bf 5e 5e 10 17 e8 13 c7 bf 5e 5e 11 16 e8 0b c7 bf 5e 5e 12 15 e8 03 c7 bf 5e 5e 13 14 e8 fb c6 bf 5e 5e 14 13 e8 f3 c6 bf 5e 5e 15 12 e8 eb c6 bf 5e 5e 16 11 e8 e3 c6 bf 5e 5e 17 10 e8 db c6 bf 5e 5e 18 0f e8 d3 c6 bf 5e 5e 19 0e e8 cb c6 bf 5e 5e 1a 0d e8 c3 c6 bf 5e 5e 1b 0c e8 bb c6 bf 5e 5e 1c 0b e8 b3 c6 bf 5e 5e 1d 0a e8 ab c6 bf 5e 5e 1e 09 e8 a3 c6 bf 5e 5e 1f 08 e8 9b c6 bf 5e 5e 20 07 e8 93 c6 bf 5e 5e 21 06 e8 8b c6 bf 5e 5e 22 05 e8 83 c6 bf 5e 5e 23 04 e8 7b c6 bf 5e 5e 24 03 e8 73 c6 bf 5e 5e 25 02 e8 6b c6 bf 5e 5e 26 01 e8 63 c6 bf 5e 5e 27 00 20 59 b0 c8 f7 7f 00 00 50 6b af c8 f7 7f 00 00 0f 1f 44 00 00 89 54 24 10 0f b6 c1 c3 00 00 00 19 00 00 00 40 00 00 00 b8 6b af c8 f7 7f 00 00 0f 1f 44 00 00 89 54 24 10 0f b7 c1 c3 00 00 00 19 00 00 00 40 00 00 00 02 00 00 00 00 00 00 00 e8 0b c6 bf 5e 5e 00 00 80 5d b0 c8 f7 7f 00 00 e8 fb c5 bf 5e 5e 00 00 e0 5d b0 c8 f7 7f 00 00 e8 eb c5 bf 5e 5e 00 27 e8 e3 c5 bf 5e 5e 01 26 e8 db c5 bf 5e 5e 02 25 e8 d3 c5 bf 5e 5e 03 24 e8 cb c5 bf 5e 5e 04 23 e8 c3 c5 bf 5e 5e 05 22 e8 bb c5 bf 5e 5e 06 21 e8 b3 c5 bf 5e 5e 07 20 e8 ab c5 bf 5e 5e 08 1f e8 a3 c5 bf 5e 5e 09 1e e8 9b c5 bf 5e 5e 0a 1d e8 93 c5 bf 5e 5e 0b 1c e8 8b c5 bf 5e 5e 0c 1b e8 83 c5 bf 5e 5e 0d 1a e8 7b c5 bf 5e 5e 0e 19 e8 73 c5 bf 5e 5e 0f 18 e8 6b c5 bf 5e 5e 10 17 e8 63 c5 bf 5e 5e 11 16 e8 5b c5 bf 5e 5e 12 15 e8 53 c5 bf 5e 5e 13 14 e8 4b c5 bf 5e 5e 14 13 e8 43 c5 bf 5e 5e 15 12 e8 3b c5 bf 5e 5e 16 11 e8 33 c5 bf 5e 5e 17 10 e8 2b c5 bf 5e 5e 18 0f e8 23 c5 bf 5e 5e 19 0e e8 1b c5 bf 5e 5e 1a 0d e8 13 c5 bf 5e 5e 1b 0c e8 0b c5 bf 5e 5e 1c 0b e8 03 c5 bf 5e 5e 1d 0a e8 fb c4 bf 5e 5e 1e 09 e8 f3 c4 bf 5e 5e 1f 08 e8 eb c4 bf 5e 5e 20 07 e8 e3 c4 bf 5e 5e 21 06 e8 db c4 bf 5e 5e 22 05 e8 d3 c4 bf 5e 5e 23 04 e8 cb c4 bf 5e 5e 24 03 e8 c3 c4 bf 5e 5e 25 02 e8 bb c4 bf 5e 5e 26 01 e8 b3 c4 bf 5e 5e 27 00 40 5e b0 c8 f7 7f 00 00 e8 a3 c4 bf 5e 5e 00 00 80 61 b0 c8 f7 7f 00 00 e8 93 c4 bf 5e 5e 00 00 e0 61 b0 c8 f7 7f 00 00 e8 83 c4 bf 5e 5e 00 00 40 62 b0 c8 f7 7f 00 00 e8 73 c4 bf 5e 5e 00 00 a0 62 b0 c8 f7 7f 00 00 e8 63 c4 bf 5e 5e 00 00 00 63 b0 c8 f7 7f 00 00 e8 53 c4 bf 5e 5e 00 27 e8 4b c4 bf 5e 5e 01 26 e8 43 c4 bf 5e 5e 02 25 e8 3b c4 bf 5e 5e 03 24 e8 33 c4 bf 5e 5e 04 23 e8 2b c4 bf 5e 5e 05 22 e8 23 c4 bf 5e 5e 06 21 e8 1b c4 bf 5e 5e 07 20 e8 13 c4 bf 5e 5e 08 1f e8 0b c4 bf 5e 5e 09 1e e8 03 c4 bf 5e 5e 0a 1d e8 fb c3 bf 5e 5e 0b 1c e8 f3 c3 bf 5e 5e 0c 1b e8 eb c3 bf 5e 5e 0d 1a e8 e3 c3 bf 5e 5e 0e 19 e8 db c3 bf 5e 5e 0f 18 e8 d3 c3 bf 5e 5e 10 17 e8 cb c3 bf 5e 5e 11 16 e8 c3 c3 bf 5e 5e 12 15 e8 bb c3 bf 5e 5e 13 14 e8 b3 c3 bf 5e 5e 14 13 e8 ab c3 bf 5e 5e 15 12 e8 a3 c3 bf 5e 5e 16 11 e8 9b c3 bf 5e 5e 17 10 e8 93 c3 bf 5e 5e 18 0f e8 8b c3 bf 5e 5e 19 0e e8 83 c3 bf 5e 5e 1a 0d e8 7b c3 bf 5e 5e 1b 0c e8 73 c3 bf 5e 5e 1c 0b e8 6b c3 bf 5e 5e 1d 0a e8 63 c3 bf 5e 5e 1e 09 e8 5b c3 bf 5e 5e 1f 08 e8 53 c3 bf 5e 5e 20 07 e8 4b c3 bf 5e 5e 21 06 e8 43 c3 bf 5e 5e 22 05 e8 3b c3 bf 5e 5e 23 04 e8 33 c3 bf 5e 5e 24 03 e8 2b c3 bf 5e 5e 25 02 e8 23 c3 bf 5e 5e 26 01 e8 1b c3 bf 5e 5e 27 00 60 63 b0 c8 f7 7f 00 00 e8 0b c3 bf 5e 5e 00 00 a0 66 b0 c8 f7 7f 00 00 e8 fb c2 bf 5e 5e 00 00 00 67 b0 c8 f7 7f 00 00 e8 eb c2 bf 5e 5e 00 00 60 67 b0 c8 f7 7f 00 00 e8 db c2 bf 5e 5e 00 00 c0 67 b0 c8 f7 7f 00 00 e8 cb c2 bf 5e 5e 00 00 20 68 b0 c8 f7 7f 00 00 e8 bb c2 bf 5e 5e 00 00 c0 6b b0 c8 f7 7f 00 00 e8 ab c2 bf 5e 5e 00 00 20 6c b0 c8 f7 7f 00 00 e8 9b c2 bf 5e 5e 00 00 80 6c b0 c8 f7 7f 00 00 e8 8b c2 bf 5e 5e 00 00 e0 6c b0 c8 f7 7f 00 00 e8 7b c2 bf 5e 5e 00 00 40 6d b0 c8 f7 7f 00 00 e8 6b c2 bf 5e 5e 00 00 e0 70 b0 c8 f7 7f 00 00 e8 5b c2 bf 5e 5e 00 00 40 71 b0 c8 f7 7f 00 00 e8 4b c2 bf 5e 5e 00 00 a0 71 b0 c8 f7 7f 00 00 e8 3b c2 bf 5e 5e 00 00 00 72 b0 c8 f7 7f 00 00 e8 2b c2 bf 5e 5e 00 00 60 72 b0 c8 f7 7f 00 00 e8 1b c2 bf 5e 5e 00 00 00 76 b0 c8 f7 7f 00 00 00 00 00 00 00 00 00 00
31        | 7ff7c8668e80h   | 1464    | hex://logix/bitvector.ops?xnor#xnor_g[64u]()                                                                  | BitVector<ulong> xnor<ulong>(BitVector<ulong> x, BitVector<ulong> y)                                          | 0f 1f 44 00 00 48 33 d1 48 8b c2 48 f7 d0 c3 00 19 00 00 00 40 00 00 00 02 00 00 00 00 00 00 00 e8 9b c7 bf 5e 5e 00 27 e8 93 c7 bf 5e 5e 01 26 e8 8b c7 bf 5e 5e 02 25 e8 83 c7 bf 5e 5e 03 24 e8 7b c7 bf 5e 5e 04 23 e8 73 c7 bf 5e 5e 05 22 e8 6b c7 bf 5e 5e 06 21 e8 63 c7 bf 5e 5e 07 20 e8 5b c7 bf 5e 5e 08 1f e8 53 c7 bf 5e 5e 09 1e e8 4b c7 bf 5e 5e 0a 1d e8 43 c7 bf 5e 5e 0b 1c e8 3b c7 bf 5e 5e 0c 1b e8 33 c7 bf 5e 5e 0d 1a e8 2b c7 bf 5e 5e 0e 19 e8 23 c7 bf 5e 5e 0f 18 e8 1b c7 bf 5e 5e 10 17 e8 13 c7 bf 5e 5e 11 16 e8 0b c7 bf 5e 5e 12 15 e8 03 c7 bf 5e 5e 13 14 e8 fb c6 bf 5e 5e 14 13 e8 f3 c6 bf 5e 5e 15 12 e8 eb c6 bf 5e 5e 16 11 e8 e3 c6 bf 5e 5e 17 10 e8 db c6 bf 5e 5e 18 0f e8 d3 c6 bf 5e 5e 19 0e e8 cb c6 bf 5e 5e 1a 0d e8 c3 c6 bf 5e 5e 1b 0c e8 bb c6 bf 5e 5e 1c 0b e8 b3 c6 bf 5e 5e 1d 0a e8 ab c6 bf 5e 5e 1e 09 e8 a3 c6 bf 5e 5e 1f 08 e8 9b c6 bf 5e 5e 20 07 e8 93 c6 bf 5e 5e 21 06 e8 8b c6 bf 5e 5e 22 05 e8 83 c6 bf 5e 5e 23 04 e8 7b c6 bf 5e 5e 24 03 e8 73 c6 bf 5e 5e 25 02 e8 6b c6 bf 5e 5e 26 01 e8 63 c6 bf 5e 5e 27 00 20 59 b0 c8 f7 7f 00 00 50 6b af c8 f7 7f 00 00 0f 1f 44 00 00 89 54 24 10 0f b6 c1 c3 00 00 00 19 00 00 00 40 00 00 00 b8 6b af c8 f7 7f 00 00 0f 1f 44 00 00 89 54 24 10 0f b7 c1 c3 00 00 00 19 00 00 00 40 00 00 00 02 00 00 00 00 00 00 00 e8 0b c6 bf 5e 5e 00 00 80 5d b0 c8 f7 7f 00 00 e8 fb c5 bf 5e 5e 00 00 e0 5d b0 c8 f7 7f 00 00 e8 eb c5 bf 5e 5e 00 27 e8 e3 c5 bf 5e 5e 01 26 e8 db c5 bf 5e 5e 02 25 e8 d3 c5 bf 5e 5e 03 24 e8 cb c5 bf 5e 5e 04 23 e8 c3 c5 bf 5e 5e 05 22 e8 bb c5 bf 5e 5e 06 21 e8 b3 c5 bf 5e 5e 07 20 e8 ab c5 bf 5e 5e 08 1f e8 a3 c5 bf 5e 5e 09 1e e8 9b c5 bf 5e 5e 0a 1d e8 93 c5 bf 5e 5e 0b 1c e8 8b c5 bf 5e 5e 0c 1b e8 83 c5 bf 5e 5e 0d 1a e8 7b c5 bf 5e 5e 0e 19 e8 73 c5 bf 5e 5e 0f 18 e8 6b c5 bf 5e 5e 10 17 e8 63 c5 bf 5e 5e 11 16 e8 5b c5 bf 5e 5e 12 15 e8 53 c5 bf 5e 5e 13 14 e8 4b c5 bf 5e 5e 14 13 e8 43 c5 bf 5e 5e 15 12 e8 3b c5 bf 5e 5e 16 11 e8 33 c5 bf 5e 5e 17 10 e8 2b c5 bf 5e 5e 18 0f e8 23 c5 bf 5e 5e 19 0e e8 1b c5 bf 5e 5e 1a 0d e8 13 c5 bf 5e 5e 1b 0c e8 0b c5 bf 5e 5e 1c 0b e8 03 c5 bf 5e 5e 1d 0a e8 fb c4 bf 5e 5e 1e 09 e8 f3 c4 bf 5e 5e 1f 08 e8 eb c4 bf 5e 5e 20 07 e8 e3 c4 bf 5e 5e 21 06 e8 db c4 bf 5e 5e 22 05 e8 d3 c4 bf 5e 5e 23 04 e8 cb c4 bf 5e 5e 24 03 e8 c3 c4 bf 5e 5e 25 02 e8 bb c4 bf 5e 5e 26 01 e8 b3 c4 bf 5e 5e 27 00 40 5e b0 c8 f7 7f 00 00 e8 a3 c4 bf 5e 5e 00 00 80 61 b0 c8 f7 7f 00 00 e8 93 c4 bf 5e 5e 00 00 e0 61 b0 c8 f7 7f 00 00 e8 83 c4 bf 5e 5e 00 00 40 62 b0 c8 f7 7f 00 00 e8 73 c4 bf 5e 5e 00 00 a0 62 b0 c8 f7 7f 00 00 e8 63 c4 bf 5e 5e 00 00 00 63 b0 c8 f7 7f 00 00 e8 53 c4 bf 5e 5e 00 27 e8 4b c4 bf 5e 5e 01 26 e8 43 c4 bf 5e 5e 02 25 e8 3b c4 bf 5e 5e 03 24 e8 33 c4 bf 5e 5e 04 23 e8 2b c4 bf 5e 5e 05 22 e8 23 c4 bf 5e 5e 06 21 e8 1b c4 bf 5e 5e 07 20 e8 13 c4 bf 5e 5e 08 1f e8 0b c4 bf 5e 5e 09 1e e8 03 c4 bf 5e 5e 0a 1d e8 fb c3 bf 5e 5e 0b 1c e8 f3 c3 bf 5e 5e 0c 1b e8 eb c3 bf 5e 5e 0d 1a e8 e3 c3 bf 5e 5e 0e 19 e8 db c3 bf 5e 5e 0f 18 e8 d3 c3 bf 5e 5e 10 17 e8 cb c3 bf 5e 5e 11 16 e8 c3 c3 bf 5e 5e 12 15 e8 bb c3 bf 5e 5e 13 14 e8 b3 c3 bf 5e 5e 14 13 e8 ab c3 bf 5e 5e 15 12 e8 a3 c3 bf 5e 5e 16 11 e8 9b c3 bf 5e 5e 17 10 e8 93 c3 bf 5e 5e 18 0f e8 8b c3 bf 5e 5e 19 0e e8 83 c3 bf 5e 5e 1a 0d e8 7b c3 bf 5e 5e 1b 0c e8 73 c3 bf 5e 5e 1c 0b e8 6b c3 bf 5e 5e 1d 0a e8 63 c3 bf 5e 5e 1e 09 e8 5b c3 bf 5e 5e 1f 08 e8 53 c3 bf 5e 5e 20 07 e8 4b c3 bf 5e 5e 21 06 e8 43 c3 bf 5e 5e 22 05 e8 3b c3 bf 5e 5e 23 04 e8 33 c3 bf 5e 5e 24 03 e8 2b c3 bf 5e 5e 25 02 e8 23 c3 bf 5e 5e 26 01 e8 1b c3 bf 5e 5e 27 00 60 63 b0 c8 f7 7f 00 00 e8 0b c3 bf 5e 5e 00 00 a0 66 b0 c8 f7 7f 00 00 e8 fb c2 bf 5e 5e 00 00 00 67 b0 c8 f7 7f 00 00 e8 eb c2 bf 5e 5e 00 00 60 67 b0 c8 f7 7f 00 00 e8 db c2 bf 5e 5e 00 00 c0 67 b0 c8 f7 7f 00 00 e8 cb c2 bf 5e 5e 00 00 20 68 b0 c8 f7 7f 00 00 e8 bb c2 bf 5e 5e 00 00 c0 6b b0 c8 f7 7f 00 00 e8 ab c2 bf 5e 5e 00 00 20 6c b0 c8 f7 7f 00 00 e8 9b c2 bf 5e 5e 00 00 80 6c b0 c8 f7 7f 00 00 e8 8b c2 bf 5e 5e 00 00 e0 6c b0 c8 f7 7f 00 00 e8 7b c2 bf 5e 5e 00 00 40 6d b0 c8 f7 7f 00 00 e8 6b c2 bf 5e 5e 00 00 e0 70 b0 c8 f7 7f 00 00 e8 5b c2 bf 5e 5e 00 00 40 71 b0 c8 f7 7f 00 00 e8 4b c2 bf 5e 5e 00 00 a0 71 b0 c8 f7 7f 00 00 e8 3b c2 bf 5e 5e 00 00 00 72 b0 c8 f7 7f 00 00 e8 2b c2 bf 5e 5e 00 00 60 72 b0 c8 f7 7f 00 00 e8 1b c2 bf 5e 5e 00 00 00 76 b0 c8 f7 7f 00 00 00 00 00 00 00 00 00 00
32        | 7ff7c8668ff0h   | 1096    | hex://logix/bitvector.ops?left#left_g[8u]()                                                                   | BitVector<byte> left<byte>(BitVector<byte> x, BitVector<byte> y)                                              | 0f 1f 44 00 00 89 54 24 10 0f b6 c1 c3 00 00 00 19 00 00 00 40 00 00 00 b8 6b af c8 f7 7f 00 00 0f 1f 44 00 00 89 54 24 10 0f b7 c1 c3 00 00 00 19 00 00 00 40 00 00 00 02 00 00 00 00 00 00 00 e8 0b c6 bf 5e 5e 00 00 80 5d b0 c8 f7 7f 00 00 e8 fb c5 bf 5e 5e 00 00 e0 5d b0 c8 f7 7f 00 00 e8 eb c5 bf 5e 5e 00 27 e8 e3 c5 bf 5e 5e 01 26 e8 db c5 bf 5e 5e 02 25 e8 d3 c5 bf 5e 5e 03 24 e8 cb c5 bf 5e 5e 04 23 e8 c3 c5 bf 5e 5e 05 22 e8 bb c5 bf 5e 5e 06 21 e8 b3 c5 bf 5e 5e 07 20 e8 ab c5 bf 5e 5e 08 1f e8 a3 c5 bf 5e 5e 09 1e e8 9b c5 bf 5e 5e 0a 1d e8 93 c5 bf 5e 5e 0b 1c e8 8b c5 bf 5e 5e 0c 1b e8 83 c5 bf 5e 5e 0d 1a e8 7b c5 bf 5e 5e 0e 19 e8 73 c5 bf 5e 5e 0f 18 e8 6b c5 bf 5e 5e 10 17 e8 63 c5 bf 5e 5e 11 16 e8 5b c5 bf 5e 5e 12 15 e8 53 c5 bf 5e 5e 13 14 e8 4b c5 bf 5e 5e 14 13 e8 43 c5 bf 5e 5e 15 12 e8 3b c5 bf 5e 5e 16 11 e8 33 c5 bf 5e 5e 17 10 e8 2b c5 bf 5e 5e 18 0f e8 23 c5 bf 5e 5e 19 0e e8 1b c5 bf 5e 5e 1a 0d e8 13 c5 bf 5e 5e 1b 0c e8 0b c5 bf 5e 5e 1c 0b e8 03 c5 bf 5e 5e 1d 0a e8 fb c4 bf 5e 5e 1e 09 e8 f3 c4 bf 5e 5e 1f 08 e8 eb c4 bf 5e 5e 20 07 e8 e3 c4 bf 5e 5e 21 06 e8 db c4 bf 5e 5e 22 05 e8 d3 c4 bf 5e 5e 23 04 e8 cb c4 bf 5e 5e 24 03 e8 c3 c4 bf 5e 5e 25 02 e8 bb c4 bf 5e 5e 26 01 e8 b3 c4 bf 5e 5e 27 00 40 5e b0 c8 f7 7f 00 00 e8 a3 c4 bf 5e 5e 00 00 80 61 b0 c8 f7 7f 00 00 e8 93 c4 bf 5e 5e 00 00 e0 61 b0 c8 f7 7f 00 00 e8 83 c4 bf 5e 5e 00 00 40 62 b0 c8 f7 7f 00 00 e8 73 c4 bf 5e 5e 00 00 a0 62 b0 c8 f7 7f 00 00 e8 63 c4 bf 5e 5e 00 00 00 63 b0 c8 f7 7f 00 00 e8 53 c4 bf 5e 5e 00 27 e8 4b c4 bf 5e 5e 01 26 e8 43 c4 bf 5e 5e 02 25 e8 3b c4 bf 5e 5e 03 24 e8 33 c4 bf 5e 5e 04 23 e8 2b c4 bf 5e 5e 05 22 e8 23 c4 bf 5e 5e 06 21 e8 1b c4 bf 5e 5e 07 20 e8 13 c4 bf 5e 5e 08 1f e8 0b c4 bf 5e 5e 09 1e e8 03 c4 bf 5e 5e 0a 1d e8 fb c3 bf 5e 5e 0b 1c e8 f3 c3 bf 5e 5e 0c 1b e8 eb c3 bf 5e 5e 0d 1a e8 e3 c3 bf 5e 5e 0e 19 e8 db c3 bf 5e 5e 0f 18 e8 d3 c3 bf 5e 5e 10 17 e8 cb c3 bf 5e 5e 11 16 e8 c3 c3 bf 5e 5e 12 15 e8 bb c3 bf 5e 5e 13 14 e8 b3 c3 bf 5e 5e 14 13 e8 ab c3 bf 5e 5e 15 12 e8 a3 c3 bf 5e 5e 16 11 e8 9b c3 bf 5e 5e 17 10 e8 93 c3 bf 5e 5e 18 0f e8 8b c3 bf 5e 5e 19 0e e8 83 c3 bf 5e 5e 1a 0d e8 7b c3 bf 5e 5e 1b 0c e8 73 c3 bf 5e 5e 1c 0b e8 6b c3 bf 5e 5e 1d 0a e8 63 c3 bf 5e 5e 1e 09 e8 5b c3 bf 5e 5e 1f 08 e8 53 c3 bf 5e 5e 20 07 e8 4b c3 bf 5e 5e 21 06 e8 43 c3 bf 5e 5e 22 05 e8 3b c3 bf 5e 5e 23 04 e8 33 c3 bf 5e 5e 24 03 e8 2b c3 bf 5e 5e 25 02 e8 23 c3 bf 5e 5e 26 01 e8 1b c3 bf 5e 5e 27 00 60 63 b0 c8 f7 7f 00 00 e8 0b c3 bf 5e 5e 00 00 a0 66 b0 c8 f7 7f 00 00 e8 fb c2 bf 5e 5e 00 00 00 67 b0 c8 f7 7f 00 00 e8 eb c2 bf 5e 5e 00 00 60 67 b0 c8 f7 7f 00 00 e8 db c2 bf 5e 5e 00 00 c0 67 b0 c8 f7 7f 00 00 e8 cb c2 bf 5e 5e 00 00 20 68 b0 c8 f7 7f 00 00 e8 bb c2 bf 5e 5e 00 00 c0 6b b0 c8 f7 7f 00 00 e8 ab c2 bf 5e 5e 00 00 20 6c b0 c8 f7 7f 00 00 e8 9b c2 bf 5e 5e 00 00 80 6c b0 c8 f7 7f 00 00 e8 8b c2 bf 5e 5e 00 00 e0 6c b0 c8 f7 7f 00 00 e8 7b c2 bf 5e 5e 00 00 40 6d b0 c8 f7 7f 00 00 e8 6b c2 bf 5e 5e 00 00 e0 70 b0 c8 f7 7f 00 00 e8 5b c2 bf 5e 5e 00 00 40 71 b0 c8 f7 7f 00 00 e8 4b c2 bf 5e 5e 00 00 a0 71 b0 c8 f7 7f 00 00 e8 3b c2 bf 5e 5e 00 00 00 72 b0 c8 f7 7f 00 00 e8 2b c2 bf 5e 5e 00 00 60 72 b0 c8 f7 7f 00 00 e8 1b c2 bf 5e 5e 00 00 00 76 b0 c8 f7 7f 00 00 00 00 00 00 00 00 00 00
33        | 7ff7c8669010h   | 1064    | hex://logix/bitvector.ops?left#left_g[16u]()                                                                  | BitVector<ushort> left<ushort>(BitVector<ushort> x, BitVector<ushort> y)                                      | 0f 1f 44 00 00 89 54 24 10 0f b7 c1 c3 00 00 00 19 00 00 00 40 00 00 00 02 00 00 00 00 00 00 00 e8 0b c6 bf 5e 5e 00 00 80 5d b0 c8 f7 7f 00 00 e8 fb c5 bf 5e 5e 00 00 e0 5d b0 c8 f7 7f 00 00 e8 eb c5 bf 5e 5e 00 27 e8 e3 c5 bf 5e 5e 01 26 e8 db c5 bf 5e 5e 02 25 e8 d3 c5 bf 5e 5e 03 24 e8 cb c5 bf 5e 5e 04 23 e8 c3 c5 bf 5e 5e 05 22 e8 bb c5 bf 5e 5e 06 21 e8 b3 c5 bf 5e 5e 07 20 e8 ab c5 bf 5e 5e 08 1f e8 a3 c5 bf 5e 5e 09 1e e8 9b c5 bf 5e 5e 0a 1d e8 93 c5 bf 5e 5e 0b 1c e8 8b c5 bf 5e 5e 0c 1b e8 83 c5 bf 5e 5e 0d 1a e8 7b c5 bf 5e 5e 0e 19 e8 73 c5 bf 5e 5e 0f 18 e8 6b c5 bf 5e 5e 10 17 e8 63 c5 bf 5e 5e 11 16 e8 5b c5 bf 5e 5e 12 15 e8 53 c5 bf 5e 5e 13 14 e8 4b c5 bf 5e 5e 14 13 e8 43 c5 bf 5e 5e 15 12 e8 3b c5 bf 5e 5e 16 11 e8 33 c5 bf 5e 5e 17 10 e8 2b c5 bf 5e 5e 18 0f e8 23 c5 bf 5e 5e 19 0e e8 1b c5 bf 5e 5e 1a 0d e8 13 c5 bf 5e 5e 1b 0c e8 0b c5 bf 5e 5e 1c 0b e8 03 c5 bf 5e 5e 1d 0a e8 fb c4 bf 5e 5e 1e 09 e8 f3 c4 bf 5e 5e 1f 08 e8 eb c4 bf 5e 5e 20 07 e8 e3 c4 bf 5e 5e 21 06 e8 db c4 bf 5e 5e 22 05 e8 d3 c4 bf 5e 5e 23 04 e8 cb c4 bf 5e 5e 24 03 e8 c3 c4 bf 5e 5e 25 02 e8 bb c4 bf 5e 5e 26 01 e8 b3 c4 bf 5e 5e 27 00 40 5e b0 c8 f7 7f 00 00 e8 a3 c4 bf 5e 5e 00 00 80 61 b0 c8 f7 7f 00 00 e8 93 c4 bf 5e 5e 00 00 e0 61 b0 c8 f7 7f 00 00 e8 83 c4 bf 5e 5e 00 00 40 62 b0 c8 f7 7f 00 00 e8 73 c4 bf 5e 5e 00 00 a0 62 b0 c8 f7 7f 00 00 e8 63 c4 bf 5e 5e 00 00 00 63 b0 c8 f7 7f 00 00 e8 53 c4 bf 5e 5e 00 27 e8 4b c4 bf 5e 5e 01 26 e8 43 c4 bf 5e 5e 02 25 e8 3b c4 bf 5e 5e 03 24 e8 33 c4 bf 5e 5e 04 23 e8 2b c4 bf 5e 5e 05 22 e8 23 c4 bf 5e 5e 06 21 e8 1b c4 bf 5e 5e 07 20 e8 13 c4 bf 5e 5e 08 1f e8 0b c4 bf 5e 5e 09 1e e8 03 c4 bf 5e 5e 0a 1d e8 fb c3 bf 5e 5e 0b 1c e8 f3 c3 bf 5e 5e 0c 1b e8 eb c3 bf 5e 5e 0d 1a e8 e3 c3 bf 5e 5e 0e 19 e8 db c3 bf 5e 5e 0f 18 e8 d3 c3 bf 5e 5e 10 17 e8 cb c3 bf 5e 5e 11 16 e8 c3 c3 bf 5e 5e 12 15 e8 bb c3 bf 5e 5e 13 14 e8 b3 c3 bf 5e 5e 14 13 e8 ab c3 bf 5e 5e 15 12 e8 a3 c3 bf 5e 5e 16 11 e8 9b c3 bf 5e 5e 17 10 e8 93 c3 bf 5e 5e 18 0f e8 8b c3 bf 5e 5e 19 0e e8 83 c3 bf 5e 5e 1a 0d e8 7b c3 bf 5e 5e 1b 0c e8 73 c3 bf 5e 5e 1c 0b e8 6b c3 bf 5e 5e 1d 0a e8 63 c3 bf 5e 5e 1e 09 e8 5b c3 bf 5e 5e 1f 08 e8 53 c3 bf 5e 5e 20 07 e8 4b c3 bf 5e 5e 21 06 e8 43 c3 bf 5e 5e 22 05 e8 3b c3 bf 5e 5e 23 04 e8 33 c3 bf 5e 5e 24 03 e8 2b c3 bf 5e 5e 25 02 e8 23 c3 bf 5e 5e 26 01 e8 1b c3 bf 5e 5e 27 00 60 63 b0 c8 f7 7f 00 00 e8 0b c3 bf 5e 5e 00 00 a0 66 b0 c8 f7 7f 00 00 e8 fb c2 bf 5e 5e 00 00 00 67 b0 c8 f7 7f 00 00 e8 eb c2 bf 5e 5e 00 00 60 67 b0 c8 f7 7f 00 00 e8 db c2 bf 5e 5e 00 00 c0 67 b0 c8 f7 7f 00 00 e8 cb c2 bf 5e 5e 00 00 20 68 b0 c8 f7 7f 00 00 e8 bb c2 bf 5e 5e 00 00 c0 6b b0 c8 f7 7f 00 00 e8 ab c2 bf 5e 5e 00 00 20 6c b0 c8 f7 7f 00 00 e8 9b c2 bf 5e 5e 00 00 80 6c b0 c8 f7 7f 00 00 e8 8b c2 bf 5e 5e 00 00 e0 6c b0 c8 f7 7f 00 00 e8 7b c2 bf 5e 5e 00 00 40 6d b0 c8 f7 7f 00 00 e8 6b c2 bf 5e 5e 00 00 e0 70 b0 c8 f7 7f 00 00 e8 5b c2 bf 5e 5e 00 00 40 71 b0 c8 f7 7f 00 00 e8 4b c2 bf 5e 5e 00 00 a0 71 b0 c8 f7 7f 00 00 e8 3b c2 bf 5e 5e 00 00 00 72 b0 c8 f7 7f 00 00 e8 2b c2 bf 5e 5e 00 00 60 72 b0 c8 f7 7f 00 00 e8 1b c2 bf 5e 5e 00 00 00 76 b0 c8 f7 7f 00 00 00 00 00 00 00 00 00 00
34        | 7ff7c8669440h   | 227     | hex://logix/bitvector.ops?left#left_g[32u]()                                                                  | BitVector<uint> left<uint>(BitVector<uint> x, BitVector<uint> y)                                              | 0f 1f 44 00 00 89 54 24 10 8b c1 c3 19 00 00 00 40 00 00 00 00 00 00 00 88 6c af c8 f7 7f 00 00 0f 1f 44 00 00 48 89 54 24 10 48 8b c1 c3 00 00 19 00 00 00 40 00 00 00 98 6d af c8 f7 7f 00 00 0f 1f 44 00 00 89 4c 24 08 0f b6 c2 c3 00 00 00 19 00 00 00 40 00 00 00 00 6e af c8 f7 7f 00 00 0f 1f 44 00 00 89 4c 24 08 0f b7 c2 c3 00 00 00 19 00 00 00 40 00 00 00 68 6e af c8 f7 7f 00 00 0f 1f 44 00 00 89 4c 24 08 8b c2 c3 19 00 00 00 40 00 00 00 00 00 00 00 d0 6e af c8 f7 7f 00 00 0f 1f 44 00 00 48 89 4c 24 08 48 8b c2 c3 00 00 19 00 00 00 40 00 00 00 e0 6f af c8 f7 7f 00 00 0f 1f 44 00 00 89 54 24 10 0f b6 c1 f7 d0 0f b6 c0 c3 00 00 19 00 00 00 40 00 00 00 00 00 00 00 00 00 00
35        | 7ff7c8669460h   | 195     | hex://logix/bitvector.ops?left#left_g[64u]()                                                                  | BitVector<ulong> left<ulong>(BitVector<ulong> x, BitVector<ulong> y)                                          | 0f 1f 44 00 00 48 89 54 24 10 48 8b c1 c3 00 00 19 00 00 00 40 00 00 00 98 6d af c8 f7 7f 00 00 0f 1f 44 00 00 89 4c 24 08 0f b6 c2 c3 00 00 00 19 00 00 00 40 00 00 00 00 6e af c8 f7 7f 00 00 0f 1f 44 00 00 89 4c 24 08 0f b7 c2 c3 00 00 00 19 00 00 00 40 00 00 00 68 6e af c8 f7 7f 00 00 0f 1f 44 00 00 89 4c 24 08 8b c2 c3 19 00 00 00 40 00 00 00 00 00 00 00 d0 6e af c8 f7 7f 00 00 0f 1f 44 00 00 48 89 4c 24 08 48 8b c2 c3 00 00 19 00 00 00 40 00 00 00 e0 6f af c8 f7 7f 00 00 0f 1f 44 00 00 89 54 24 10 0f b6 c1 f7 d0 0f b6 c0 c3 00 00 19 00 00 00 40 00 00 00 00 00 00 00 00 00 00
36        | 7ff7c8669480h   | 163     | hex://logix/bitvector.ops?right#right_g[8u]()                                                                 | BitVector<byte> right<byte>(BitVector<byte> x, BitVector<byte> y)                                             | 0f 1f 44 00 00 89 4c 24 08 0f b6 c2 c3 00 00 00 19 00 00 00 40 00 00 00 00 6e af c8 f7 7f 00 00 0f 1f 44 00 00 89 4c 24 08 0f b7 c2 c3 00 00 00 19 00 00 00 40 00 00 00 68 6e af c8 f7 7f 00 00 0f 1f 44 00 00 89 4c 24 08 8b c2 c3 19 00 00 00 40 00 00 00 00 00 00 00 d0 6e af c8 f7 7f 00 00 0f 1f 44 00 00 48 89 4c 24 08 48 8b c2 c3 00 00 19 00 00 00 40 00 00 00 e0 6f af c8 f7 7f 00 00 0f 1f 44 00 00 89 54 24 10 0f b6 c1 f7 d0 0f b6 c0 c3 00 00 19 00 00 00 40 00 00 00 00 00 00 00 00 00 00
37        | 7ff7c86694a0h   | 131     | hex://logix/bitvector.ops?right#right_g[16u]()                                                                | BitVector<ushort> right<ushort>(BitVector<ushort> x, BitVector<ushort> y)                                     | 0f 1f 44 00 00 89 4c 24 08 0f b7 c2 c3 00 00 00 19 00 00 00 40 00 00 00 68 6e af c8 f7 7f 00 00 0f 1f 44 00 00 89 4c 24 08 8b c2 c3 19 00 00 00 40 00 00 00 00 00 00 00 d0 6e af c8 f7 7f 00 00 0f 1f 44 00 00 48 89 4c 24 08 48 8b c2 c3 00 00 19 00 00 00 40 00 00 00 e0 6f af c8 f7 7f 00 00 0f 1f 44 00 00 89 54 24 10 0f b6 c1 f7 d0 0f b6 c0 c3 00 00 19 00 00 00 40 00 00 00 00 00 00 00 00 00 00
38        | 7ff7c86694c0h   | 99      | hex://logix/bitvector.ops?right#right_g[32u]()                                                                | BitVector<uint> right<uint>(BitVector<uint> x, BitVector<uint> y)                                             | 0f 1f 44 00 00 89 4c 24 08 8b c2 c3 19 00 00 00 40 00 00 00 00 00 00 00 d0 6e af c8 f7 7f 00 00 0f 1f 44 00 00 48 89 4c 24 08 48 8b c2 c3 00 00 19 00 00 00 40 00 00 00 e0 6f af c8 f7 7f 00 00 0f 1f 44 00 00 89 54 24 10 0f b6 c1 f7 d0 0f b6 c0 c3 00 00 19 00 00 00 40 00 00 00 00 00 00 00 00 00 00
39        | 7ff7c86694e0h   | 67      | hex://logix/bitvector.ops?right#right_g[64u]()                                                                | BitVector<ulong> right<ulong>(BitVector<ulong> x, BitVector<ulong> y)                                         | 0f 1f 44 00 00 48 89 4c 24 08 48 8b c2 c3 00 00 19 00 00 00 40 00 00 00 e0 6f af c8 f7 7f 00 00 0f 1f 44 00 00 89 54 24 10 0f b6 c1 f7 d0 0f b6 c0 c3 00 00 19 00 00 00 40 00 00 00 00 00 00 00 00 00 00
40        | 7ff7c8669500h   | 35      | hex://logix/bitvector.ops?lnot#lnot_g[8u]()                                                                   | BitVector<byte> lnot<byte>(BitVector<byte> x, BitVector<byte> y)                                              | 0f 1f 44 00 00 89 54 24 10 0f b6 c1 f7 d0 0f b6 c0 c3 00 00 19 00 00 00 40 00 00 00 00 00 00 00 00 00 00
41        | 7ff7c8669530h   | 35      | hex://logix/bitvector.ops?lnot#lnot_g[16u]()                                                                  | BitVector<ushort> lnot<ushort>(BitVector<ushort> x, BitVector<ushort> y)                                      | 0f 1f 44 00 00 89 54 24 10 0f b7 c1 f7 d0 0f b7 c0 c3 00 00 19 00 00 00 40 00 00 00 00 00 00 00 00 00 00
42        | 7ff7c8669560h   | 408     | hex://logix/bitvector.ops?lnot#lnot_g[32u]()                                                                  | BitVector<uint> lnot<uint>(BitVector<uint> x, BitVector<uint> y)                                              | 0f 1f 44 00 00 89 54 24 10 8b c1 f7 d0 c3 00 00 19 00 00 00 40 00 00 00 18 71 af c8 f7 7f 00 00 0f 1f 44 00 00 48 89 54 24 10 48 8b c1 48 f7 d0 c3 00 00 00 19 00 00 00 40 00 00 00 00 00 00 00 02 00 00 00 00 00 00 00 e8 93 c0 bf 5e 5e 00 27 e8 8b c0 bf 5e 5e 01 26 e8 83 c0 bf 5e 5e 02 25 e8 7b c0 bf 5e 5e 03 24 e8 73 c0 bf 5e 5e 04 23 e8 6b c0 bf 5e 5e 05 22 e8 63 c0 bf 5e 5e 06 21 e8 5b c0 bf 5e 5e 07 20 e8 53 c0 bf 5e 5e 08 1f e8 4b c0 bf 5e 5e 09 1e e8 43 c0 bf 5e 5e 0a 1d e8 3b c0 bf 5e 5e 0b 1c e8 33 c0 bf 5e 5e 0c 1b e8 2b c0 bf 5e 5e 0d 1a e8 23 c0 bf 5e 5e 0e 19 e8 1b c0 bf 5e 5e 0f 18 e8 13 c0 bf 5e 5e 10 17 e8 0b c0 bf 5e 5e 11 16 e8 03 c0 bf 5e 5e 12 15 e8 fb bf bf 5e 5e 13 14 e8 f3 bf bf 5e 5e 14 13 e8 eb bf bf 5e 5e 15 12 e8 e3 bf bf 5e 5e 16 11 e8 db bf bf 5e 5e 17 10 e8 d3 bf bf 5e 5e 18 0f e8 cb bf bf 5e 5e 19 0e e8 c3 bf bf 5e 5e 1a 0d e8 bb bf bf 5e 5e 1b 0c e8 b3 bf bf 5e 5e 1c 0b e8 ab bf bf 5e 5e 1d 0a e8 a3 bf bf 5e 5e 1e 09 e8 9b bf bf 5e 5e 1f 08 e8 93 bf bf 5e 5e 20 07 e8 8b bf bf 5e 5e 21 06 e8 83 bf bf 5e 5e 22 05 e8 7b bf bf 5e 5e 23 04 e8 73 bf bf 5e 5e 24 03 e8 6b bf bf 5e 5e 25 02 e8 63 bf bf 5e 5e 26 01 e8 5b bf bf 5e 5e 27 00 80 68 b0 c8 f7 7f 00 00 00 00 00 00 00 00 00 00
43        | 7ff7c8669580h   | 376     | hex://logix/bitvector.ops?lnot#lnot_g[64u]()                                                                  | BitVector<ulong> lnot<ulong>(BitVector<ulong> x, BitVector<ulong> y)                                          | 0f 1f 44 00 00 48 89 54 24 10 48 8b c1 48 f7 d0 c3 00 00 00 19 00 00 00 40 00 00 00 00 00 00 00 02 00 00 00 00 00 00 00 e8 93 c0 bf 5e 5e 00 27 e8 8b c0 bf 5e 5e 01 26 e8 83 c0 bf 5e 5e 02 25 e8 7b c0 bf 5e 5e 03 24 e8 73 c0 bf 5e 5e 04 23 e8 6b c0 bf 5e 5e 05 22 e8 63 c0 bf 5e 5e 06 21 e8 5b c0 bf 5e 5e 07 20 e8 53 c0 bf 5e 5e 08 1f e8 4b c0 bf 5e 5e 09 1e e8 43 c0 bf 5e 5e 0a 1d e8 3b c0 bf 5e 5e 0b 1c e8 33 c0 bf 5e 5e 0c 1b e8 2b c0 bf 5e 5e 0d 1a e8 23 c0 bf 5e 5e 0e 19 e8 1b c0 bf 5e 5e 0f 18 e8 13 c0 bf 5e 5e 10 17 e8 0b c0 bf 5e 5e 11 16 e8 03 c0 bf 5e 5e 12 15 e8 fb bf bf 5e 5e 13 14 e8 f3 bf bf 5e 5e 14 13 e8 eb bf bf 5e 5e 15 12 e8 e3 bf bf 5e 5e 16 11 e8 db bf bf 5e 5e 17 10 e8 d3 bf bf 5e 5e 18 0f e8 cb bf bf 5e 5e 19 0e e8 c3 bf bf 5e 5e 1a 0d e8 bb bf bf 5e 5e 1b 0c e8 b3 bf bf 5e 5e 1c 0b e8 ab bf bf 5e 5e 1d 0a e8 a3 bf bf 5e 5e 1e 09 e8 9b bf bf 5e 5e 1f 08 e8 93 bf bf 5e 5e 20 07 e8 8b bf bf 5e 5e 21 06 e8 83 bf bf 5e 5e 22 05 e8 7b bf bf 5e 5e 23 04 e8 73 bf bf 5e 5e 24 03 e8 6b bf bf 5e 5e 25 02 e8 63 bf bf 5e 5e 26 01 e8 5b bf bf 5e 5e 27 00 80 68 b0 c8 f7 7f 00 00 00 00 00 00 00 00 00 00
44        | 7ff7c8669700h   | 35      | hex://logix/bitvector.ops?rnot#rnot_g[8u]()                                                                   | BitVector<byte> rnot<byte>(BitVector<byte> x, BitVector<byte> y)                                              | 0f 1f 44 00 00 89 4c 24 08 0f b6 c2 f7 d0 0f b6 c0 c3 00 00 19 00 00 00 40 00 00 00 00 00 00 00 00 00 00
45        | 7ff7c8669730h   | 35      | hex://logix/bitvector.ops?rnot#rnot_g[16u]()                                                                  | BitVector<ushort> rnot<ushort>(BitVector<ushort> x, BitVector<ushort> y)                                      | 0f 1f 44 00 00 89 4c 24 08 0f b7 c2 f7 d0 0f b7 c0 c3 00 00 19 00 00 00 40 00 00 00 00 00 00 00 00 00 00
46        | 7ff7c8669760h   | 408     | hex://logix/bitvector.ops?rnot#rnot_g[32u]()                                                                  | BitVector<uint> rnot<uint>(BitVector<uint> x, BitVector<uint> y)                                              | 0f 1f 44 00 00 89 4c 24 08 8b c2 f7 d0 c3 00 00 19 00 00 00 40 00 00 00 60 73 af c8 f7 7f 00 00 0f 1f 44 00 00 48 89 4c 24 08 48 8b c2 48 f7 d0 c3 00 00 00 19 00 00 00 40 00 00 00 00 00 00 00 02 00 00 00 00 00 00 00 e8 93 be bf 5e 5e 00 27 e8 8b be bf 5e 5e 01 26 e8 83 be bf 5e 5e 02 25 e8 7b be bf 5e 5e 03 24 e8 73 be bf 5e 5e 04 23 e8 6b be bf 5e 5e 05 22 e8 63 be bf 5e 5e 06 21 e8 5b be bf 5e 5e 07 20 e8 53 be bf 5e 5e 08 1f e8 4b be bf 5e 5e 09 1e e8 43 be bf 5e 5e 0a 1d e8 3b be bf 5e 5e 0b 1c e8 33 be bf 5e 5e 0c 1b e8 2b be bf 5e 5e 0d 1a e8 23 be bf 5e 5e 0e 19 e8 1b be bf 5e 5e 0f 18 e8 13 be bf 5e 5e 10 17 e8 0b be bf 5e 5e 11 16 e8 03 be bf 5e 5e 12 15 e8 fb bd bf 5e 5e 13 14 e8 f3 bd bf 5e 5e 14 13 e8 eb bd bf 5e 5e 15 12 e8 e3 bd bf 5e 5e 16 11 e8 db bd bf 5e 5e 17 10 e8 d3 bd bf 5e 5e 18 0f e8 cb bd bf 5e 5e 19 0e e8 c3 bd bf 5e 5e 1a 0d e8 bb bd bf 5e 5e 1b 0c e8 b3 bd bf 5e 5e 1c 0b e8 ab bd bf 5e 5e 1d 0a e8 a3 bd bf 5e 5e 1e 09 e8 9b bd bf 5e 5e 1f 08 e8 93 bd bf 5e 5e 20 07 e8 8b bd bf 5e 5e 21 06 e8 83 bd bf 5e 5e 22 05 e8 7b bd bf 5e 5e 23 04 e8 73 bd bf 5e 5e 24 03 e8 6b bd bf 5e 5e 25 02 e8 63 bd bf 5e 5e 26 01 e8 5b bd bf 5e 5e 27 00 a0 6d b0 c8 f7 7f 00 00 00 00 00 00 00 00 00 00
47        | 7ff7c8669780h   | 376     | hex://logix/bitvector.ops?rnot#rnot_g[64u]()                                                                  | BitVector<ulong> rnot<ulong>(BitVector<ulong> x, BitVector<ulong> y)                                          | 0f 1f 44 00 00 48 89 4c 24 08 48 8b c2 48 f7 d0 c3 00 00 00 19 00 00 00 40 00 00 00 00 00 00 00 02 00 00 00 00 00 00 00 e8 93 be bf 5e 5e 00 27 e8 8b be bf 5e 5e 01 26 e8 83 be bf 5e 5e 02 25 e8 7b be bf 5e 5e 03 24 e8 73 be bf 5e 5e 04 23 e8 6b be bf 5e 5e 05 22 e8 63 be bf 5e 5e 06 21 e8 5b be bf 5e 5e 07 20 e8 53 be bf 5e 5e 08 1f e8 4b be bf 5e 5e 09 1e e8 43 be bf 5e 5e 0a 1d e8 3b be bf 5e 5e 0b 1c e8 33 be bf 5e 5e 0c 1b e8 2b be bf 5e 5e 0d 1a e8 23 be bf 5e 5e 0e 19 e8 1b be bf 5e 5e 0f 18 e8 13 be bf 5e 5e 10 17 e8 0b be bf 5e 5e 11 16 e8 03 be bf 5e 5e 12 15 e8 fb bd bf 5e 5e 13 14 e8 f3 bd bf 5e 5e 14 13 e8 eb bd bf 5e 5e 15 12 e8 e3 bd bf 5e 5e 16 11 e8 db bd bf 5e 5e 17 10 e8 d3 bd bf 5e 5e 18 0f e8 cb bd bf 5e 5e 19 0e e8 c3 bd bf 5e 5e 1a 0d e8 bb bd bf 5e 5e 1b 0c e8 b3 bd bf 5e 5e 1c 0b e8 ab bd bf 5e 5e 1d 0a e8 a3 bd bf 5e 5e 1e 09 e8 9b bd bf 5e 5e 1f 08 e8 93 bd bf 5e 5e 20 07 e8 8b bd bf 5e 5e 21 06 e8 83 bd bf 5e 5e 22 05 e8 7b bd bf 5e 5e 23 04 e8 73 bd bf 5e 5e 24 03 e8 6b bd bf 5e 5e 25 02 e8 63 bd bf 5e 5e 26 01 e8 5b bd bf 5e 5e 27 00 a0 6d b0 c8 f7 7f 00 00 00 00 00 00 00 00 00 00
48        | 7ff7c8669900h   | 39      | hex://logix/bitvector.ops?impl#impl_g[8u]()                                                                   | BitVector<byte> impl<byte>(BitVector<byte> x, BitVector<byte> y)                                              | 0f 1f 44 00 00 0f b6 c1 0f b6 d2 0f b6 c0 f7 d2 0b c2 0f b6 c0 c3 00 00 19 00 00 00 40 00 00 00 00 00 00 00 00 00 00
49        | 7ff7c8669930h   | 39      | hex://logix/bitvector.ops?impl#impl_g[16u]()                                                                  | BitVector<ushort> impl<ushort>(BitVector<ushort> x, BitVector<ushort> y)                                      | 0f 1f 44 00 00 0f b7 c1 0f b7 d2 0f b7 c0 f7 d2 0b c2 0f b7 c0 c3 00 00 19 00 00 00 40 00 00 00 00 00 00 00 00 00 00
50        | 7ff7c8669960h   | 1368    | hex://logix/bitvector.ops?impl#impl_g[32u]()                                                                  | BitVector<uint> impl<uint>(BitVector<uint> x, BitVector<uint> y)                                              | 0f 1f 44 00 00 8b c2 f7 d0 0b c1 c3 19 00 00 00 40 00 00 00 00 00 00 00 a8 75 af c8 f7 7f 00 00 0f 1f 44 00 00 48 8b c2 48 f7 d0 48 0b c1 c3 00 19 00 00 00 40 00 00 00 02 00 00 00 00 00 00 00 e8 9b bc bf 5e 5e 00 27 e8 93 bc bf 5e 5e 01 26 e8 8b bc bf 5e 5e 02 25 e8 83 bc bf 5e 5e 03 24 e8 7b bc bf 5e 5e 04 23 e8 73 bc bf 5e 5e 05 22 e8 6b bc bf 5e 5e 06 21 e8 63 bc bf 5e 5e 07 20 e8 5b bc bf 5e 5e 08 1f e8 53 bc bf 5e 5e 09 1e e8 4b bc bf 5e 5e 0a 1d e8 43 bc bf 5e 5e 0b 1c e8 3b bc bf 5e 5e 0c 1b e8 33 bc bf 5e 5e 0d 1a e8 2b bc bf 5e 5e 0e 19 e8 23 bc bf 5e 5e 0f 18 e8 1b bc bf 5e 5e 10 17 e8 13 bc bf 5e 5e 11 16 e8 0b bc bf 5e 5e 12 15 e8 03 bc bf 5e 5e 13 14 e8 fb bb bf 5e 5e 14 13 e8 f3 bb bf 5e 5e 15 12 e8 eb bb bf 5e 5e 16 11 e8 e3 bb bf 5e 5e 17 10 e8 db bb bf 5e 5e 18 0f e8 d3 bb bf 5e 5e 19 0e e8 cb bb bf 5e 5e 1a 0d e8 c3 bb bf 5e 5e 1b 0c e8 bb bb bf 5e 5e 1c 0b e8 b3 bb bf 5e 5e 1d 0a e8 ab bb bf 5e 5e 1e 09 e8 a3 bb bf 5e 5e 1f 08 e8 9b bb bf 5e 5e 20 07 e8 93 bb bf 5e 5e 21 06 e8 8b bb bf 5e 5e 22 05 e8 83 bb bf 5e 5e 23 04 e8 7b bb bf 5e 5e 24 03 e8 73 bb bf 5e 5e 25 02 e8 6b bb bf 5e 5e 26 01 e8 63 bb bf 5e 5e 27 00 c0 72 b0 c8 f7 7f 00 00 02 00 00 00 00 00 00 00 e8 4b bb bf 5e 5e 00 00 60 76 b0 c8 f7 7f 00 00 e8 3b bb bf 5e 5e 00 00 c0 76 b0 c8 f7 7f 00 00 e8 2b bb bf 5e 5e 00 00 20 77 b0 c8 f7 7f 00 00 e8 1b bb bf 5e 5e 00 00 80 77 b0 c8 f7 7f 00 00 e8 0b bb bf 5e 5e 00 27 e8 03 bb bf 5e 5e 01 26 e8 fb ba bf 5e 5e 02 25 e8 f3 ba bf 5e 5e 03 24 e8 eb ba bf 5e 5e 04 23 e8 e3 ba bf 5e 5e 05 22 e8 db ba bf 5e 5e 06 21 e8 d3 ba bf 5e 5e 07 20 e8 cb ba bf 5e 5e 08 1f e8 c3 ba bf 5e 5e 09 1e e8 bb ba bf 5e 5e 0a 1d e8 b3 ba bf 5e 5e 0b 1c e8 ab ba bf 5e 5e 0c 1b e8 a3 ba bf 5e 5e 0d 1a e8 9b ba bf 5e 5e 0e 19 e8 93 ba bf 5e 5e 0f 18 e8 8b ba bf 5e 5e 10 17 e8 83 ba bf 5e 5e 11 16 e8 7b ba bf 5e 5e 12 15 e8 73 ba bf 5e 5e 13 14 e8 6b ba bf 5e 5e 14 13 e8 63 ba bf 5e 5e 15 12 e8 5b ba bf 5e 5e 16 11 e8 53 ba bf 5e 5e 17 10 e8 4b ba bf 5e 5e 18 0f e8 43 ba bf 5e 5e 19 0e e8 3b ba bf 5e 5e 1a 0d e8 33 ba bf 5e 5e 1b 0c e8 2b ba bf 5e 5e 1c 0b e8 23 ba bf 5e 5e 1d 0a e8 1b ba bf 5e 5e 1e 09 e8 13 ba bf 5e 5e 1f 08 e8 0b ba bf 5e 5e 20 07 e8 03 ba bf 5e 5e 21 06 e8 fb b9 bf 5e 5e 22 05 e8 f3 b9 bf 5e 5e 23 04 e8 eb b9 bf 5e 5e 24 03 e8 e3 b9 bf 5e 5e 25 02 e8 db b9 bf 5e 5e 26 01 e8 d3 b9 bf 5e 5e 27 00 e0 77 b0 c8 f7 7f 00 00 e8 c3 b9 bf 5e 5e 00 00 20 7b b0 c8 f7 7f 00 00 e8 b3 b9 bf 5e 5e 00 00 80 7b b0 c8 f7 7f 00 00 e8 a3 b9 bf 5e 5e 00 00 e0 7b b0 c8 f7 7f 00 00 e8 93 b9 bf 5e 5e 00 00 40 7c b0 c8 f7 7f 00 00 e8 83 b9 bf 5e 5e 00 00 a0 7c b0 c8 f7 7f 00 00 e8 73 b9 bf 5e 5e 00 27 e8 6b b9 bf 5e 5e 01 26 e8 63 b9 bf 5e 5e 02 25 e8 5b b9 bf 5e 5e 03 24 e8 53 b9 bf 5e 5e 04 23 e8 4b b9 bf 5e 5e 05 22 e8 43 b9 bf 5e 5e 06 21 e8 3b b9 bf 5e 5e 07 20 e8 33 b9 bf 5e 5e 08 1f e8 2b b9 bf 5e 5e 09 1e e8 23 b9 bf 5e 5e 0a 1d e8 1b b9 bf 5e 5e 0b 1c e8 13 b9 bf 5e 5e 0c 1b e8 0b b9 bf 5e 5e 0d 1a e8 03 b9 bf 5e 5e 0e 19 e8 fb b8 bf 5e 5e 0f 18 e8 f3 b8 bf 5e 5e 10 17 e8 eb b8 bf 5e 5e 11 16 e8 e3 b8 bf 5e 5e 12 15 e8 db b8 bf 5e 5e 13 14 e8 d3 b8 bf 5e 5e 14 13 e8 cb b8 bf 5e 5e 15 12 e8 c3 b8 bf 5e 5e 16 11 e8 bb b8 bf 5e 5e 17 10 e8 b3 b8 bf 5e 5e 18 0f e8 ab b8 bf 5e 5e 19 0e e8 a3 b8 bf 5e 5e 1a 0d e8 9b b8 bf 5e 5e 1b 0c e8 93 b8 bf 5e 5e 1c 0b e8 8b b8 bf 5e 5e 1d 0a e8 83 b8 bf 5e 5e 1e 09 e8 7b b8 bf 5e 5e 1f 08 e8 73 b8 bf 5e 5e 20 07 e8 6b b8 bf 5e 5e 21 06 e8 63 b8 bf 5e 5e 22 05 e8 5b b8 bf 5e 5e 23 04 e8 53 b8 bf 5e 5e 24 03 e8 4b b8 bf 5e 5e 25 02 e8 43 b8 bf 5e 5e 26 01 e8 3b b8 bf 5e 5e 27 00 00 7d b0 c8 f7 7f 00 00 e8 2b b8 bf 5e 5e 00 00 40 80 b0 c8 f7 7f 00 00 e8 1b b8 bf 5e 5e 00 00 a0 80 b0 c8 f7 7f 00 00 e8 0b b8 bf 5e 5e 00 00 00 81 b0 c8 f7 7f 00 00 e8 fb b7 bf 5e 5e 00 00 60 81 b0 c8 f7 7f 00 00 e8 eb b7 bf 5e 5e 00 00 c0 81 b0 c8 f7 7f 00 00 e8 db b7 bf 5e 5e 00 00 60 85 b0 c8 f7 7f 00 00 e8 cb b7 bf 5e 5e 00 00 c0 85 b0 c8 f7 7f 00 00 e8 bb b7 bf 5e 5e 00 00 20 86 b0 c8 f7 7f 00 00 e8 ab b7 bf 5e 5e 00 00 80 86 b0 c8 f7 7f 00 00 e8 9b b7 bf 5e 5e 00 00 e0 86 b0 c8 f7 7f 00 00 00 00 00 00 00 00 00 00
51        | 7ff7c8669980h   | 1336    | hex://logix/bitvector.ops?impl#impl_g[64u]()                                                                  | BitVector<ulong> impl<ulong>(BitVector<ulong> x, BitVector<ulong> y)                                          | 0f 1f 44 00 00 48 8b c2 48 f7 d0 48 0b c1 c3 00 19 00 00 00 40 00 00 00 02 00 00 00 00 00 00 00 e8 9b bc bf 5e 5e 00 27 e8 93 bc bf 5e 5e 01 26 e8 8b bc bf 5e 5e 02 25 e8 83 bc bf 5e 5e 03 24 e8 7b bc bf 5e 5e 04 23 e8 73 bc bf 5e 5e 05 22 e8 6b bc bf 5e 5e 06 21 e8 63 bc bf 5e 5e 07 20 e8 5b bc bf 5e 5e 08 1f e8 53 bc bf 5e 5e 09 1e e8 4b bc bf 5e 5e 0a 1d e8 43 bc bf 5e 5e 0b 1c e8 3b bc bf 5e 5e 0c 1b e8 33 bc bf 5e 5e 0d 1a e8 2b bc bf 5e 5e 0e 19 e8 23 bc bf 5e 5e 0f 18 e8 1b bc bf 5e 5e 10 17 e8 13 bc bf 5e 5e 11 16 e8 0b bc bf 5e 5e 12 15 e8 03 bc bf 5e 5e 13 14 e8 fb bb bf 5e 5e 14 13 e8 f3 bb bf 5e 5e 15 12 e8 eb bb bf 5e 5e 16 11 e8 e3 bb bf 5e 5e 17 10 e8 db bb bf 5e 5e 18 0f e8 d3 bb bf 5e 5e 19 0e e8 cb bb bf 5e 5e 1a 0d e8 c3 bb bf 5e 5e 1b 0c e8 bb bb bf 5e 5e 1c 0b e8 b3 bb bf 5e 5e 1d 0a e8 ab bb bf 5e 5e 1e 09 e8 a3 bb bf 5e 5e 1f 08 e8 9b bb bf 5e 5e 20 07 e8 93 bb bf 5e 5e 21 06 e8 8b bb bf 5e 5e 22 05 e8 83 bb bf 5e 5e 23 04 e8 7b bb bf 5e 5e 24 03 e8 73 bb bf 5e 5e 25 02 e8 6b bb bf 5e 5e 26 01 e8 63 bb bf 5e 5e 27 00 c0 72 b0 c8 f7 7f 00 00 02 00 00 00 00 00 00 00 e8 4b bb bf 5e 5e 00 00 60 76 b0 c8 f7 7f 00 00 e8 3b bb bf 5e 5e 00 00 c0 76 b0 c8 f7 7f 00 00 e8 2b bb bf 5e 5e 00 00 20 77 b0 c8 f7 7f 00 00 e8 1b bb bf 5e 5e 00 00 80 77 b0 c8 f7 7f 00 00 e8 0b bb bf 5e 5e 00 27 e8 03 bb bf 5e 5e 01 26 e8 fb ba bf 5e 5e 02 25 e8 f3 ba bf 5e 5e 03 24 e8 eb ba bf 5e 5e 04 23 e8 e3 ba bf 5e 5e 05 22 e8 db ba bf 5e 5e 06 21 e8 d3 ba bf 5e 5e 07 20 e8 cb ba bf 5e 5e 08 1f e8 c3 ba bf 5e 5e 09 1e e8 bb ba bf 5e 5e 0a 1d e8 b3 ba bf 5e 5e 0b 1c e8 ab ba bf 5e 5e 0c 1b e8 a3 ba bf 5e 5e 0d 1a e8 9b ba bf 5e 5e 0e 19 e8 93 ba bf 5e 5e 0f 18 e8 8b ba bf 5e 5e 10 17 e8 83 ba bf 5e 5e 11 16 e8 7b ba bf 5e 5e 12 15 e8 73 ba bf 5e 5e 13 14 e8 6b ba bf 5e 5e 14 13 e8 63 ba bf 5e 5e 15 12 e8 5b ba bf 5e 5e 16 11 e8 53 ba bf 5e 5e 17 10 e8 4b ba bf 5e 5e 18 0f e8 43 ba bf 5e 5e 19 0e e8 3b ba bf 5e 5e 1a 0d e8 33 ba bf 5e 5e 1b 0c e8 2b ba bf 5e 5e 1c 0b e8 23 ba bf 5e 5e 1d 0a e8 1b ba bf 5e 5e 1e 09 e8 13 ba bf 5e 5e 1f 08 e8 0b ba bf 5e 5e 20 07 e8 03 ba bf 5e 5e 21 06 e8 fb b9 bf 5e 5e 22 05 e8 f3 b9 bf 5e 5e 23 04 e8 eb b9 bf 5e 5e 24 03 e8 e3 b9 bf 5e 5e 25 02 e8 db b9 bf 5e 5e 26 01 e8 d3 b9 bf 5e 5e 27 00 e0 77 b0 c8 f7 7f 00 00 e8 c3 b9 bf 5e 5e 00 00 20 7b b0 c8 f7 7f 00 00 e8 b3 b9 bf 5e 5e 00 00 80 7b b0 c8 f7 7f 00 00 e8 a3 b9 bf 5e 5e 00 00 e0 7b b0 c8 f7 7f 00 00 e8 93 b9 bf 5e 5e 00 00 40 7c b0 c8 f7 7f 00 00 e8 83 b9 bf 5e 5e 00 00 a0 7c b0 c8 f7 7f 00 00 e8 73 b9 bf 5e 5e 00 27 e8 6b b9 bf 5e 5e 01 26 e8 63 b9 bf 5e 5e 02 25 e8 5b b9 bf 5e 5e 03 24 e8 53 b9 bf 5e 5e 04 23 e8 4b b9 bf 5e 5e 05 22 e8 43 b9 bf 5e 5e 06 21 e8 3b b9 bf 5e 5e 07 20 e8 33 b9 bf 5e 5e 08 1f e8 2b b9 bf 5e 5e 09 1e e8 23 b9 bf 5e 5e 0a 1d e8 1b b9 bf 5e 5e 0b 1c e8 13 b9 bf 5e 5e 0c 1b e8 0b b9 bf 5e 5e 0d 1a e8 03 b9 bf 5e 5e 0e 19 e8 fb b8 bf 5e 5e 0f 18 e8 f3 b8 bf 5e 5e 10 17 e8 eb b8 bf 5e 5e 11 16 e8 e3 b8 bf 5e 5e 12 15 e8 db b8 bf 5e 5e 13 14 e8 d3 b8 bf 5e 5e 14 13 e8 cb b8 bf 5e 5e 15 12 e8 c3 b8 bf 5e 5e 16 11 e8 bb b8 bf 5e 5e 17 10 e8 b3 b8 bf 5e 5e 18 0f e8 ab b8 bf 5e 5e 19 0e e8 a3 b8 bf 5e 5e 1a 0d e8 9b b8 bf 5e 5e 1b 0c e8 93 b8 bf 5e 5e 1c 0b e8 8b b8 bf 5e 5e 1d 0a e8 83 b8 bf 5e 5e 1e 09 e8 7b b8 bf 5e 5e 1f 08 e8 73 b8 bf 5e 5e 20 07 e8 6b b8 bf 5e 5e 21 06 e8 63 b8 bf 5e 5e 22 05 e8 5b b8 bf 5e 5e 23 04 e8 53 b8 bf 5e 5e 24 03 e8 4b b8 bf 5e 5e 25 02 e8 43 b8 bf 5e 5e 26 01 e8 3b b8 bf 5e 5e 27 00 00 7d b0 c8 f7 7f 00 00 e8 2b b8 bf 5e 5e 00 00 40 80 b0 c8 f7 7f 00 00 e8 1b b8 bf 5e 5e 00 00 a0 80 b0 c8 f7 7f 00 00 e8 0b b8 bf 5e 5e 00 00 00 81 b0 c8 f7 7f 00 00 e8 fb b7 bf 5e 5e 00 00 60 81 b0 c8 f7 7f 00 00 e8 eb b7 bf 5e 5e 00 00 c0 81 b0 c8 f7 7f 00 00 e8 db b7 bf 5e 5e 00 00 60 85 b0 c8 f7 7f 00 00 e8 cb b7 bf 5e 5e 00 00 c0 85 b0 c8 f7 7f 00 00 e8 bb b7 bf 5e 5e 00 00 20 86 b0 c8 f7 7f 00 00 e8 ab b7 bf 5e 5e 00 00 80 86 b0 c8 f7 7f 00 00 e8 9b b7 bf 5e 5e 00 00 e0 86 b0 c8 f7 7f 00 00 00 00 00 00 00 00 00 00
52        | 7ff7c8669f00h   | 39      | hex://logix/bitvector.ops?nonimpl#nonimpl_g[8u]()                                                             | BitVector<byte> nonimpl<byte>(BitVector<byte> x, BitVector<byte> y)                                           | 0f 1f 44 00 00 0f b6 c1 0f b6 d2 0f b6 c0 c4 e2 78 f2 c2 0f b6 c0 c3 00 19 00 00 00 40 00 00 00 00 00 00 00 00 00 00
53        | 7ff7c8669f30h   | 39      | hex://logix/bitvector.ops?nonimpl#nonimpl_g[16u]()                                                            | BitVector<ushort> nonimpl<ushort>(BitVector<ushort> x, BitVector<ushort> y)                                   | 0f 1f 44 00 00 0f b7 c1 0f b7 d2 0f b7 c0 c4 e2 78 f2 c2 0f b7 c0 c3 00 19 00 00 00 40 00 00 00 00 00 00 00 00 00 00
54        | 7ff7c8669f60h   | 103     | hex://logix/bitvector.ops?nonimpl#nonimpl_g[32u]()                                                            | BitVector<uint> nonimpl<uint>(BitVector<uint> x, BitVector<uint> y)                                           | 0f 1f 44 00 00 c4 e2 70 f2 c2 c3 00 19 00 00 00 40 00 00 00 00 00 00 00 f0 77 af c8 f7 7f 00 00 0f 1f 44 00 00 c4 e2 f0 f2 c2 c3 00 19 00 00 00 40 00 00 00 00 00 00 00 00 79 af c8 f7 7f 00 00 0f 1f 44 00 00 0f b6 c1 0f b6 d2 0f b6 c0 f7 d0 0b c2 0f b6 c0 c3 00 00 19 00 00 00 40 00 00 00 00 00 00 00 00 00 00
55        | 7ff7c8669f80h   | 71      | hex://logix/bitvector.ops?nonimpl#nonimpl_g[64u]()                                                            | BitVector<ulong> nonimpl<ulong>(BitVector<ulong> x, BitVector<ulong> y)                                       | 0f 1f 44 00 00 c4 e2 f0 f2 c2 c3 00 19 00 00 00 40 00 00 00 00 00 00 00 00 79 af c8 f7 7f 00 00 0f 1f 44 00 00 0f b6 c1 0f b6 d2 0f b6 c0 f7 d0 0b c2 0f b6 c0 c3 00 00 19 00 00 00 40 00 00 00 00 00 00 00 00 00 00
56        | 7ff7c8669fa0h   | 39      | hex://logix/bitvector.ops?cimpl#cimpl_g[8u]()                                                                 | BitVector<byte> cimpl<byte>(BitVector<byte> x, BitVector<byte> y)                                             | 0f 1f 44 00 00 0f b6 c1 0f b6 d2 0f b6 c0 f7 d0 0b c2 0f b6 c0 c3 00 00 19 00 00 00 40 00 00 00 00 00 00 00 00 00 00
57        | 7ff7c8669fd0h   | 39      | hex://logix/bitvector.ops?cimpl#cimpl_g[16u]()                                                                | BitVector<ushort> cimpl<ushort>(BitVector<ushort> x, BitVector<ushort> y)                                     | 0f 1f 44 00 00 0f b7 c1 0f b7 d2 0f b7 c0 f7 d0 0b c2 0f b7 c0 c3 00 00 19 00 00 00 40 00 00 00 00 00 00 00 00 00 00
58        | 7ff7c866a000h   | 103     | hex://logix/bitvector.ops?cimpl#cimpl_g[32u]()                                                                | BitVector<uint> cimpl<uint>(BitVector<uint> x, BitVector<uint> y)                                             | 0f 1f 44 00 00 8b c1 f7 d0 0b c2 c3 19 00 00 00 40 00 00 00 00 00 00 00 38 7a af c8 f7 7f 00 00 0f 1f 44 00 00 48 8b c1 48 f7 d0 48 0b c2 c3 00 19 00 00 00 40 00 00 00 48 7b af c8 f7 7f 00 00 0f 1f 44 00 00 0f b6 c1 0f b6 d2 0f b6 c0 c4 e2 68 f2 c0 0f b6 c0 c3 00 19 00 00 00 40 00 00 00 00 00 00 00 00 00 00
59        | 7ff7c866a020h   | 71      | hex://logix/bitvector.ops?cimpl#cimpl_g[64u]()                                                                | BitVector<ulong> cimpl<ulong>(BitVector<ulong> x, BitVector<ulong> y)                                         | 0f 1f 44 00 00 48 8b c1 48 f7 d0 48 0b c2 c3 00 19 00 00 00 40 00 00 00 48 7b af c8 f7 7f 00 00 0f 1f 44 00 00 0f b6 c1 0f b6 d2 0f b6 c0 c4 e2 68 f2 c0 0f b6 c0 c3 00 19 00 00 00 40 00 00 00 00 00 00 00 00 00 00
60        | 7ff7c866a040h   | 39      | hex://logix/bitvector.ops?cnonimpl#cnonimpl_g[8u]()                                                           | BitVector<byte> cnonimpl<byte>(BitVector<byte> x, BitVector<byte> y)                                          | 0f 1f 44 00 00 0f b6 c1 0f b6 d2 0f b6 c0 c4 e2 68 f2 c0 0f b6 c0 c3 00 19 00 00 00 40 00 00 00 00 00 00 00 00 00 00
61        | 7ff7c866a070h   | 39      | hex://logix/bitvector.ops?cnonimpl#cnonimpl_g[16u]()                                                          | BitVector<ushort> cnonimpl<ushort>(BitVector<ushort> x, BitVector<ushort> y)                                  | 0f 1f 44 00 00 0f b7 c1 0f b7 d2 0f b7 c0 c4 e2 68 f2 c0 0f b7 c0 c3 00 19 00 00 00 40 00 00 00 00 00 00 00 00 00 00
62        | 7ff7c866a0a0h   | 451     | hex://logix/bitvector.ops?cnonimpl#cnonimpl_g[32u]()                                                          | BitVector<uint> cnonimpl<uint>(BitVector<uint> x, BitVector<uint> y)                                          | 0f 1f 44 00 00 c4 e2 68 f2 c1 c3 00 19 00 00 00 40 00 00 00 00 00 00 00 80 7c af c8 f7 7f 00 00 0f 1f 44 00 00 c4 e2 e8 f2 c1 c3 00 19 00 00 00 40 00 00 00 00 00 00 00 02 00 00 00 00 00 00 00 e8 5b b5 bf 5e 5e 00 27 e8 53 b5 bf 5e 5e 01 26 e8 4b b5 bf 5e 5e 02 25 e8 43 b5 bf 5e 5e 03 24 e8 3b b5 bf 5e 5e 04 23 e8 33 b5 bf 5e 5e 05 22 e8 2b b5 bf 5e 5e 06 21 e8 23 b5 bf 5e 5e 07 20 e8 1b b5 bf 5e 5e 08 1f e8 13 b5 bf 5e 5e 09 1e e8 0b b5 bf 5e 5e 0a 1d e8 03 b5 bf 5e 5e 0b 1c e8 fb b4 bf 5e 5e 0c 1b e8 f3 b4 bf 5e 5e 0d 1a e8 eb b4 bf 5e 5e 0e 19 e8 e3 b4 bf 5e 5e 0f 18 e8 db b4 bf 5e 5e 10 17 e8 d3 b4 bf 5e 5e 11 16 e8 cb b4 bf 5e 5e 12 15 e8 c3 b4 bf 5e 5e 13 14 e8 bb b4 bf 5e 5e 14 13 e8 b3 b4 bf 5e 5e 15 12 e8 ab b4 bf 5e 5e 16 11 e8 a3 b4 bf 5e 5e 17 10 e8 9b b4 bf 5e 5e 18 0f e8 93 b4 bf 5e 5e 19 0e e8 8b b4 bf 5e 5e 1a 0d e8 83 b4 bf 5e 5e 1b 0c e8 7b b4 bf 5e 5e 1c 0b e8 73 b4 bf 5e 5e 1d 0a e8 6b b4 bf 5e 5e 1e 09 e8 63 b4 bf 5e 5e 1f 08 e8 5b b4 bf 5e 5e 20 07 e8 53 b4 bf 5e 5e 21 06 e8 4b b4 bf 5e 5e 22 05 e8 43 b4 bf 5e 5e 23 04 e8 3b b4 bf 5e 5e 24 03 e8 33 b4 bf 5e 5e 25 02 e8 2b b4 bf 5e 5e 26 01 e8 23 b4 bf 5e 5e 27 00 20 82 b0 c8 f7 7f 00 00 90 7d af c8 f7 7f 00 00 0f 1f 44 00 00 0f b6 c1 0f b6 d2 41 0f b6 c8 0f b6 c0 0f b6 d2 23 d0 c4 e2 78 f2 c1 0b c2 0f b6 c0 c3 00 00 19 00 00 00 40 00 00 00 00 00 00 00 00 00 00
63        | 7ff7c866a0c0h   | 419     | hex://logix/bitvector.ops?cnonimpl#cnonimpl_g[64u]()                                                          | BitVector<ulong> cnonimpl<ulong>(BitVector<ulong> x, BitVector<ulong> y)                                      | 0f 1f 44 00 00 c4 e2 e8 f2 c1 c3 00 19 00 00 00 40 00 00 00 00 00 00 00 02 00 00 00 00 00 00 00 e8 5b b5 bf 5e 5e 00 27 e8 53 b5 bf 5e 5e 01 26 e8 4b b5 bf 5e 5e 02 25 e8 43 b5 bf 5e 5e 03 24 e8 3b b5 bf 5e 5e 04 23 e8 33 b5 bf 5e 5e 05 22 e8 2b b5 bf 5e 5e 06 21 e8 23 b5 bf 5e 5e 07 20 e8 1b b5 bf 5e 5e 08 1f e8 13 b5 bf 5e 5e 09 1e e8 0b b5 bf 5e 5e 0a 1d e8 03 b5 bf 5e 5e 0b 1c e8 fb b4 bf 5e 5e 0c 1b e8 f3 b4 bf 5e 5e 0d 1a e8 eb b4 bf 5e 5e 0e 19 e8 e3 b4 bf 5e 5e 0f 18 e8 db b4 bf 5e 5e 10 17 e8 d3 b4 bf 5e 5e 11 16 e8 cb b4 bf 5e 5e 12 15 e8 c3 b4 bf 5e 5e 13 14 e8 bb b4 bf 5e 5e 14 13 e8 b3 b4 bf 5e 5e 15 12 e8 ab b4 bf 5e 5e 16 11 e8 a3 b4 bf 5e 5e 17 10 e8 9b b4 bf 5e 5e 18 0f e8 93 b4 bf 5e 5e 19 0e e8 8b b4 bf 5e 5e 1a 0d e8 83 b4 bf 5e 5e 1b 0c e8 7b b4 bf 5e 5e 1c 0b e8 73 b4 bf 5e 5e 1d 0a e8 6b b4 bf 5e 5e 1e 09 e8 63 b4 bf 5e 5e 1f 08 e8 5b b4 bf 5e 5e 20 07 e8 53 b4 bf 5e 5e 21 06 e8 4b b4 bf 5e 5e 22 05 e8 43 b4 bf 5e 5e 23 04 e8 3b b4 bf 5e 5e 24 03 e8 33 b4 bf 5e 5e 25 02 e8 2b b4 bf 5e 5e 26 01 e8 23 b4 bf 5e 5e 27 00 20 82 b0 c8 f7 7f 00 00 90 7d af c8 f7 7f 00 00 0f 1f 44 00 00 0f b6 c1 0f b6 d2 41 0f b6 c8 0f b6 c0 0f b6 d2 23 d0 c4 e2 78 f2 c1 0b c2 0f b6 c0 c3 00 00 19 00 00 00 40 00 00 00 00 00 00 00 00 00 00
64        | 7ff7c866a230h   | 51      | hex://logix/bitvector.ops?select#select_g[8u]()                                                               | BitVector<byte> select<byte>(BitVector<byte> x, BitVector<byte> y, BitVector<byte> z)                         | 0f 1f 44 00 00 0f b6 c1 0f b6 d2 41 0f b6 c8 0f b6 c0 0f b6 d2 23 d0 c4 e2 78 f2 c1 0b c2 0f b6 c0 c3 00 00 19 00 00 00 40 00 00 00 00 00 00 00 00 00 00
65        | 7ff7c866a270h   | 51      | hex://logix/bitvector.ops?select#select_g[16u]()                                                              | BitVector<ushort> select<ushort>(BitVector<ushort> x, BitVector<ushort> y, BitVector<ushort> z)               | 0f 1f 44 00 00 0f b7 c1 0f b7 d2 41 0f b7 c8 0f b7 c0 0f b7 d2 23 d0 c4 e2 78 f2 c1 0b c2 0f b7 c0 c3 00 00 19 00 00 00 40 00 00 00 00 00 00 00 00 00 00
66        | 7ff7c866a2b0h   | 67      | hex://logix/bitvector.ops?select#select_g[32u]()                                                              | BitVector<uint> select<uint>(BitVector<uint> x, BitVector<uint> y, BitVector<uint> z)                         | 0f 1f 44 00 00 23 d1 c4 c2 70 f2 c0 0b c2 c3 00 19 00 00 00 40 00 00 00 e0 7e af c8 f7 7f 00 00 0f 1f 44 00 00 48 23 d1 c4 c2 f0 f2 c0 48 0b c2 c3 00 00 00 19 00 00 00 40 00 00 00 00 00 00 00 00 00 00
67        | 7ff7c866a2d0h   | 35      | hex://logix/bitvector.ops?select#select_g[64u]()                                                              | BitVector<ulong> select<ulong>(BitVector<ulong> x, BitVector<ulong> y, BitVector<ulong> z)                    | 0f 1f 44 00 00 48 23 d1 c4 c2 f0 f2 c0 48 0b c2 c3 00 00 00 19 00 00 00 40 00 00 00 00 00 00 00 00 00 00
