Sequence  | Length  | Host                          | OpId                                                        | Address         | OpName        | OpSig                                                                           | Data| Operation
0         | 71      | gmath/gfp                     | abs_g[32f](32f)                                             | 7ff7c824ceb0h   | abs           | float abs<float>(float src)                                                     | 48 83 ec 18 c5 f8 77 33 c0 48 89 44 24 10 c5 fa 11 44 24 08 8b 44 24 08 89 44 24 10 48 8d 44 24 10 81 20 ff ff ff 7f c5 fa 10 44 24 10 48 83 c4 18 c3 cc cc 19 04 01 00 04 22 00 00 40 00 00 00 00 00 00 00 00 00 00
1         | 83      | gmath/gfp                     | abs_g[64f](64f)                                             | 7ff7c824cf00h   | abs           | double abs<double>(double src)                                                  | 48 83 ec 18 c5 f8 77 33 c0 48 89 44 24 10 c5 fb 11 44 24 08 48 8b 44 24 08 48 89 44 24 10 48 8d 44 24 10 48 ba ff ff ff ff ff ff ff 7f 48 21 10 c5 fb 10 44 24 10 48 83 c4 18 c3 cc cc 00 00 00 19 04 01 00 04 22 00 00 40 00 00 00 00 00 00 00 00 00 00
2         | 424     | gmath/gfp                     | add_g[32f](32f,32f)                                         | 7ff7c824cf60h   | add           | float add<float>(float lhs, float rhs)                                          | c5 f8 77 66 90 c5 fa 58 c1 c3 cc 00 19 00 00 00 40 00 00 00 00 00 00 00 00 50 34 c8 f7 7f 00 00 c5 f8 77 66 90 c5 fb 58 c1 c3 cc 00 19 00 00 00 40 00 00 00 00 00 00 00 02 00 00 00 00 00 00 00 e8 9b 86 01 5f 5e 00 2a e8 93 86 01 5f 5e 03 29 e8 8b 86 01 5f 5e 06 28 e8 83 86 01 5f 5e 09 27 e8 7b 86 01 5f 5e 0c 26 e8 73 86 01 5f 5e 0f 25 e8 6b 86 01 5f 5e 12 24 e8 63 86 01 5f 5e 15 23 e8 5b 86 01 5f 5e 18 22 e8 53 86 01 5f 5e 1b 21 e8 4b 86 01 5f 5e 1e 20 e8 43 86 01 5f 5e 21 1f e8 3b 86 01 5f 5e 24 1e e8 33 86 01 5f 5e 27 1d e8 2b 86 01 5f 5e 2a 1c e8 23 86 01 5f 5e 2d 1b e8 1b 86 01 5f 5e 30 1a e8 13 86 01 5f 5e 33 19 e8 0b 86 01 5f 5e 36 18 e8 03 86 01 5f 5e 39 17 e8 fb 85 01 5f 5e 3c 16 e8 f3 85 01 5f 5e 3f 15 e8 eb 85 01 5f 5e 42 14 e8 e3 85 01 5f 5e 45 13 e8 db 85 01 5f 5e 48 12 e8 d3 85 01 5f 5e 4b 11 e8 cb 85 01 5f 5e 4e 10 e8 c3 85 01 5f 5e 50 0f e8 bb 85 01 5f 5e 52 0e e8 b3 85 01 5f 5e 54 0d e8 ab 85 01 5f 5e 56 0c e8 a3 85 01 5f 5e 58 0b e8 9b 85 01 5f 5e 5a 0a e8 93 85 01 5f 5e 5c 09 e8 8b 85 01 5f 5e 5e 08 e8 83 85 01 5f 5e 60 07 e8 7b 85 01 5f 5e 62 06 e8 73 85 01 5f 5e 64 05 e8 6b 85 01 5f 5e 66 04 e8 63 85 01 5f 5e 68 03 e8 5b 85 01 5f 5e 6a 02 e8 53 85 01 5f 5e 6c 01 e8 4b 85 01 5f 5e 6e 00 c8 a9 33 c8 f7 7f 00 00 00 00 00 00 00 00 00 00
3         | 392     | gmath/gfp                     | add_g[64f](64f,64f)                                         | 7ff7c824cf80h   | add           | double add<double>(double lhs, double rhs)                                      | c5 f8 77 66 90 c5 fb 58 c1 c3 cc 00 19 00 00 00 40 00 00 00 00 00 00 00 02 00 00 00 00 00 00 00 e8 9b 86 01 5f 5e 00 2a e8 93 86 01 5f 5e 03 29 e8 8b 86 01 5f 5e 06 28 e8 83 86 01 5f 5e 09 27 e8 7b 86 01 5f 5e 0c 26 e8 73 86 01 5f 5e 0f 25 e8 6b 86 01 5f 5e 12 24 e8 63 86 01 5f 5e 15 23 e8 5b 86 01 5f 5e 18 22 e8 53 86 01 5f 5e 1b 21 e8 4b 86 01 5f 5e 1e 20 e8 43 86 01 5f 5e 21 1f e8 3b 86 01 5f 5e 24 1e e8 33 86 01 5f 5e 27 1d e8 2b 86 01 5f 5e 2a 1c e8 23 86 01 5f 5e 2d 1b e8 1b 86 01 5f 5e 30 1a e8 13 86 01 5f 5e 33 19 e8 0b 86 01 5f 5e 36 18 e8 03 86 01 5f 5e 39 17 e8 fb 85 01 5f 5e 3c 16 e8 f3 85 01 5f 5e 3f 15 e8 eb 85 01 5f 5e 42 14 e8 e3 85 01 5f 5e 45 13 e8 db 85 01 5f 5e 48 12 e8 d3 85 01 5f 5e 4b 11 e8 cb 85 01 5f 5e 4e 10 e8 c3 85 01 5f 5e 50 0f e8 bb 85 01 5f 5e 52 0e e8 b3 85 01 5f 5e 54 0d e8 ab 85 01 5f 5e 56 0c e8 a3 85 01 5f 5e 58 0b e8 9b 85 01 5f 5e 5a 0a e8 93 85 01 5f 5e 5c 09 e8 8b 85 01 5f 5e 5e 08 e8 83 85 01 5f 5e 60 07 e8 7b 85 01 5f 5e 62 06 e8 73 85 01 5f 5e 64 05 e8 6b 85 01 5f 5e 66 04 e8 63 85 01 5f 5e 68 03 e8 5b 85 01 5f 5e 6a 02 e8 53 85 01 5f 5e 6c 01 e8 4b 85 01 5f 5e 6e 00 c8 a9 33 c8 f7 7f 00 00 00 00 00 00 00 00 00 00
4         | 99      | gmath/gfp                     | ceil_g[32f](32f)                                            | 7ff7c824d110h   | ceil          | float ceil<float>(float src)                                                    | c5 f8 77 66 90 c4 e3 79 0a c0 0a c3 19 00 00 00 40 00 00 00 00 00 00 00 d8 51 34 c8 f7 7f 00 00 c5 f8 77 66 90 c4 e3 79 0b c0 0a c3 19 00 00 00 40 00 00 00 00 00 00 00 70 52 34 c8 f7 7f 00 00 c5 f8 77 66 90 c5 fa 5c 05 03 00 00 00 c3 cc 00 00 00 80 3f 19 00 00 00 40 00 00 00 00 00 00 00 00 00 00
5         | 67      | gmath/gfp                     | ceil_g[64f](64f)                                            | 7ff7c824d130h   | ceil          | double ceil<double>(double src)                                                 | c5 f8 77 66 90 c4 e3 79 0b c0 0a c3 19 00 00 00 40 00 00 00 00 00 00 00 70 52 34 c8 f7 7f 00 00 c5 f8 77 66 90 c5 fa 5c 05 03 00 00 00 c3 cc 00 00 00 80 3f 19 00 00 00 40 00 00 00 00 00 00 00 00 00 00
6         | 35      | gmath/gfp                     | dec_g[32f](32f)                                             | 7ff7c824d150h   | dec           | float dec<float>(float src)                                                     | c5 f8 77 66 90 c5 fa 5c 05 03 00 00 00 c3 cc 00 00 00 80 3f 19 00 00 00 40 00 00 00 00 00 00 00 00 00 00
7         | 1299    | gmath/gfp                     | dec_g[64f](64f)                                             | 7ff7c824d180h   | dec           | double dec<double>(double src)                                                  | c5 f8 77 66 90 c5 fb 5c 05 03 00 00 00 c3 cc 00 00 00 00 00 00 00 f0 3f 19 00 00 00 40 00 00 00 02 00 00 00 00 00 00 00 e8 93 84 01 5f 5e 00 00 88 b1 33 c8 f7 7f 00 00 e8 83 84 01 5f 5e 00 00 e8 b1 33 c8 f7 7f 00 00 e8 73 84 01 5f 5e 00 00 48 b2 33 c8 f7 7f 00 00 e8 63 84 01 5f 5e 00 00 a8 b2 33 c8 f7 7f 00 00 e8 53 84 01 5f 5e 00 00 08 b3 33 c8 f7 7f 00 00 e8 43 84 01 5f 5e 00 00 68 b3 33 c8 f7 7f 00 00 e8 33 84 01 5f 5e 00 00 c8 b3 33 c8 f7 7f 00 00 e8 23 84 01 5f 5e 00 00 28 b4 33 c8 f7 7f 00 00 e8 13 84 01 5f 5e 00 00 88 b4 33 c8 f7 7f 00 00 e8 03 84 01 5f 5e 00 00 e8 b4 33 c8 f7 7f 00 00 e8 f3 83 01 5f 5e 00 00 48 b5 33 c8 f7 7f 00 00 e8 e3 83 01 5f 5e 00 00 a8 b5 33 c8 f7 7f 00 00 e8 d3 83 01 5f 5e 00 00 08 b6 33 c8 f7 7f 00 00 e8 c3 83 01 5f 5e 00 00 68 b6 33 c8 f7 7f 00 00 e8 b3 83 01 5f 5e 00 00 c8 b6 33 c8 f7 7f 00 00 e8 a3 83 01 5f 5e 00 00 28 b7 33 c8 f7 7f 00 00 e8 93 83 01 5f 5e 00 00 88 b7 33 c8 f7 7f 00 00 e8 83 83 01 5f 5e 00 00 e8 b7 33 c8 f7 7f 00 00 e8 73 83 01 5f 5e 00 00 48 b8 33 c8 f7 7f 00 00 e8 63 83 01 5f 5e 00 00 a8 b8 33 c8 f7 7f 00 00 e8 53 83 01 5f 5e 00 00 08 b9 33 c8 f7 7f 00 00 e8 43 83 01 5f 5e 00 00 68 b9 33 c8 f7 7f 00 00 e8 33 83 01 5f 5e 00 00 c8 b9 33 c8 f7 7f 00 00 e8 23 83 01 5f 5e 00 00 28 ba 33 c8 f7 7f 00 00 e8 13 83 01 5f 5e 00 00 88 ba 33 c8 f7 7f 00 00 e8 03 83 01 5f 5e 00 00 e8 ba 33 c8 f7 7f 00 00 e8 f3 82 01 5f 5e 00 00 48 bb 33 c8 f7 7f 00 00 e8 e3 82 01 5f 5e 00 00 a8 bb 33 c8 f7 7f 00 00 e8 d3 82 01 5f 5e 00 00 08 bc 33 c8 f7 7f 00 00 e8 c3 82 01 5f 5e 00 00 68 bc 33 c8 f7 7f 00 00 e8 b3 82 01 5f 5e 00 00 c8 bc 33 c8 f7 7f 00 00 e8 a3 82 01 5f 5e 00 00 28 bd 33 c8 f7 7f 00 00 e8 93 82 01 5f 5e 00 00 88 bd 33 c8 f7 7f 00 00 e8 83 82 01 5f 5e 00 00 e8 bd 33 c8 f7 7f 00 00 e8 73 82 01 5f 5e 00 00 48 be 33 c8 f7 7f 00 00 e8 63 82 01 5f 5e 00 00 a8 be 33 c8 f7 7f 00 00 e8 53 82 01 5f 5e 00 00 08 bf 33 c8 f7 7f 00 00 e8 43 82 01 5f 5e 00 00 68 bf 33 c8 f7 7f 00 00 e8 33 82 01 5f 5e 00 00 c8 bf 33 c8 f7 7f 00 00 e8 23 82 01 5f 5e 00 00 28 c0 33 c8 f7 7f 00 00 e8 13 82 01 5f 5e 00 00 88 c0 33 c8 f7 7f 00 00 e8 03 82 01 5f 5e 00 00 e8 c0 33 c8 f7 7f 00 00 e8 f3 81 01 5f 5e 00 00 48 c1 33 c8 f7 7f 00 00 e8 e3 81 01 5f 5e 00 00 a8 c1 33 c8 f7 7f 00 00 e8 d3 81 01 5f 5e 00 00 08 c2 33 c8 f7 7f 00 00 e8 c3 81 01 5f 5e 00 00 68 c2 33 c8 f7 7f 00 00 e8 b3 81 01 5f 5e 00 00 c8 c2 33 c8 f7 7f 00 00 e8 a3 81 01 5f 5e 00 00 28 c3 33 c8 f7 7f 00 00 e8 93 81 01 5f 5e 00 00 88 c3 33 c8 f7 7f 00 00 e8 83 81 01 5f 5e 00 00 e8 c3 33 c8 f7 7f 00 00 e8 73 81 01 5f 5e 00 00 48 c4 33 c8 f7 7f 00 00 e8 63 81 01 5f 5e 00 00 a8 c4 33 c8 f7 7f 00 00 e8 53 81 01 5f 5e 00 00 08 c5 33 c8 f7 7f 00 00 e8 43 81 01 5f 5e 00 00 68 c5 33 c8 f7 7f 00 00 e8 33 81 01 5f 5e 00 00 c8 c5 33 c8 f7 7f 00 00 e8 23 81 01 5f 5e 00 00 28 c6 33 c8 f7 7f 00 00 e8 13 81 01 5f 5e 00 00 88 c6 33 c8 f7 7f 00 00 e8 03 81 01 5f 5e 00 00 e8 c6 33 c8 f7 7f 00 00 e8 f3 80 01 5f 5e 00 00 48 c7 33 c8 f7 7f 00 00 e8 e3 80 01 5f 5e 00 00 a8 c7 33 c8 f7 7f 00 00 e8 d3 80 01 5f 5e 00 00 08 c8 33 c8 f7 7f 00 00 e8 c3 80 01 5f 5e 00 00 68 c8 33 c8 f7 7f 00 00 e8 b3 80 01 5f 5e 00 00 c8 c8 33 c8 f7 7f 00 00 e8 a3 80 01 5f 5e 00 00 28 c9 33 c8 f7 7f 00 00 a0 53 34 c8 f7 7f 00 00 c5 f8 77 66 90 c5 fa 5e c1 c3 cc 00 19 00 00 00 40 00 00 00 00 00 00 00 38 54 34 c8 f7 7f 00 00 c5 f8 77 66 90 c5 fb 5e c1 c3 cc 00 19 00 00 00 40 00 00 00 00 00 00 00 e8 54 34 c8 f7 7f 00 00 c5 f8 77 66 90 c4 e3 79 0a c0 09 c3 19 00 00 00 40 00 00 00 00 00 00 00 98 55 34 c8 f7 7f 00 00 c5 f8 77 66 90 c4 e3 79 0b c0 09 c3 19 00 00 00 40 00 00 00 00 00 00 00 48 56 34 c8 f7 7f 00 00 c5 f8 77 66 90 c4 e2 71 a9 c2 c3 00 19 00 00 00 40 00 00 00 00 00 00 00 f8 56 34 c8 f7 7f 00 00 c5 f8 77 66 90 c4 e2 f1 a9 c2 c3 00 19 00 00 00 40 00 00 00 00 00 00 00 90 57 34 c8 f7 7f 00 00 c5 f8 77 66 90 c5 fa 58 05 03 00 00 00 c3 cc 00 00 00 80 3f 19 00 00 00 40 00 00 00 00 00 00 00 00 00 00
8         | 227     | gmath/gfp                     | div_g[32f](32f,32f)                                         | 7ff7c824d5b0h   | div           | float div<float>(float a, float b)                                              | c5 f8 77 66 90 c5 fa 5e c1 c3 cc 00 19 00 00 00 40 00 00 00 00 00 00 00 38 54 34 c8 f7 7f 00 00 c5 f8 77 66 90 c5 fb 5e c1 c3 cc 00 19 00 00 00 40 00 00 00 00 00 00 00 e8 54 34 c8 f7 7f 00 00 c5 f8 77 66 90 c4 e3 79 0a c0 09 c3 19 00 00 00 40 00 00 00 00 00 00 00 98 55 34 c8 f7 7f 00 00 c5 f8 77 66 90 c4 e3 79 0b c0 09 c3 19 00 00 00 40 00 00 00 00 00 00 00 48 56 34 c8 f7 7f 00 00 c5 f8 77 66 90 c4 e2 71 a9 c2 c3 00 19 00 00 00 40 00 00 00 00 00 00 00 f8 56 34 c8 f7 7f 00 00 c5 f8 77 66 90 c4 e2 f1 a9 c2 c3 00 19 00 00 00 40 00 00 00 00 00 00 00 90 57 34 c8 f7 7f 00 00 c5 f8 77 66 90 c5 fa 58 05 03 00 00 00 c3 cc 00 00 00 80 3f 19 00 00 00 40 00 00 00 00 00 00 00 00 00 00
9         | 195     | gmath/gfp                     | div_g[64f](64f,64f)                                         | 7ff7c824d5d0h   | div           | double div<double>(double a, double b)                                          | c5 f8 77 66 90 c5 fb 5e c1 c3 cc 00 19 00 00 00 40 00 00 00 00 00 00 00 e8 54 34 c8 f7 7f 00 00 c5 f8 77 66 90 c4 e3 79 0a c0 09 c3 19 00 00 00 40 00 00 00 00 00 00 00 98 55 34 c8 f7 7f 00 00 c5 f8 77 66 90 c4 e3 79 0b c0 09 c3 19 00 00 00 40 00 00 00 00 00 00 00 48 56 34 c8 f7 7f 00 00 c5 f8 77 66 90 c4 e2 71 a9 c2 c3 00 19 00 00 00 40 00 00 00 00 00 00 00 f8 56 34 c8 f7 7f 00 00 c5 f8 77 66 90 c4 e2 f1 a9 c2 c3 00 19 00 00 00 40 00 00 00 00 00 00 00 90 57 34 c8 f7 7f 00 00 c5 f8 77 66 90 c5 fa 58 05 03 00 00 00 c3 cc 00 00 00 80 3f 19 00 00 00 40 00 00 00 00 00 00 00 00 00 00
10        | 163     | gmath/gfp                     | floor_g[32f](32f)                                           | 7ff7c824d5f0h   | floor         | float floor<float>(float src)                                                   | c5 f8 77 66 90 c4 e3 79 0a c0 09 c3 19 00 00 00 40 00 00 00 00 00 00 00 98 55 34 c8 f7 7f 00 00 c5 f8 77 66 90 c4 e3 79 0b c0 09 c3 19 00 00 00 40 00 00 00 00 00 00 00 48 56 34 c8 f7 7f 00 00 c5 f8 77 66 90 c4 e2 71 a9 c2 c3 00 19 00 00 00 40 00 00 00 00 00 00 00 f8 56 34 c8 f7 7f 00 00 c5 f8 77 66 90 c4 e2 f1 a9 c2 c3 00 19 00 00 00 40 00 00 00 00 00 00 00 90 57 34 c8 f7 7f 00 00 c5 f8 77 66 90 c5 fa 58 05 03 00 00 00 c3 cc 00 00 00 80 3f 19 00 00 00 40 00 00 00 00 00 00 00 00 00 00
11        | 131     | gmath/gfp                     | floor_g[64f](64f)                                           | 7ff7c824d610h   | floor         | double floor<double>(double src)                                                | c5 f8 77 66 90 c4 e3 79 0b c0 09 c3 19 00 00 00 40 00 00 00 00 00 00 00 48 56 34 c8 f7 7f 00 00 c5 f8 77 66 90 c4 e2 71 a9 c2 c3 00 19 00 00 00 40 00 00 00 00 00 00 00 f8 56 34 c8 f7 7f 00 00 c5 f8 77 66 90 c4 e2 f1 a9 c2 c3 00 19 00 00 00 40 00 00 00 00 00 00 00 90 57 34 c8 f7 7f 00 00 c5 f8 77 66 90 c5 fa 58 05 03 00 00 00 c3 cc 00 00 00 80 3f 19 00 00 00 40 00 00 00 00 00 00 00 00 00 00
12        | 99      | gmath/gfp                     | fma_g[32f](32f,32f,32f)                                     | 7ff7c824d630h   | fma           | float fma<float>(float x, float y, float z)                                     | c5 f8 77 66 90 c4 e2 71 a9 c2 c3 00 19 00 00 00 40 00 00 00 00 00 00 00 f8 56 34 c8 f7 7f 00 00 c5 f8 77 66 90 c4 e2 f1 a9 c2 c3 00 19 00 00 00 40 00 00 00 00 00 00 00 90 57 34 c8 f7 7f 00 00 c5 f8 77 66 90 c5 fa 58 05 03 00 00 00 c3 cc 00 00 00 80 3f 19 00 00 00 40 00 00 00 00 00 00 00 00 00 00
13        | 67      | gmath/gfp                     | fma_g[64f](64f,64f,64f)                                     | 7ff7c824d650h   | fma           | double fma<double>(double x, double y, double z)                                | c5 f8 77 66 90 c4 e2 f1 a9 c2 c3 00 19 00 00 00 40 00 00 00 00 00 00 00 90 57 34 c8 f7 7f 00 00 c5 f8 77 66 90 c5 fa 58 05 03 00 00 00 c3 cc 00 00 00 80 3f 19 00 00 00 40 00 00 00 00 00 00 00 00 00 00
14        | 35      | gmath/gfp                     | inc_g[32f](32f)                                             | 7ff7c824d670h   | inc           | float inc<float>(float src)                                                     | c5 f8 77 66 90 c5 fa 58 05 03 00 00 00 c3 cc 00 00 00 80 3f 19 00 00 00 40 00 00 00 00 00 00 00 00 00 00
15        | 39      | gmath/gfp                     | inc_g[64f](64f)                                             | 7ff7c824d6a0h   | inc           | double inc<double>(double src)                                                  | c5 f8 77 66 90 c5 fb 58 05 03 00 00 00 c3 cc 00 00 00 00 00 00 00 f0 3f 19 00 00 00 40 00 00 00 00 00 00 00 00 00 00
16        | 142     | gmath/gfp                     | mul_g[32f](32f,32f)                                         | 7ff7c824d6d0h   | mul           | float mul<float>(float lhs, float rhs)                                          | c5 f8 77 66 90 c5 fa 59 c1 c3 cc 00 19 00 00 00 40 00 00 00 00 00 00 00 58 59 34 c8 f7 7f 00 00 c5 f8 77 66 90 c5 fb 59 c1 c3 cc 00 19 00 00 00 40 00 00 00 00 00 00 00 f0 59 34 c8 f7 7f 00 00 c5 f8 77 66 90 c5 fa 10 0d 0b 00 00 00 c5 f8 57 c1 c3 cc cc 00 00 00 00 00 00 00 80 19 00 00 00 40 00 00 00 00 00 00 00 88 5a 34 c8 f7 7f 00 00 c5 f8 77 66 90 c5 fb 10 0d 0b 00 00 00 c5 f8 57 c1 c3 cc cc 00 00 00 00 00 00 00 00 00 00
17        | 110     | gmath/gfp                     | mul_g[64f](64f,64f)                                         | 7ff7c824d6f0h   | mul           | double mul<double>(double lhs, double rhs)                                      | c5 f8 77 66 90 c5 fb 59 c1 c3 cc 00 19 00 00 00 40 00 00 00 00 00 00 00 f0 59 34 c8 f7 7f 00 00 c5 f8 77 66 90 c5 fa 10 0d 0b 00 00 00 c5 f8 57 c1 c3 cc cc 00 00 00 00 00 00 00 80 19 00 00 00 40 00 00 00 00 00 00 00 88 5a 34 c8 f7 7f 00 00 c5 f8 77 66 90 c5 fb 10 0d 0b 00 00 00 c5 f8 57 c1 c3 cc cc 00 00 00 00 00 00 00 00 00 00
18        | 78      | gmath/gfp                     | negate_g[32f](32f)                                          | 7ff7c824d710h   | negate        | float negate<float>(float lhs)                                                  | c5 f8 77 66 90 c5 fa 10 0d 0b 00 00 00 c5 f8 57 c1 c3 cc cc 00 00 00 00 00 00 00 80 19 00 00 00 40 00 00 00 00 00 00 00 88 5a 34 c8 f7 7f 00 00 c5 f8 77 66 90 c5 fb 10 0d 0b 00 00 00 c5 f8 57 c1 c3 cc cc 00 00 00 00 00 00 00 00 00 00
19        | 30      | gmath/gfp                     | negate_g[64f](64f)                                          | 7ff7c824d740h   | negate        | double negate<double>(double lhs)                                               | c5 f8 77 66 90 c5 fb 10 0d 0b 00 00 00 c5 f8 57 c1 c3 cc cc 00 00 00 00 00 00 00 00 00 00
20        | 135     | gmath/gfp                     | nonzero_g[32f](32f)                                         | 7ff7c824d770h   | nonzero       | bit nonzero<float>(float a)                                                     | c5 f8 77 66 90 c5 f0 57 c9 c5 f8 2e c1 0f 9a c0 7a 03 0f 95 c0 0f b6 c0 c3 cc cc 00 19 00 00 00 40 00 00 00 00 00 00 00 88 5b 34 c8 f7 7f 00 00 c5 f8 77 66 90 c5 f0 57 c9 c5 f9 2e c1 0f 9a c0 7a 03 0f 95 c0 0f b6 c0 c3 cc cc 00 19 00 00 00 40 00 00 00 00 00 00 00 20 5c 34 c8 f7 7f 00 00 48 83 ec 28 c5 f8 77 e8 94 2b 7b ff 90 48 83 c4 28 c3 00 00 19 04 01 00 04 42 00 00 40 00 00 00 00 00 00 00 00 00 00
21        | 87      | gmath/gfp                     | nonzero_g[64f](64f)                                         | 7ff7c824d7a0h   | nonzero       | bit nonzero<double>(double a)                                                   | c5 f8 77 66 90 c5 f0 57 c9 c5 f9 2e c1 0f 9a c0 7a 03 0f 95 c0 0f b6 c0 c3 cc cc 00 19 00 00 00 40 00 00 00 00 00 00 00 20 5c 34 c8 f7 7f 00 00 48 83 ec 28 c5 f8 77 e8 94 2b 7b ff 90 48 83 c4 28 c3 00 00 19 04 01 00 04 42 00 00 40 00 00 00 00 00 00 00 00 00 00
22        | 39      | gmath/gfp                     | signum_g[32f](32f)                                          | 7ff7c824d7d0h   | signum        | Sign:int signum<float>(float src)                                               | 48 83 ec 28 c5 f8 77 e8 94 2b 7b ff 90 48 83 c4 28 c3 00 00 19 04 01 00 04 42 00 00 40 00 00 00 00 00 00 00 00 00 00
23        | 39      | gmath/gfp                     | signum_g[64f](64f)                                          | 7ff7c824d800h   | signum        | Sign:int signum<double>(double src)                                             | 48 83 ec 28 c5 f8 77 e8 3c 2b 7b ff 90 48 83 c4 28 c3 00 00 19 04 01 00 04 42 00 00 40 00 00 00 00 00 00 00 00 00 00
24        | 263     | gmath/gfp                     | square_g[32f](32f)                                          | 7ff7c824d830h   | square        | float square<float>(float src)                                                  | c5 f8 77 66 90 c5 fa 59 c0 c3 cc 00 19 00 00 00 40 00 00 00 00 00 00 00 e8 5d 34 c8 f7 7f 00 00 c5 f8 77 66 90 c5 fb 59 c0 c3 cc 00 19 00 00 00 40 00 00 00 00 00 00 00 80 5e 34 c8 f7 7f 00 00 c5 f8 77 66 90 c5 fa 5c c1 c3 cc 00 19 00 00 00 40 00 00 00 00 00 00 00 18 5f 34 c8 f7 7f 00 00 c5 f8 77 66 90 c5 fb 5c c1 c3 cc 00 19 00 00 00 40 00 00 00 00 00 00 00 98 5f 34 c8 f7 7f 00 00 c5 f8 77 66 90 c5 f8 2e c1 72 0c c5 f8 2e d0 0f 93 c0 0f b6 c0 eb 02 33 c0 0f b6 c0 c3 cc cc 00 19 00 00 00 40 00 00 00 20 60 34 c8 f7 7f 00 00 c5 f8 77 66 90 c5 f9 2e c1 72 0c c5 f9 2e d0 0f 93 c0 0f b6 c0 eb 02 33 c0 0f b6 c0 c3 cc cc 00 19 00 00 00 40 00 00 00 a8 60 34 c8 f7 7f 00 00 c5 f8 77 66 90 c5 f8 2e c1 0f 9b c0 7a 03 0f 94 c0 0f b6 c0 c3 cc 00 00 19 00 00 00 40 00 00 00 00 00 00 00 00 00 00
25        | 231     | gmath/gfp                     | square_g[64f](64f)                                          | 7ff7c824d850h   | square        | double square<double>(double src)                                               | c5 f8 77 66 90 c5 fb 59 c0 c3 cc 00 19 00 00 00 40 00 00 00 00 00 00 00 80 5e 34 c8 f7 7f 00 00 c5 f8 77 66 90 c5 fa 5c c1 c3 cc 00 19 00 00 00 40 00 00 00 00 00 00 00 18 5f 34 c8 f7 7f 00 00 c5 f8 77 66 90 c5 fb 5c c1 c3 cc 00 19 00 00 00 40 00 00 00 00 00 00 00 98 5f 34 c8 f7 7f 00 00 c5 f8 77 66 90 c5 f8 2e c1 72 0c c5 f8 2e d0 0f 93 c0 0f b6 c0 eb 02 33 c0 0f b6 c0 c3 cc cc 00 19 00 00 00 40 00 00 00 20 60 34 c8 f7 7f 00 00 c5 f8 77 66 90 c5 f9 2e c1 72 0c c5 f9 2e d0 0f 93 c0 0f b6 c0 eb 02 33 c0 0f b6 c0 c3 cc cc 00 19 00 00 00 40 00 00 00 a8 60 34 c8 f7 7f 00 00 c5 f8 77 66 90 c5 f8 2e c1 0f 9b c0 7a 03 0f 94 c0 0f b6 c0 c3 cc 00 00 19 00 00 00 40 00 00 00 00 00 00 00 00 00 00
26        | 199     | gmath/gfp                     | sub_g[32f](32f,32f)                                         | 7ff7c824d870h   | sub           | float sub<float>(float a, float b)                                              | c5 f8 77 66 90 c5 fa 5c c1 c3 cc 00 19 00 00 00 40 00 00 00 00 00 00 00 18 5f 34 c8 f7 7f 00 00 c5 f8 77 66 90 c5 fb 5c c1 c3 cc 00 19 00 00 00 40 00 00 00 00 00 00 00 98 5f 34 c8 f7 7f 00 00 c5 f8 77 66 90 c5 f8 2e c1 72 0c c5 f8 2e d0 0f 93 c0 0f b6 c0 eb 02 33 c0 0f b6 c0 c3 cc cc 00 19 00 00 00 40 00 00 00 20 60 34 c8 f7 7f 00 00 c5 f8 77 66 90 c5 f9 2e c1 72 0c c5 f9 2e d0 0f 93 c0 0f b6 c0 eb 02 33 c0 0f b6 c0 c3 cc cc 00 19 00 00 00 40 00 00 00 a8 60 34 c8 f7 7f 00 00 c5 f8 77 66 90 c5 f8 2e c1 0f 9b c0 7a 03 0f 94 c0 0f b6 c0 c3 cc 00 00 19 00 00 00 40 00 00 00 00 00 00 00 00 00 00
27        | 167     | gmath/gfp                     | sub_g[64f](64f,64f)                                         | 7ff7c824d890h   | sub           | double sub<double>(double a, double b)                                          | c5 f8 77 66 90 c5 fb 5c c1 c3 cc 00 19 00 00 00 40 00 00 00 00 00 00 00 98 5f 34 c8 f7 7f 00 00 c5 f8 77 66 90 c5 f8 2e c1 72 0c c5 f8 2e d0 0f 93 c0 0f b6 c0 eb 02 33 c0 0f b6 c0 c3 cc cc 00 19 00 00 00 40 00 00 00 20 60 34 c8 f7 7f 00 00 c5 f8 77 66 90 c5 f9 2e c1 72 0c c5 f9 2e d0 0f 93 c0 0f b6 c0 eb 02 33 c0 0f b6 c0 c3 cc cc 00 19 00 00 00 40 00 00 00 a8 60 34 c8 f7 7f 00 00 c5 f8 77 66 90 c5 f8 2e c1 0f 9b c0 7a 03 0f 94 c0 0f b6 c0 c3 cc 00 00 19 00 00 00 40 00 00 00 00 00 00 00 00 00 00
28        | 135     | gmath/gfp                     | between_g[32f](32f,32f,32f)                                 | 7ff7c824d8b0h   | between       | bit between<float>(float x, float a, float b)                                   | c5 f8 77 66 90 c5 f8 2e c1 72 0c c5 f8 2e d0 0f 93 c0 0f b6 c0 eb 02 33 c0 0f b6 c0 c3 cc cc 00 19 00 00 00 40 00 00 00 20 60 34 c8 f7 7f 00 00 c5 f8 77 66 90 c5 f9 2e c1 72 0c c5 f9 2e d0 0f 93 c0 0f b6 c0 eb 02 33 c0 0f b6 c0 c3 cc cc 00 19 00 00 00 40 00 00 00 a8 60 34 c8 f7 7f 00 00 c5 f8 77 66 90 c5 f8 2e c1 0f 9b c0 7a 03 0f 94 c0 0f b6 c0 c3 cc 00 00 19 00 00 00 40 00 00 00 00 00 00 00 00 00 00
29        | 87      | gmath/gfp                     | between_g[64f](64f,64f,64f)                                 | 7ff7c824d8e0h   | between       | bit between<double>(double x, double a, double b)                               | c5 f8 77 66 90 c5 f9 2e c1 72 0c c5 f9 2e d0 0f 93 c0 0f b6 c0 eb 02 33 c0 0f b6 c0 c3 cc cc 00 19 00 00 00 40 00 00 00 a8 60 34 c8 f7 7f 00 00 c5 f8 77 66 90 c5 f8 2e c1 0f 9b c0 7a 03 0f 94 c0 0f b6 c0 c3 cc 00 00 19 00 00 00 40 00 00 00 00 00 00 00 00 00 00
30        | 39      | gmath/gfp                     | eq_g[32f](32f,32f)                                          | 7ff7c824d910h   | eq            | bit eq<float>(float a, float b)                                                 | c5 f8 77 66 90 c5 f8 2e c1 0f 9b c0 7a 03 0f 94 c0 0f b6 c0 c3 cc 00 00 19 00 00 00 40 00 00 00 00 00 00 00 00 00 00
31        | 704     | gmath/gfp                     | eq_g[64f](64f,64f)                                          | 7ff7c824d940h   | eq            | bit eq<double>(double a, double b)                                              | c5 f8 77 66 90 c5 f9 2e c1 0f 9b c0 7a 03 0f 94 c0 0f b6 c0 c3 cc 00 00 19 00 00 00 40 00 00 00 02 00 00 00 00 00 00 00 e8 d3 7c 01 5f 5e 00 00 88 c9 33 c8 f7 7f 00 00 e8 c3 7c 01 5f 5e 00 00 e8 c9 33 c8 f7 7f 00 00 e8 b3 7c 01 5f 5e 00 00 48 ca 33 c8 f7 7f 00 00 e8 a3 7c 01 5f 5e 00 00 a8 ca 33 c8 f7 7f 00 00 e8 93 7c 01 5f 5e 00 00 08 cb 33 c8 f7 7f 00 00 e8 83 7c 01 5f 5e 00 00 68 cb 33 c8 f7 7f 00 00 e8 73 7c 01 5f 5e 00 00 c8 cb 33 c8 f7 7f 00 00 e8 63 7c 01 5f 5e 00 00 28 cc 33 c8 f7 7f 00 00 e8 53 7c 01 5f 5e 00 00 88 cc 33 c8 f7 7f 00 00 e8 43 7c 01 5f 5e 00 00 e8 cc 33 c8 f7 7f 00 00 e8 33 7c 01 5f 5e 00 00 48 cd 33 c8 f7 7f 00 00 e8 23 7c 01 5f 5e 00 00 a8 cd 33 c8 f7 7f 00 00 e8 13 7c 01 5f 5e 00 00 08 ce 33 c8 f7 7f 00 00 e8 03 7c 01 5f 5e 00 00 68 ce 33 c8 f7 7f 00 00 e8 f3 7b 01 5f 5e 00 00 c8 ce 33 c8 f7 7f 00 00 e8 e3 7b 01 5f 5e 00 00 28 cf 33 c8 f7 7f 00 00 e8 d3 7b 01 5f 5e 00 00 88 cf 33 c8 f7 7f 00 00 e8 c3 7b 01 5f 5e 00 00 e8 cf 33 c8 f7 7f 00 00 e8 b3 7b 01 5f 5e 00 00 48 d0 33 c8 f7 7f 00 00 e8 a3 7b 01 5f 5e 00 00 a8 d0 33 c8 f7 7f 00 00 e8 93 7b 01 5f 5e 00 00 08 d1 33 c8 f7 7f 00 00 e8 83 7b 01 5f 5e 00 00 68 d1 33 c8 f7 7f 00 00 e8 73 7b 01 5f 5e 00 00 c8 d1 33 c8 f7 7f 00 00 e8 63 7b 01 5f 5e 00 00 28 d2 33 c8 f7 7f 00 00 e8 53 7b 01 5f 5e 00 00 88 d2 33 c8 f7 7f 00 00 e8 43 7b 01 5f 5e 00 00 e8 d2 33 c8 f7 7f 00 00 e8 33 7b 01 5f 5e 00 00 48 d3 33 c8 f7 7f 00 00 e8 23 7b 01 5f 5e 00 00 a8 d3 33 c8 f7 7f 00 00 e8 13 7b 01 5f 5e 00 00 08 d4 33 c8 f7 7f 00 00 e8 03 7b 01 5f 5e 00 00 68 d4 33 c8 f7 7f 00 00 e8 f3 7a 01 5f 5e 00 00 c8 d4 33 c8 f7 7f 00 00 e8 e3 7a 01 5f 5e 00 00 28 d5 33 c8 f7 7f 00 00 e8 d3 7a 01 5f 5e 00 00 88 d5 33 c8 f7 7f 00 00 e8 c3 7a 01 5f 5e 00 00 e8 d5 33 c8 f7 7f 00 00 e8 b3 7a 01 5f 5e 00 00 48 d6 33 c8 f7 7f 00 00 e8 a3 7a 01 5f 5e 00 00 a8 d6 33 c8 f7 7f 00 00 e8 93 7a 01 5f 5e 00 00 08 d7 33 c8 f7 7f 00 00 e8 83 7a 01 5f 5e 00 00 68 d7 33 c8 f7 7f 00 00 e8 73 7a 01 5f 5e 00 00 c8 d7 33 c8 f7 7f 00 00 e8 63 7a 01 5f 5e 00 00 28 d8 33 c8 f7 7f 00 00 e8 53 7a 01 5f 5e 00 00 88 d8 33 c8 f7 7f 00 00 00 00 00 00 00 00 00 00
32        | 39      | gmath/gfp                     | neq_g[32f](32f,32f)                                         | 7ff7c824dd70h   | neq           | bit neq<float>(float a, float b)                                                | c5 f8 77 66 90 c5 f8 2e c1 0f 9a c0 7a 03 0f 95 c0 0f b6 c0 c3 cc 00 00 19 00 00 00 40 00 00 00 00 00 00 00 00 00 00
33        | 39      | gmath/gfp                     | neq_g[64f](64f,64f)                                         | 7ff7c824dda0h   | neq           | bit neq<double>(double a, double b)                                             | c5 f8 77 66 90 c5 f9 2e c1 0f 9a c0 7a 03 0f 95 c0 0f b6 c0 c3 cc 00 00 19 00 00 00 40 00 00 00 00 00 00 00 00 00 00
34        | 35      | gmath/gfp                     | gt_g[32f](32f,32f)                                          | 7ff7c824ddd0h   | gt            | bit gt<float>(float a, float b)                                                 | c5 f8 77 66 90 c5 f8 2e c1 0f 97 c0 0f b6 c0 c3 cc 00 00 00 19 00 00 00 40 00 00 00 00 00 00 00 00 00 00
35        | 35      | gmath/gfp                     | gt_g[64f](64f,64f)                                          | 7ff7c824de00h   | gt            | bit gt<double>(double a, double b)                                              | c5 f8 77 66 90 c5 f9 2e c1 0f 97 c0 0f b6 c0 c3 cc 00 00 00 19 00 00 00 40 00 00 00 00 00 00 00 00 00 00
36        | 35      | gmath/gfp                     | gteq_g[32f](32f,32f)                                        | 7ff7c824de30h   | gteq          | bit gteq<float>(float a, float b)                                               | c5 f8 77 66 90 c5 f8 2e c1 0f 93 c0 0f b6 c0 c3 cc 00 00 00 19 00 00 00 40 00 00 00 00 00 00 00 00 00 00
37        | 35      | gmath/gfp                     | gteq_g[64f](64f,64f)                                        | 7ff7c824de60h   | gteq          | bit gteq<double>(double a, double b)                                            | c5 f8 77 66 90 c5 f9 2e c1 0f 93 c0 0f b6 c0 c3 cc 00 00 00 19 00 00 00 40 00 00 00 00 00 00 00 00 00 00
38        | 35      | gmath/gfp                     | lt_g[32f](32f,32f)                                          | 7ff7c824de90h   | lt            | bit lt<float>(float lhs, float rhs)                                             | c5 f8 77 66 90 c5 f8 2e c8 0f 97 c0 0f b6 c0 c3 cc 00 00 00 19 00 00 00 40 00 00 00 00 00 00 00 00 00 00
39        | 35      | gmath/gfp                     | lt_g[64f](64f,64f)                                          | 7ff7c824dec0h   | lt            | bit lt<double>(double lhs, double rhs)                                          | c5 f8 77 66 90 c5 f9 2e c8 0f 97 c0 0f b6 c0 c3 cc 00 00 00 19 00 00 00 40 00 00 00 00 00 00 00 00 00 00
40        | 35      | gmath/gfp                     | lteq_g[32f](32f,32f)                                        | 7ff7c824def0h   | lteq          | bit lteq<float>(float lhs, float rhs)                                           | c5 f8 77 66 90 c5 f8 2e c8 0f 93 c0 0f b6 c0 c3 cc 00 00 00 19 00 00 00 40 00 00 00 00 00 00 00 00 00 00
41        | 35      | gmath/gfp                     | lteq_g[64f](64f,64f)                                        | 7ff7c824df20h   | lteq          | bit lteq<double>(double lhs, double rhs)                                        | c5 f8 77 66 90 c5 f9 2e c8 0f 93 c0 0f b6 c0 c3 cc 00 00 00 19 00 00 00 40 00 00 00 00 00 00 00 00 00 00
42        | 35      | gmath/gfp                     | max_g[32f](32f,32f)                                         | 7ff7c824df50h   | max           | float max<float>(float a, float b)                                              | c5 f8 77 66 90 c5 f8 2e c1 77 06 c5 f8 28 c1 eb 00 c3 cc cc 19 00 00 00 40 00 00 00 00 00 00 00 00 00 00
43        | 35      | gmath/gfp                     | max_g[64f](64f,64f)                                         | 7ff7c824df80h   | max           | double max<double>(double a, double b)                                          | c5 f8 77 66 90 c5 f9 2e c1 77 06 c5 f8 28 c1 eb 00 c3 cc cc 19 00 00 00 40 00 00 00 00 00 00 00 00 00 00
44        | 35      | gmath/gfp                     | min_g[32f](32f,32f)                                         | 7ff7c824dfb0h   | min           | float min<float>(float a, float b)                                              | c5 f8 77 66 90 c5 f8 2e c8 77 06 c5 f8 28 c1 eb 00 c3 cc cc 19 00 00 00 40 00 00 00 00 00 00 00 00 00 00
45        | 35      | gmath/gfp                     | min_g[64f](64f,64f)                                         | 7ff7c824dfe0h   | min           | double min<double>(double a, double b)                                          | c5 f8 77 66 90 c5 f9 2e c8 77 06 c5 f8 28 c1 eb 00 c3 cc cc 19 00 00 00 40 00 00 00 00 00 00 00 00 00 00
46        | 67      | gmath/gfp                     | within_g[32f](32f,32f,32f)                                  | 7ff7c824e010h   | within        | bit within<float>(float a, float b, float delta)                                | c5 f8 77 66 90 c5 f8 2e c1 77 10 c5 f2 5c c8 c5 f8 2e d1 0f 93 c0 0f b6 c0 eb 0e c5 fa 5c c1 c5 f8 2e d0 0f 93 c0 0f b6 c0 0f b6 c0 c3 cc cc cc cc cc 00 00 19 00 00 00 40 00 00 00 00 00 00 00 00 00 00
47        | 67      | gmath/gfp                     | within_g[64f](64f,64f,64f)                                  | 7ff7c824e060h   | within        | bit within<double>(double a, double b, double delta)                            | c5 f8 77 66 90 c5 f9 2e c1 77 10 c5 f3 5c c8 c5 f9 2e d1 0f 93 c0 0f b6 c0 eb 0e c5 fb 5c c1 c5 f9 2e d0 0f 93 c0 0f b6 c0 0f b6 c0 c3 cc cc cc cc cc 00 00 19 00 00 00 40 00 00 00 00 00 00 00 00 00 00
48        | 59      | gmath/gfp                     | sqrt_g[32f](32f)                                            | 7ff7c824e0b0h   | sqrt          | float sqrt<float>(float src)                                                    | c5 f8 77 66 90 c5 fa 51 c0 c3 cc 00 19 00 00 00 40 00 00 00 00 00 00 00 08 6b 34 c8 f7 7f 00 00 c5 f8 77 66 90 c5 fb 51 c0 c3 cc 00 19 00 00 00 40 00 00 00 00 00 00 00 00 00 00
49        | 27      | gmath/gfp                     | sqrt_g[64f](64f)                                            | 7ff7c824e0d0h   | sqrt          | double sqrt<double>(double src)                                                 | c5 f8 77 66 90 c5 fb 51 c0 c3 cc 00 19 00 00 00 40 00 00 00 00 00 00 00 00 00 00
