Sequence  | Address         | Length  | Uri                                                                                       | Data
0         | 7ff7c85d5d00h   | 51      | hex://intrinsics/ginxsfp?load#load_g[32f](32f)                                            | 50 c5 f8 77 90 c5 fa 11 4c 24 04 c5 fa 10 44 24 04 c5 f9 11 01 48 8b c1 48 83 c4 08 c3 cc cc cc 19 01 01 00 01 02 00 00 40 00 00 00 00 00 00 00 00 00 00
1         | 7ff7c85d5d40h   | 51      | hex://intrinsics/ginxsfp?load#load_g[64f](64f)                                            | 50 c5 f8 77 90 c5 fb 11 0c 24 c5 fb 10 04 24 c5 f9 11 01 48 8b c1 48 83 c4 08 c3 cc cc cc 00 00 19 01 01 00 01 02 00 00 40 00 00 00 00 00 00 00 00 00 00
2         | 7ff7c85d5d80h   | 2696    | hex://intrinsics/ginxsfp?store#store_g[32f](v128x32f)                                     | 50 c5 f8 77 33 c0 89 44 24 04 c5 f9 10 01 c5 f0 57 c9 c5 fa 11 4c 24 04 c5 fa 11 4c 24 04 c5 fa 11 44 24 04 c5 fa 10 44 24 04 48 83 c4 08 c3 cc cc cc cc cc cc 00 00 00 19 01 01 00 01 02 00 00 40 00 00 00 00 00 00 00 c0 1c 94 c8 f7 7f 00 00 50 c5 f8 77 33 c0 48 89 04 24 c5 f9 10 01 c5 f0 57 c9 c5 fb 11 0c 24 c5 fb 11 0c 24 c5 fb 11 04 24 c5 fb 10 04 24 48 83 c4 08 c3 cc cc cc cc cc cc 00 00 00 19 01 01 00 01 02 00 00 40 00 00 00 02 00 00 00 00 00 00 00 e8 23 f8 c8 5e 5e 00 0c e8 1b f8 c8 5e 5e 01 0b e8 13 f8 c8 5e 5e 02 0a e8 0b f8 c8 5e 5e 03 09 e8 03 f8 c8 5e 5e 04 08 e8 fb f7 c8 5e 5e 05 07 e8 f3 f7 c8 5e 5e 06 06 e8 eb f7 c8 5e 5e 07 05 e8 e3 f7 c8 5e 5e 08 04 e8 db f7 c8 5e 5e 09 03 e8 d3 f7 c8 5e 5e 0a 02 e8 cb f7 c8 5e 5e 0b 01 e8 c3 f7 c8 5e 5e 0c 00 c0 cc 93 c8 f7 7f 00 00 e8 b3 f7 c8 5e 5e 00 00 d8 d0 93 c8 f7 7f 00 00 e8 a3 f7 c8 5e 5e 00 0c e8 9b f7 c8 5e 5e 01 0b e8 93 f7 c8 5e 5e 02 0a e8 8b f7 c8 5e 5e 03 09 e8 83 f7 c8 5e 5e 04 08 e8 7b f7 c8 5e 5e 05 07 e8 73 f7 c8 5e 5e 06 06 e8 6b f7 c8 5e 5e 07 05 e8 63 f7 c8 5e 5e 08 04 e8 5b f7 c8 5e 5e 09 03 e8 53 f7 c8 5e 5e 0a 02 e8 4b f7 c8 5e 5e 0b 01 e8 43 f7 c8 5e 5e 0c 00 48 d1 93 c8 f7 7f 00 00 e8 33 f7 c8 5e 5e 00 00 d0 d2 93 c8 f7 7f 00 00 e8 23 f7 c8 5e 5e 00 00 80 d3 93 c8 f7 7f 00 00 e8 13 f7 c8 5e 5e 00 00 e0 d3 93 c8 f7 7f 00 00 e8 03 f7 c8 5e 5e 00 00 40 d4 93 c8 f7 7f 00 00 e8 f3 f6 c8 5e 5e 00 00 a0 d4 93 c8 f7 7f 00 00 e8 e3 f6 c8 5e 5e 00 00 00 d5 93 c8 f7 7f 00 00 e8 d3 f6 c8 5e 5e 00 00 60 d5 93 c8 f7 7f 00 00 e8 c3 f6 c8 5e 5e 00 0c e8 bb f6 c8 5e 5e 01 0b e8 b3 f6 c8 5e 5e 02 0a e8 ab f6 c8 5e 5e 03 09 e8 a3 f6 c8 5e 5e 04 08 e8 9b f6 c8 5e 5e 05 07 e8 93 f6 c8 5e 5e 06 06 e8 8b f6 c8 5e 5e 07 05 e8 83 f6 c8 5e 5e 08 04 e8 7b f6 c8 5e 5e 09 03 e8 73 f6 c8 5e 5e 0a 02 e8 6b f6 c8 5e 5e 0b 01 e8 63 f6 c8 5e 5e 0c 00 d0 d5 93 c8 f7 7f 00 00 e8 53 f6 c8 5e 5e 00 00 58 d7 93 c8 f7 7f 00 00 e8 43 f6 c8 5e 5e 00 00 08 d8 93 c8 f7 7f 00 00 e8 33 f6 c8 5e 5e 00 00 68 d8 93 c8 f7 7f 00 00 e8 23 f6 c8 5e 5e 00 00 c8 d8 93 c8 f7 7f 00 00 e8 13 f6 c8 5e 5e 00 00 28 d9 93 c8 f7 7f 00 00 e8 03 f6 c8 5e 5e 00 00 88 d9 93 c8 f7 7f 00 00 e8 f3 f5 c8 5e 5e 00 00 e8 d9 93 c8 f7 7f 00 00 e8 e3 f5 c8 5e 5e 00 0c e8 db f5 c8 5e 5e 01 0b e8 d3 f5 c8 5e 5e 02 0a e8 cb f5 c8 5e 5e 03 09 e8 c3 f5 c8 5e 5e 04 08 e8 bb f5 c8 5e 5e 05 07 e8 b3 f5 c8 5e 5e 06 06 e8 ab f5 c8 5e 5e 07 05 e8 a3 f5 c8 5e 5e 08 04 e8 9b f5 c8 5e 5e 09 03 e8 93 f5 c8 5e 5e 0a 02 e8 8b f5 c8 5e 5e 0b 01 e8 83 f5 c8 5e 5e 0c 00 58 da 93 c8 f7 7f 00 00 e8 73 f5 c8 5e 5e 00 00 e0 db 93 c8 f7 7f 00 00 e8 63 f5 c8 5e 5e 00 00 90 dc 93 c8 f7 7f 00 00 e8 53 f5 c8 5e 5e 00 00 f0 dc 93 c8 f7 7f 00 00 e8 43 f5 c8 5e 5e 00 00 50 dd 93 c8 f7 7f 00 00 e8 33 f5 c8 5e 5e 00 00 b0 dd 93 c8 f7 7f 00 00 e8 23 f5 c8 5e 5e 00 00 10 de 93 c8 f7 7f 00 00 e8 13 f5 c8 5e 5e 00 00 70 de 93 c8 f7 7f 00 00 e8 03 f5 c8 5e 5e 00 0c e8 fb f4 c8 5e 5e 01 0b e8 f3 f4 c8 5e 5e 02 0a e8 eb f4 c8 5e 5e 03 09 e8 e3 f4 c8 5e 5e 04 08 e8 db f4 c8 5e 5e 05 07 e8 d3 f4 c8 5e 5e 06 06 e8 cb f4 c8 5e 5e 07 05 e8 c3 f4 c8 5e 5e 08 04 e8 bb f4 c8 5e 5e 09 03 e8 b3 f4 c8 5e 5e 0a 02 e8 ab f4 c8 5e 5e 0b 01 e8 a3 f4 c8 5e 5e 0c 00 e0 de 93 c8 f7 7f 00 00 e8 93 f4 c8 5e 5e 00 00 68 e0 93 c8 f7 7f 00 00 e8 83 f4 c8 5e 5e 00 00 18 e1 93 c8 f7 7f 00 00 e8 73 f4 c8 5e 5e 00 00 78 e1 93 c8 f7 7f 00 00 e8 63 f4 c8 5e 5e 00 00 d8 e1 93 c8 f7 7f 00 00 e8 53 f4 c8 5e 5e 00 00 38 e2 93 c8 f7 7f 00 00 e8 43 f4 c8 5e 5e 00 00 98 e2 93 c8 f7 7f 00 00 e8 33 f4 c8 5e 5e 00 00 f8 e2 93 c8 f7 7f 00 00 88 1e 94 c8 f7 7f 00 00 c5 f8 77 66 90 c5 f9 10 02 c4 c1 79 10 08 c5 fa 58 c1 c5 f9 11 01 48 8b c1 c3 cc cc cc 00 00 00 19 00 00 00 40 00 00 00 28 1f 94 c8 f7 7f 00 00 c5 f8 77 66 90 c5 f9 10 02 c4 c1 79 10 08 c5 fb 58 c1 c5 f9 11 01 48 8b c1 c3 cc cc cc 00 00 00 19 00 00 00 40 00 00 00 f8 20 94 c8 f7 7f 00 00 c5 f8 77 66 90 c5 f9 10 02 c4 c1 79 10 08 c5 fa 5c c1 c5 f9 11 01 48 8b c1 c3 cc cc cc 00 00 00 19 00 00 00 40 00 00 00 98 21 94 c8 f7 7f 00 00 c5 f8 77 66 90 c5 f9 10 02 c4 c1 79 10 08 c5 fb 5c c1 c5 f9 11 01 48 8b c1 c3 cc cc cc 00 00 00 19 00 00 00 40 00 00 00 68 23 94 c8 f7 7f 00 00 c5 f8 77 66 90 c5 f9 10 02 c4 c1 79 10 08 c5 fa 59 c1 c5 f9 11 01 48 8b c1 c3 cc cc cc 00 00 00 19 00 00 00 40 00 00 00 08 24 94 c8 f7 7f 00 00 c5 f8 77 66 90 c5 f9 10 02 c4 c1 79 10 08 c5 fb 59 c1 c5 f9 11 01 48 8b c1 c3 cc cc cc 00 00 00 19 00 00 00 40 00 00 00 d8 25 94 c8 f7 7f 00 00 c5 f8 77 66 90 c5 f9 10 02 c4 c1 79 10 08 c5 fa 5e c1 c5 f9 11 01 48 8b c1 c3 cc cc cc 00 00 00 19 00 00 00 40 00 00 00 78 26 94 c8 f7 7f 00 00 c5 f8 77 66 90 c5 f9 10 02 c4 c1 79 10 08 c5 fb 5e c1 c5 f9 11 01 48 8b c1 c3 cc cc cc 00 00 00 19 00 00 00 40 00 00 00 48 28 94 c8 f7 7f 00 00 c5 f8 77 66 90 c5 f9 10 02 c4 c1 79 10 08 c5 fa 5d c1 c5 f9 11 01 48 8b c1 c3 cc cc cc 00 00 00 19 00 00 00 40 00 00 00 e8 28 94 c8 f7 7f 00 00 c5 f8 77 66 90 c5 f9 10 02 c4 c1 79 10 08 c5 fb 5d c1 c5 f9 11 01 48 8b c1 c3 cc cc cc 00 00 00 19 00 00 00 40 00 00 00 02 00 00 00 00 00 00 00 e8 3b f2 c8 5e 5e 00 0c e8 33 f2 c8 5e 5e 01 0b e8 2b f2 c8 5e 5e 02 0a e8 23 f2 c8 5e 5e 03 09 e8 1b f2 c8 5e 5e 04 08 e8 13 f2 c8 5e 5e 05 07 e8 0b f2 c8 5e 5e 06 06 e8 03 f2 c8 5e 5e 07 05 e8 fb f1 c8 5e 5e 08 04 e8 f3 f1 c8 5e 5e 09 03 e8 eb f1 c8 5e 5e 0a 02 e8 e3 f1 c8 5e 5e 0b 01 e8 db f1 c8 5e 5e 0c 00 68 e3 93 c8 f7 7f 00 00 e8 cb f1 c8 5e 5e 00 00 f0 e4 93 c8 f7 7f 00 00 e8 bb f1 c8 5e 5e 00 00 a0 e5 93 c8 f7 7f 00 00 e8 ab f1 c8 5e 5e 00 00 00 e6 93 c8 f7 7f 00 00 e8 9b f1 c8 5e 5e 00 00 60 e6 93 c8 f7 7f 00 00 e8 8b f1 c8 5e 5e 00 00 c0 e6 93 c8 f7 7f 00 00 e8 7b f1 c8 5e 5e 00 00 20 e7 93 c8 f7 7f 00 00 e8 6b f1 c8 5e 5e 00 00 80 e7 93 c8 f7 7f 00 00 e8 5b f1 c8 5e 5e 00 0c e8 53 f1 c8 5e 5e 01 0b e8 4b f1 c8 5e 5e 02 0a e8 43 f1 c8 5e 5e 03 09 e8 3b f1 c8 5e 5e 04 08 e8 33 f1 c8 5e 5e 05 07 e8 2b f1 c8 5e 5e 06 06 e8 23 f1 c8 5e 5e 07 05 e8 1b f1 c8 5e 5e 08 04 e8 13 f1 c8 5e 5e 09 03 e8 0b f1 c8 5e 5e 0a 02 e8 03 f1 c8 5e 5e 0b 01 e8 fb f0 c8 5e 5e 0c 00 f0 e7 93 c8 f7 7f 00 00 e8 eb f0 c8 5e 5e 00 00 78 e9 93 c8 f7 7f 00 00 e8 db f0 c8 5e 5e 00 00 28 ea 93 c8 f7 7f 00 00 e8 cb f0 c8 5e 5e 00 00 88 ea 93 c8 f7 7f 00 00 e8 bb f0 c8 5e 5e 00 00 e8 ea 93 c8 f7 7f 00 00 e8 ab f0 c8 5e 5e 00 00 48 eb 93 c8 f7 7f 00 00 e8 9b f0 c8 5e 5e 00 00 a8 eb 93 c8 f7 7f 00 00 e8 8b f0 c8 5e 5e 00 00 08 ec 93 c8 f7 7f 00 00 e8 7b f0 c8 5e 5e 00 0c e8 73 f0 c8 5e 5e 01 0b e8 6b f0 c8 5e 5e 02 0a e8 63 f0 c8 5e 5e 03 09 e8 5b f0 c8 5e 5e 04 08 e8 53 f0 c8 5e 5e 05 07 e8 4b f0 c8 5e 5e 06 06 e8 43 f0 c8 5e 5e 07 05 e8 3b f0 c8 5e 5e 08 04 e8 33 f0 c8 5e 5e 09 03 e8 2b f0 c8 5e 5e 0a 02 e8 23 f0 c8 5e 5e 0b 01 e8 1b f0 c8 5e 5e 0c 00 78 ec 93 c8 f7 7f 00 00 e8 0b f0 c8 5e 5e 00 00 00 ee 93 c8 f7 7f 00 00 e8 fb ef c8 5e 5e 00 00 b0 ee 93 c8 f7 7f 00 00 e8 eb ef c8 5e 5e 00 00 10 ef 93 c8 f7 7f 00 00 e8 db ef c8 5e 5e 00 00 70 ef 93 c8 f7 7f 00 00 e8 cb ef c8 5e 5e 00 00 d0 ef 93 c8 f7 7f 00 00 e8 bb ef c8 5e 5e 00 00 30 f0 93 c8 f7 7f 00 00 e8 ab ef c8 5e 5e 00 00 90 f0 93 c8 f7 7f 00 00 e8 9b ef c8 5e 5e 00 0c e8 93 ef c8 5e 5e 01 0b e8 8b ef c8 5e 5e 02 0a e8 83 ef c8 5e 5e 03 09 e8 7b ef c8 5e 5e 04 08 e8 73 ef c8 5e 5e 05 07 e8 6b ef c8 5e 5e 06 06 e8 63 ef c8 5e 5e 07 05 e8 5b ef c8 5e 5e 08 04 e8 53 ef c8 5e 5e 09 03 e8 4b ef c8 5e 5e 0a 02 e8 43 ef c8 5e 5e 0b 01 e8 3b ef c8 5e 5e 0c 00 00 f1 93 c8 f7 7f 00 00 e8 2b ef c8 5e 5e 00 00 88 f2 93 c8 f7 7f 00 00 e8 1b ef c8 5e 5e 00 00 38 f3 93 c8 f7 7f 00 00 e8 0b ef c8 5e 5e 00 00 98 f3 93 c8 f7 7f 00 00 e8 fb ee c8 5e 5e 00 00 f8 f3 93 c8 f7 7f 00 00 e8 eb ee c8 5e 5e 00 00 58 f4 93 c8 f7 7f 00 00 e8 db ee c8 5e 5e 00 00 b8 f4 93 c8 f7 7f 00 00 e8 cb ee c8 5e 5e 00 00 18 f5 93 c8 f7 7f 00 00 e8 bb ee c8 5e 5e 00 0c e8 b3 ee c8 5e 5e 01 0b e8 ab ee c8 5e 5e 02 0a e8 a3 ee c8 5e 5e 03 09 e8 9b ee c8 5e 5e 04 08 e8 93 ee c8 5e 5e 05 07 e8 8b ee c8 5e 5e 06 06 e8 83 ee c8 5e 5e 07 05 e8 7b ee c8 5e 5e 08 04 e8 73 ee c8 5e 5e 09 03 e8 6b ee c8 5e 5e 0a 02 e8 63 ee c8 5e 5e 0b 01 e8 5b ee c8 5e 5e 0c 00 88 f5 93 c8 f7 7f 00 00 e8 4b ee c8 5e 5e 00 00 10 f7 93 c8 f7 7f 00 00 00 00 00 00 00 00 00 00
3         | 7ff7c85d5dd0h   | 2616    | hex://intrinsics/ginxsfp?store#store_g[64f](v128x64f)                                     | 50 c5 f8 77 33 c0 48 89 04 24 c5 f9 10 01 c5 f0 57 c9 c5 fb 11 0c 24 c5 fb 11 0c 24 c5 fb 11 04 24 c5 fb 10 04 24 48 83 c4 08 c3 cc cc cc cc cc cc 00 00 00 19 01 01 00 01 02 00 00 40 00 00 00 02 00 00 00 00 00 00 00 e8 23 f8 c8 5e 5e 00 0c e8 1b f8 c8 5e 5e 01 0b e8 13 f8 c8 5e 5e 02 0a e8 0b f8 c8 5e 5e 03 09 e8 03 f8 c8 5e 5e 04 08 e8 fb f7 c8 5e 5e 05 07 e8 f3 f7 c8 5e 5e 06 06 e8 eb f7 c8 5e 5e 07 05 e8 e3 f7 c8 5e 5e 08 04 e8 db f7 c8 5e 5e 09 03 e8 d3 f7 c8 5e 5e 0a 02 e8 cb f7 c8 5e 5e 0b 01 e8 c3 f7 c8 5e 5e 0c 00 c0 cc 93 c8 f7 7f 00 00 e8 b3 f7 c8 5e 5e 00 00 d8 d0 93 c8 f7 7f 00 00 e8 a3 f7 c8 5e 5e 00 0c e8 9b f7 c8 5e 5e 01 0b e8 93 f7 c8 5e 5e 02 0a e8 8b f7 c8 5e 5e 03 09 e8 83 f7 c8 5e 5e 04 08 e8 7b f7 c8 5e 5e 05 07 e8 73 f7 c8 5e 5e 06 06 e8 6b f7 c8 5e 5e 07 05 e8 63 f7 c8 5e 5e 08 04 e8 5b f7 c8 5e 5e 09 03 e8 53 f7 c8 5e 5e 0a 02 e8 4b f7 c8 5e 5e 0b 01 e8 43 f7 c8 5e 5e 0c 00 48 d1 93 c8 f7 7f 00 00 e8 33 f7 c8 5e 5e 00 00 d0 d2 93 c8 f7 7f 00 00 e8 23 f7 c8 5e 5e 00 00 80 d3 93 c8 f7 7f 00 00 e8 13 f7 c8 5e 5e 00 00 e0 d3 93 c8 f7 7f 00 00 e8 03 f7 c8 5e 5e 00 00 40 d4 93 c8 f7 7f 00 00 e8 f3 f6 c8 5e 5e 00 00 a0 d4 93 c8 f7 7f 00 00 e8 e3 f6 c8 5e 5e 00 00 00 d5 93 c8 f7 7f 00 00 e8 d3 f6 c8 5e 5e 00 00 60 d5 93 c8 f7 7f 00 00 e8 c3 f6 c8 5e 5e 00 0c e8 bb f6 c8 5e 5e 01 0b e8 b3 f6 c8 5e 5e 02 0a e8 ab f6 c8 5e 5e 03 09 e8 a3 f6 c8 5e 5e 04 08 e8 9b f6 c8 5e 5e 05 07 e8 93 f6 c8 5e 5e 06 06 e8 8b f6 c8 5e 5e 07 05 e8 83 f6 c8 5e 5e 08 04 e8 7b f6 c8 5e 5e 09 03 e8 73 f6 c8 5e 5e 0a 02 e8 6b f6 c8 5e 5e 0b 01 e8 63 f6 c8 5e 5e 0c 00 d0 d5 93 c8 f7 7f 00 00 e8 53 f6 c8 5e 5e 00 00 58 d7 93 c8 f7 7f 00 00 e8 43 f6 c8 5e 5e 00 00 08 d8 93 c8 f7 7f 00 00 e8 33 f6 c8 5e 5e 00 00 68 d8 93 c8 f7 7f 00 00 e8 23 f6 c8 5e 5e 00 00 c8 d8 93 c8 f7 7f 00 00 e8 13 f6 c8 5e 5e 00 00 28 d9 93 c8 f7 7f 00 00 e8 03 f6 c8 5e 5e 00 00 88 d9 93 c8 f7 7f 00 00 e8 f3 f5 c8 5e 5e 00 00 e8 d9 93 c8 f7 7f 00 00 e8 e3 f5 c8 5e 5e 00 0c e8 db f5 c8 5e 5e 01 0b e8 d3 f5 c8 5e 5e 02 0a e8 cb f5 c8 5e 5e 03 09 e8 c3 f5 c8 5e 5e 04 08 e8 bb f5 c8 5e 5e 05 07 e8 b3 f5 c8 5e 5e 06 06 e8 ab f5 c8 5e 5e 07 05 e8 a3 f5 c8 5e 5e 08 04 e8 9b f5 c8 5e 5e 09 03 e8 93 f5 c8 5e 5e 0a 02 e8 8b f5 c8 5e 5e 0b 01 e8 83 f5 c8 5e 5e 0c 00 58 da 93 c8 f7 7f 00 00 e8 73 f5 c8 5e 5e 00 00 e0 db 93 c8 f7 7f 00 00 e8 63 f5 c8 5e 5e 00 00 90 dc 93 c8 f7 7f 00 00 e8 53 f5 c8 5e 5e 00 00 f0 dc 93 c8 f7 7f 00 00 e8 43 f5 c8 5e 5e 00 00 50 dd 93 c8 f7 7f 00 00 e8 33 f5 c8 5e 5e 00 00 b0 dd 93 c8 f7 7f 00 00 e8 23 f5 c8 5e 5e 00 00 10 de 93 c8 f7 7f 00 00 e8 13 f5 c8 5e 5e 00 00 70 de 93 c8 f7 7f 00 00 e8 03 f5 c8 5e 5e 00 0c e8 fb f4 c8 5e 5e 01 0b e8 f3 f4 c8 5e 5e 02 0a e8 eb f4 c8 5e 5e 03 09 e8 e3 f4 c8 5e 5e 04 08 e8 db f4 c8 5e 5e 05 07 e8 d3 f4 c8 5e 5e 06 06 e8 cb f4 c8 5e 5e 07 05 e8 c3 f4 c8 5e 5e 08 04 e8 bb f4 c8 5e 5e 09 03 e8 b3 f4 c8 5e 5e 0a 02 e8 ab f4 c8 5e 5e 0b 01 e8 a3 f4 c8 5e 5e 0c 00 e0 de 93 c8 f7 7f 00 00 e8 93 f4 c8 5e 5e 00 00 68 e0 93 c8 f7 7f 00 00 e8 83 f4 c8 5e 5e 00 00 18 e1 93 c8 f7 7f 00 00 e8 73 f4 c8 5e 5e 00 00 78 e1 93 c8 f7 7f 00 00 e8 63 f4 c8 5e 5e 00 00 d8 e1 93 c8 f7 7f 00 00 e8 53 f4 c8 5e 5e 00 00 38 e2 93 c8 f7 7f 00 00 e8 43 f4 c8 5e 5e 00 00 98 e2 93 c8 f7 7f 00 00 e8 33 f4 c8 5e 5e 00 00 f8 e2 93 c8 f7 7f 00 00 88 1e 94 c8 f7 7f 00 00 c5 f8 77 66 90 c5 f9 10 02 c4 c1 79 10 08 c5 fa 58 c1 c5 f9 11 01 48 8b c1 c3 cc cc cc 00 00 00 19 00 00 00 40 00 00 00 28 1f 94 c8 f7 7f 00 00 c5 f8 77 66 90 c5 f9 10 02 c4 c1 79 10 08 c5 fb 58 c1 c5 f9 11 01 48 8b c1 c3 cc cc cc 00 00 00 19 00 00 00 40 00 00 00 f8 20 94 c8 f7 7f 00 00 c5 f8 77 66 90 c5 f9 10 02 c4 c1 79 10 08 c5 fa 5c c1 c5 f9 11 01 48 8b c1 c3 cc cc cc 00 00 00 19 00 00 00 40 00 00 00 98 21 94 c8 f7 7f 00 00 c5 f8 77 66 90 c5 f9 10 02 c4 c1 79 10 08 c5 fb 5c c1 c5 f9 11 01 48 8b c1 c3 cc cc cc 00 00 00 19 00 00 00 40 00 00 00 68 23 94 c8 f7 7f 00 00 c5 f8 77 66 90 c5 f9 10 02 c4 c1 79 10 08 c5 fa 59 c1 c5 f9 11 01 48 8b c1 c3 cc cc cc 00 00 00 19 00 00 00 40 00 00 00 08 24 94 c8 f7 7f 00 00 c5 f8 77 66 90 c5 f9 10 02 c4 c1 79 10 08 c5 fb 59 c1 c5 f9 11 01 48 8b c1 c3 cc cc cc 00 00 00 19 00 00 00 40 00 00 00 d8 25 94 c8 f7 7f 00 00 c5 f8 77 66 90 c5 f9 10 02 c4 c1 79 10 08 c5 fa 5e c1 c5 f9 11 01 48 8b c1 c3 cc cc cc 00 00 00 19 00 00 00 40 00 00 00 78 26 94 c8 f7 7f 00 00 c5 f8 77 66 90 c5 f9 10 02 c4 c1 79 10 08 c5 fb 5e c1 c5 f9 11 01 48 8b c1 c3 cc cc cc 00 00 00 19 00 00 00 40 00 00 00 48 28 94 c8 f7 7f 00 00 c5 f8 77 66 90 c5 f9 10 02 c4 c1 79 10 08 c5 fa 5d c1 c5 f9 11 01 48 8b c1 c3 cc cc cc 00 00 00 19 00 00 00 40 00 00 00 e8 28 94 c8 f7 7f 00 00 c5 f8 77 66 90 c5 f9 10 02 c4 c1 79 10 08 c5 fb 5d c1 c5 f9 11 01 48 8b c1 c3 cc cc cc 00 00 00 19 00 00 00 40 00 00 00 02 00 00 00 00 00 00 00 e8 3b f2 c8 5e 5e 00 0c e8 33 f2 c8 5e 5e 01 0b e8 2b f2 c8 5e 5e 02 0a e8 23 f2 c8 5e 5e 03 09 e8 1b f2 c8 5e 5e 04 08 e8 13 f2 c8 5e 5e 05 07 e8 0b f2 c8 5e 5e 06 06 e8 03 f2 c8 5e 5e 07 05 e8 fb f1 c8 5e 5e 08 04 e8 f3 f1 c8 5e 5e 09 03 e8 eb f1 c8 5e 5e 0a 02 e8 e3 f1 c8 5e 5e 0b 01 e8 db f1 c8 5e 5e 0c 00 68 e3 93 c8 f7 7f 00 00 e8 cb f1 c8 5e 5e 00 00 f0 e4 93 c8 f7 7f 00 00 e8 bb f1 c8 5e 5e 00 00 a0 e5 93 c8 f7 7f 00 00 e8 ab f1 c8 5e 5e 00 00 00 e6 93 c8 f7 7f 00 00 e8 9b f1 c8 5e 5e 00 00 60 e6 93 c8 f7 7f 00 00 e8 8b f1 c8 5e 5e 00 00 c0 e6 93 c8 f7 7f 00 00 e8 7b f1 c8 5e 5e 00 00 20 e7 93 c8 f7 7f 00 00 e8 6b f1 c8 5e 5e 00 00 80 e7 93 c8 f7 7f 00 00 e8 5b f1 c8 5e 5e 00 0c e8 53 f1 c8 5e 5e 01 0b e8 4b f1 c8 5e 5e 02 0a e8 43 f1 c8 5e 5e 03 09 e8 3b f1 c8 5e 5e 04 08 e8 33 f1 c8 5e 5e 05 07 e8 2b f1 c8 5e 5e 06 06 e8 23 f1 c8 5e 5e 07 05 e8 1b f1 c8 5e 5e 08 04 e8 13 f1 c8 5e 5e 09 03 e8 0b f1 c8 5e 5e 0a 02 e8 03 f1 c8 5e 5e 0b 01 e8 fb f0 c8 5e 5e 0c 00 f0 e7 93 c8 f7 7f 00 00 e8 eb f0 c8 5e 5e 00 00 78 e9 93 c8 f7 7f 00 00 e8 db f0 c8 5e 5e 00 00 28 ea 93 c8 f7 7f 00 00 e8 cb f0 c8 5e 5e 00 00 88 ea 93 c8 f7 7f 00 00 e8 bb f0 c8 5e 5e 00 00 e8 ea 93 c8 f7 7f 00 00 e8 ab f0 c8 5e 5e 00 00 48 eb 93 c8 f7 7f 00 00 e8 9b f0 c8 5e 5e 00 00 a8 eb 93 c8 f7 7f 00 00 e8 8b f0 c8 5e 5e 00 00 08 ec 93 c8 f7 7f 00 00 e8 7b f0 c8 5e 5e 00 0c e8 73 f0 c8 5e 5e 01 0b e8 6b f0 c8 5e 5e 02 0a e8 63 f0 c8 5e 5e 03 09 e8 5b f0 c8 5e 5e 04 08 e8 53 f0 c8 5e 5e 05 07 e8 4b f0 c8 5e 5e 06 06 e8 43 f0 c8 5e 5e 07 05 e8 3b f0 c8 5e 5e 08 04 e8 33 f0 c8 5e 5e 09 03 e8 2b f0 c8 5e 5e 0a 02 e8 23 f0 c8 5e 5e 0b 01 e8 1b f0 c8 5e 5e 0c 00 78 ec 93 c8 f7 7f 00 00 e8 0b f0 c8 5e 5e 00 00 00 ee 93 c8 f7 7f 00 00 e8 fb ef c8 5e 5e 00 00 b0 ee 93 c8 f7 7f 00 00 e8 eb ef c8 5e 5e 00 00 10 ef 93 c8 f7 7f 00 00 e8 db ef c8 5e 5e 00 00 70 ef 93 c8 f7 7f 00 00 e8 cb ef c8 5e 5e 00 00 d0 ef 93 c8 f7 7f 00 00 e8 bb ef c8 5e 5e 00 00 30 f0 93 c8 f7 7f 00 00 e8 ab ef c8 5e 5e 00 00 90 f0 93 c8 f7 7f 00 00 e8 9b ef c8 5e 5e 00 0c e8 93 ef c8 5e 5e 01 0b e8 8b ef c8 5e 5e 02 0a e8 83 ef c8 5e 5e 03 09 e8 7b ef c8 5e 5e 04 08 e8 73 ef c8 5e 5e 05 07 e8 6b ef c8 5e 5e 06 06 e8 63 ef c8 5e 5e 07 05 e8 5b ef c8 5e 5e 08 04 e8 53 ef c8 5e 5e 09 03 e8 4b ef c8 5e 5e 0a 02 e8 43 ef c8 5e 5e 0b 01 e8 3b ef c8 5e 5e 0c 00 00 f1 93 c8 f7 7f 00 00 e8 2b ef c8 5e 5e 00 00 88 f2 93 c8 f7 7f 00 00 e8 1b ef c8 5e 5e 00 00 38 f3 93 c8 f7 7f 00 00 e8 0b ef c8 5e 5e 00 00 98 f3 93 c8 f7 7f 00 00 e8 fb ee c8 5e 5e 00 00 f8 f3 93 c8 f7 7f 00 00 e8 eb ee c8 5e 5e 00 00 58 f4 93 c8 f7 7f 00 00 e8 db ee c8 5e 5e 00 00 b8 f4 93 c8 f7 7f 00 00 e8 cb ee c8 5e 5e 00 00 18 f5 93 c8 f7 7f 00 00 e8 bb ee c8 5e 5e 00 0c e8 b3 ee c8 5e 5e 01 0b e8 ab ee c8 5e 5e 02 0a e8 a3 ee c8 5e 5e 03 09 e8 9b ee c8 5e 5e 04 08 e8 93 ee c8 5e 5e 05 07 e8 8b ee c8 5e 5e 06 06 e8 83 ee c8 5e 5e 07 05 e8 7b ee c8 5e 5e 08 04 e8 73 ee c8 5e 5e 09 03 e8 6b ee c8 5e 5e 0a 02 e8 63 ee c8 5e 5e 0b 01 e8 5b ee c8 5e 5e 0c 00 88 f5 93 c8 f7 7f 00 00 e8 4b ee c8 5e 5e 00 00 10 f7 93 c8 f7 7f 00 00 00 00 00 00 00 00 00 00
4         | 7ff7c85d6220h   | 1512    | hex://intrinsics/ginxsfp?add#add_g[32f](v128x32f,v128x32f)                                | c5 f8 77 66 90 c5 f9 10 02 c4 c1 79 10 08 c5 fa 58 c1 c5 f9 11 01 48 8b c1 c3 cc cc cc 00 00 00 19 00 00 00 40 00 00 00 28 1f 94 c8 f7 7f 00 00 c5 f8 77 66 90 c5 f9 10 02 c4 c1 79 10 08 c5 fb 58 c1 c5 f9 11 01 48 8b c1 c3 cc cc cc 00 00 00 19 00 00 00 40 00 00 00 f8 20 94 c8 f7 7f 00 00 c5 f8 77 66 90 c5 f9 10 02 c4 c1 79 10 08 c5 fa 5c c1 c5 f9 11 01 48 8b c1 c3 cc cc cc 00 00 00 19 00 00 00 40 00 00 00 98 21 94 c8 f7 7f 00 00 c5 f8 77 66 90 c5 f9 10 02 c4 c1 79 10 08 c5 fb 5c c1 c5 f9 11 01 48 8b c1 c3 cc cc cc 00 00 00 19 00 00 00 40 00 00 00 68 23 94 c8 f7 7f 00 00 c5 f8 77 66 90 c5 f9 10 02 c4 c1 79 10 08 c5 fa 59 c1 c5 f9 11 01 48 8b c1 c3 cc cc cc 00 00 00 19 00 00 00 40 00 00 00 08 24 94 c8 f7 7f 00 00 c5 f8 77 66 90 c5 f9 10 02 c4 c1 79 10 08 c5 fb 59 c1 c5 f9 11 01 48 8b c1 c3 cc cc cc 00 00 00 19 00 00 00 40 00 00 00 d8 25 94 c8 f7 7f 00 00 c5 f8 77 66 90 c5 f9 10 02 c4 c1 79 10 08 c5 fa 5e c1 c5 f9 11 01 48 8b c1 c3 cc cc cc 00 00 00 19 00 00 00 40 00 00 00 78 26 94 c8 f7 7f 00 00 c5 f8 77 66 90 c5 f9 10 02 c4 c1 79 10 08 c5 fb 5e c1 c5 f9 11 01 48 8b c1 c3 cc cc cc 00 00 00 19 00 00 00 40 00 00 00 48 28 94 c8 f7 7f 00 00 c5 f8 77 66 90 c5 f9 10 02 c4 c1 79 10 08 c5 fa 5d c1 c5 f9 11 01 48 8b c1 c3 cc cc cc 00 00 00 19 00 00 00 40 00 00 00 e8 28 94 c8 f7 7f 00 00 c5 f8 77 66 90 c5 f9 10 02 c4 c1 79 10 08 c5 fb 5d c1 c5 f9 11 01 48 8b c1 c3 cc cc cc 00 00 00 19 00 00 00 40 00 00 00 02 00 00 00 00 00 00 00 e8 3b f2 c8 5e 5e 00 0c e8 33 f2 c8 5e 5e 01 0b e8 2b f2 c8 5e 5e 02 0a e8 23 f2 c8 5e 5e 03 09 e8 1b f2 c8 5e 5e 04 08 e8 13 f2 c8 5e 5e 05 07 e8 0b f2 c8 5e 5e 06 06 e8 03 f2 c8 5e 5e 07 05 e8 fb f1 c8 5e 5e 08 04 e8 f3 f1 c8 5e 5e 09 03 e8 eb f1 c8 5e 5e 0a 02 e8 e3 f1 c8 5e 5e 0b 01 e8 db f1 c8 5e 5e 0c 00 68 e3 93 c8 f7 7f 00 00 e8 cb f1 c8 5e 5e 00 00 f0 e4 93 c8 f7 7f 00 00 e8 bb f1 c8 5e 5e 00 00 a0 e5 93 c8 f7 7f 00 00 e8 ab f1 c8 5e 5e 00 00 00 e6 93 c8 f7 7f 00 00 e8 9b f1 c8 5e 5e 00 00 60 e6 93 c8 f7 7f 00 00 e8 8b f1 c8 5e 5e 00 00 c0 e6 93 c8 f7 7f 00 00 e8 7b f1 c8 5e 5e 00 00 20 e7 93 c8 f7 7f 00 00 e8 6b f1 c8 5e 5e 00 00 80 e7 93 c8 f7 7f 00 00 e8 5b f1 c8 5e 5e 00 0c e8 53 f1 c8 5e 5e 01 0b e8 4b f1 c8 5e 5e 02 0a e8 43 f1 c8 5e 5e 03 09 e8 3b f1 c8 5e 5e 04 08 e8 33 f1 c8 5e 5e 05 07 e8 2b f1 c8 5e 5e 06 06 e8 23 f1 c8 5e 5e 07 05 e8 1b f1 c8 5e 5e 08 04 e8 13 f1 c8 5e 5e 09 03 e8 0b f1 c8 5e 5e 0a 02 e8 03 f1 c8 5e 5e 0b 01 e8 fb f0 c8 5e 5e 0c 00 f0 e7 93 c8 f7 7f 00 00 e8 eb f0 c8 5e 5e 00 00 78 e9 93 c8 f7 7f 00 00 e8 db f0 c8 5e 5e 00 00 28 ea 93 c8 f7 7f 00 00 e8 cb f0 c8 5e 5e 00 00 88 ea 93 c8 f7 7f 00 00 e8 bb f0 c8 5e 5e 00 00 e8 ea 93 c8 f7 7f 00 00 e8 ab f0 c8 5e 5e 00 00 48 eb 93 c8 f7 7f 00 00 e8 9b f0 c8 5e 5e 00 00 a8 eb 93 c8 f7 7f 00 00 e8 8b f0 c8 5e 5e 00 00 08 ec 93 c8 f7 7f 00 00 e8 7b f0 c8 5e 5e 00 0c e8 73 f0 c8 5e 5e 01 0b e8 6b f0 c8 5e 5e 02 0a e8 63 f0 c8 5e 5e 03 09 e8 5b f0 c8 5e 5e 04 08 e8 53 f0 c8 5e 5e 05 07 e8 4b f0 c8 5e 5e 06 06 e8 43 f0 c8 5e 5e 07 05 e8 3b f0 c8 5e 5e 08 04 e8 33 f0 c8 5e 5e 09 03 e8 2b f0 c8 5e 5e 0a 02 e8 23 f0 c8 5e 5e 0b 01 e8 1b f0 c8 5e 5e 0c 00 78 ec 93 c8 f7 7f 00 00 e8 0b f0 c8 5e 5e 00 00 00 ee 93 c8 f7 7f 00 00 e8 fb ef c8 5e 5e 00 00 b0 ee 93 c8 f7 7f 00 00 e8 eb ef c8 5e 5e 00 00 10 ef 93 c8 f7 7f 00 00 e8 db ef c8 5e 5e 00 00 70 ef 93 c8 f7 7f 00 00 e8 cb ef c8 5e 5e 00 00 d0 ef 93 c8 f7 7f 00 00 e8 bb ef c8 5e 5e 00 00 30 f0 93 c8 f7 7f 00 00 e8 ab ef c8 5e 5e 00 00 90 f0 93 c8 f7 7f 00 00 e8 9b ef c8 5e 5e 00 0c e8 93 ef c8 5e 5e 01 0b e8 8b ef c8 5e 5e 02 0a e8 83 ef c8 5e 5e 03 09 e8 7b ef c8 5e 5e 04 08 e8 73 ef c8 5e 5e 05 07 e8 6b ef c8 5e 5e 06 06 e8 63 ef c8 5e 5e 07 05 e8 5b ef c8 5e 5e 08 04 e8 53 ef c8 5e 5e 09 03 e8 4b ef c8 5e 5e 0a 02 e8 43 ef c8 5e 5e 0b 01 e8 3b ef c8 5e 5e 0c 00 00 f1 93 c8 f7 7f 00 00 e8 2b ef c8 5e 5e 00 00 88 f2 93 c8 f7 7f 00 00 e8 1b ef c8 5e 5e 00 00 38 f3 93 c8 f7 7f 00 00 e8 0b ef c8 5e 5e 00 00 98 f3 93 c8 f7 7f 00 00 e8 fb ee c8 5e 5e 00 00 f8 f3 93 c8 f7 7f 00 00 e8 eb ee c8 5e 5e 00 00 58 f4 93 c8 f7 7f 00 00 e8 db ee c8 5e 5e 00 00 b8 f4 93 c8 f7 7f 00 00 e8 cb ee c8 5e 5e 00 00 18 f5 93 c8 f7 7f 00 00 e8 bb ee c8 5e 5e 00 0c e8 b3 ee c8 5e 5e 01 0b e8 ab ee c8 5e 5e 02 0a e8 a3 ee c8 5e 5e 03 09 e8 9b ee c8 5e 5e 04 08 e8 93 ee c8 5e 5e 05 07 e8 8b ee c8 5e 5e 06 06 e8 83 ee c8 5e 5e 07 05 e8 7b ee c8 5e 5e 08 04 e8 73 ee c8 5e 5e 09 03 e8 6b ee c8 5e 5e 0a 02 e8 63 ee c8 5e 5e 0b 01 e8 5b ee c8 5e 5e 0c 00 88 f5 93 c8 f7 7f 00 00 e8 4b ee c8 5e 5e 00 00 10 f7 93 c8 f7 7f 00 00 00 00 00 00 00 00 00 00
5         | 7ff7c85d6250h   | 1464    | hex://intrinsics/ginxsfp?add#add_g[64f](v128x64f,v128x64f)                                | c5 f8 77 66 90 c5 f9 10 02 c4 c1 79 10 08 c5 fb 58 c1 c5 f9 11 01 48 8b c1 c3 cc cc cc 00 00 00 19 00 00 00 40 00 00 00 f8 20 94 c8 f7 7f 00 00 c5 f8 77 66 90 c5 f9 10 02 c4 c1 79 10 08 c5 fa 5c c1 c5 f9 11 01 48 8b c1 c3 cc cc cc 00 00 00 19 00 00 00 40 00 00 00 98 21 94 c8 f7 7f 00 00 c5 f8 77 66 90 c5 f9 10 02 c4 c1 79 10 08 c5 fb 5c c1 c5 f9 11 01 48 8b c1 c3 cc cc cc 00 00 00 19 00 00 00 40 00 00 00 68 23 94 c8 f7 7f 00 00 c5 f8 77 66 90 c5 f9 10 02 c4 c1 79 10 08 c5 fa 59 c1 c5 f9 11 01 48 8b c1 c3 cc cc cc 00 00 00 19 00 00 00 40 00 00 00 08 24 94 c8 f7 7f 00 00 c5 f8 77 66 90 c5 f9 10 02 c4 c1 79 10 08 c5 fb 59 c1 c5 f9 11 01 48 8b c1 c3 cc cc cc 00 00 00 19 00 00 00 40 00 00 00 d8 25 94 c8 f7 7f 00 00 c5 f8 77 66 90 c5 f9 10 02 c4 c1 79 10 08 c5 fa 5e c1 c5 f9 11 01 48 8b c1 c3 cc cc cc 00 00 00 19 00 00 00 40 00 00 00 78 26 94 c8 f7 7f 00 00 c5 f8 77 66 90 c5 f9 10 02 c4 c1 79 10 08 c5 fb 5e c1 c5 f9 11 01 48 8b c1 c3 cc cc cc 00 00 00 19 00 00 00 40 00 00 00 48 28 94 c8 f7 7f 00 00 c5 f8 77 66 90 c5 f9 10 02 c4 c1 79 10 08 c5 fa 5d c1 c5 f9 11 01 48 8b c1 c3 cc cc cc 00 00 00 19 00 00 00 40 00 00 00 e8 28 94 c8 f7 7f 00 00 c5 f8 77 66 90 c5 f9 10 02 c4 c1 79 10 08 c5 fb 5d c1 c5 f9 11 01 48 8b c1 c3 cc cc cc 00 00 00 19 00 00 00 40 00 00 00 02 00 00 00 00 00 00 00 e8 3b f2 c8 5e 5e 00 0c e8 33 f2 c8 5e 5e 01 0b e8 2b f2 c8 5e 5e 02 0a e8 23 f2 c8 5e 5e 03 09 e8 1b f2 c8 5e 5e 04 08 e8 13 f2 c8 5e 5e 05 07 e8 0b f2 c8 5e 5e 06 06 e8 03 f2 c8 5e 5e 07 05 e8 fb f1 c8 5e 5e 08 04 e8 f3 f1 c8 5e 5e 09 03 e8 eb f1 c8 5e 5e 0a 02 e8 e3 f1 c8 5e 5e 0b 01 e8 db f1 c8 5e 5e 0c 00 68 e3 93 c8 f7 7f 00 00 e8 cb f1 c8 5e 5e 00 00 f0 e4 93 c8 f7 7f 00 00 e8 bb f1 c8 5e 5e 00 00 a0 e5 93 c8 f7 7f 00 00 e8 ab f1 c8 5e 5e 00 00 00 e6 93 c8 f7 7f 00 00 e8 9b f1 c8 5e 5e 00 00 60 e6 93 c8 f7 7f 00 00 e8 8b f1 c8 5e 5e 00 00 c0 e6 93 c8 f7 7f 00 00 e8 7b f1 c8 5e 5e 00 00 20 e7 93 c8 f7 7f 00 00 e8 6b f1 c8 5e 5e 00 00 80 e7 93 c8 f7 7f 00 00 e8 5b f1 c8 5e 5e 00 0c e8 53 f1 c8 5e 5e 01 0b e8 4b f1 c8 5e 5e 02 0a e8 43 f1 c8 5e 5e 03 09 e8 3b f1 c8 5e 5e 04 08 e8 33 f1 c8 5e 5e 05 07 e8 2b f1 c8 5e 5e 06 06 e8 23 f1 c8 5e 5e 07 05 e8 1b f1 c8 5e 5e 08 04 e8 13 f1 c8 5e 5e 09 03 e8 0b f1 c8 5e 5e 0a 02 e8 03 f1 c8 5e 5e 0b 01 e8 fb f0 c8 5e 5e 0c 00 f0 e7 93 c8 f7 7f 00 00 e8 eb f0 c8 5e 5e 00 00 78 e9 93 c8 f7 7f 00 00 e8 db f0 c8 5e 5e 00 00 28 ea 93 c8 f7 7f 00 00 e8 cb f0 c8 5e 5e 00 00 88 ea 93 c8 f7 7f 00 00 e8 bb f0 c8 5e 5e 00 00 e8 ea 93 c8 f7 7f 00 00 e8 ab f0 c8 5e 5e 00 00 48 eb 93 c8 f7 7f 00 00 e8 9b f0 c8 5e 5e 00 00 a8 eb 93 c8 f7 7f 00 00 e8 8b f0 c8 5e 5e 00 00 08 ec 93 c8 f7 7f 00 00 e8 7b f0 c8 5e 5e 00 0c e8 73 f0 c8 5e 5e 01 0b e8 6b f0 c8 5e 5e 02 0a e8 63 f0 c8 5e 5e 03 09 e8 5b f0 c8 5e 5e 04 08 e8 53 f0 c8 5e 5e 05 07 e8 4b f0 c8 5e 5e 06 06 e8 43 f0 c8 5e 5e 07 05 e8 3b f0 c8 5e 5e 08 04 e8 33 f0 c8 5e 5e 09 03 e8 2b f0 c8 5e 5e 0a 02 e8 23 f0 c8 5e 5e 0b 01 e8 1b f0 c8 5e 5e 0c 00 78 ec 93 c8 f7 7f 00 00 e8 0b f0 c8 5e 5e 00 00 00 ee 93 c8 f7 7f 00 00 e8 fb ef c8 5e 5e 00 00 b0 ee 93 c8 f7 7f 00 00 e8 eb ef c8 5e 5e 00 00 10 ef 93 c8 f7 7f 00 00 e8 db ef c8 5e 5e 00 00 70 ef 93 c8 f7 7f 00 00 e8 cb ef c8 5e 5e 00 00 d0 ef 93 c8 f7 7f 00 00 e8 bb ef c8 5e 5e 00 00 30 f0 93 c8 f7 7f 00 00 e8 ab ef c8 5e 5e 00 00 90 f0 93 c8 f7 7f 00 00 e8 9b ef c8 5e 5e 00 0c e8 93 ef c8 5e 5e 01 0b e8 8b ef c8 5e 5e 02 0a e8 83 ef c8 5e 5e 03 09 e8 7b ef c8 5e 5e 04 08 e8 73 ef c8 5e 5e 05 07 e8 6b ef c8 5e 5e 06 06 e8 63 ef c8 5e 5e 07 05 e8 5b ef c8 5e 5e 08 04 e8 53 ef c8 5e 5e 09 03 e8 4b ef c8 5e 5e 0a 02 e8 43 ef c8 5e 5e 0b 01 e8 3b ef c8 5e 5e 0c 00 00 f1 93 c8 f7 7f 00 00 e8 2b ef c8 5e 5e 00 00 88 f2 93 c8 f7 7f 00 00 e8 1b ef c8 5e 5e 00 00 38 f3 93 c8 f7 7f 00 00 e8 0b ef c8 5e 5e 00 00 98 f3 93 c8 f7 7f 00 00 e8 fb ee c8 5e 5e 00 00 f8 f3 93 c8 f7 7f 00 00 e8 eb ee c8 5e 5e 00 00 58 f4 93 c8 f7 7f 00 00 e8 db ee c8 5e 5e 00 00 b8 f4 93 c8 f7 7f 00 00 e8 cb ee c8 5e 5e 00 00 18 f5 93 c8 f7 7f 00 00 e8 bb ee c8 5e 5e 00 0c e8 b3 ee c8 5e 5e 01 0b e8 ab ee c8 5e 5e 02 0a e8 a3 ee c8 5e 5e 03 09 e8 9b ee c8 5e 5e 04 08 e8 93 ee c8 5e 5e 05 07 e8 8b ee c8 5e 5e 06 06 e8 83 ee c8 5e 5e 07 05 e8 7b ee c8 5e 5e 08 04 e8 73 ee c8 5e 5e 09 03 e8 6b ee c8 5e 5e 0a 02 e8 63 ee c8 5e 5e 0b 01 e8 5b ee c8 5e 5e 0c 00 88 f5 93 c8 f7 7f 00 00 e8 4b ee c8 5e 5e 00 00 10 f7 93 c8 f7 7f 00 00 00 00 00 00 00 00 00 00
6         | 7ff7c85d6280h   | 1416    | hex://intrinsics/ginxsfp?sub#sub_g[32f](v128x32f,v128x32f)                                | c5 f8 77 66 90 c5 f9 10 02 c4 c1 79 10 08 c5 fa 5c c1 c5 f9 11 01 48 8b c1 c3 cc cc cc 00 00 00 19 00 00 00 40 00 00 00 98 21 94 c8 f7 7f 00 00 c5 f8 77 66 90 c5 f9 10 02 c4 c1 79 10 08 c5 fb 5c c1 c5 f9 11 01 48 8b c1 c3 cc cc cc 00 00 00 19 00 00 00 40 00 00 00 68 23 94 c8 f7 7f 00 00 c5 f8 77 66 90 c5 f9 10 02 c4 c1 79 10 08 c5 fa 59 c1 c5 f9 11 01 48 8b c1 c3 cc cc cc 00 00 00 19 00 00 00 40 00 00 00 08 24 94 c8 f7 7f 00 00 c5 f8 77 66 90 c5 f9 10 02 c4 c1 79 10 08 c5 fb 59 c1 c5 f9 11 01 48 8b c1 c3 cc cc cc 00 00 00 19 00 00 00 40 00 00 00 d8 25 94 c8 f7 7f 00 00 c5 f8 77 66 90 c5 f9 10 02 c4 c1 79 10 08 c5 fa 5e c1 c5 f9 11 01 48 8b c1 c3 cc cc cc 00 00 00 19 00 00 00 40 00 00 00 78 26 94 c8 f7 7f 00 00 c5 f8 77 66 90 c5 f9 10 02 c4 c1 79 10 08 c5 fb 5e c1 c5 f9 11 01 48 8b c1 c3 cc cc cc 00 00 00 19 00 00 00 40 00 00 00 48 28 94 c8 f7 7f 00 00 c5 f8 77 66 90 c5 f9 10 02 c4 c1 79 10 08 c5 fa 5d c1 c5 f9 11 01 48 8b c1 c3 cc cc cc 00 00 00 19 00 00 00 40 00 00 00 e8 28 94 c8 f7 7f 00 00 c5 f8 77 66 90 c5 f9 10 02 c4 c1 79 10 08 c5 fb 5d c1 c5 f9 11 01 48 8b c1 c3 cc cc cc 00 00 00 19 00 00 00 40 00 00 00 02 00 00 00 00 00 00 00 e8 3b f2 c8 5e 5e 00 0c e8 33 f2 c8 5e 5e 01 0b e8 2b f2 c8 5e 5e 02 0a e8 23 f2 c8 5e 5e 03 09 e8 1b f2 c8 5e 5e 04 08 e8 13 f2 c8 5e 5e 05 07 e8 0b f2 c8 5e 5e 06 06 e8 03 f2 c8 5e 5e 07 05 e8 fb f1 c8 5e 5e 08 04 e8 f3 f1 c8 5e 5e 09 03 e8 eb f1 c8 5e 5e 0a 02 e8 e3 f1 c8 5e 5e 0b 01 e8 db f1 c8 5e 5e 0c 00 68 e3 93 c8 f7 7f 00 00 e8 cb f1 c8 5e 5e 00 00 f0 e4 93 c8 f7 7f 00 00 e8 bb f1 c8 5e 5e 00 00 a0 e5 93 c8 f7 7f 00 00 e8 ab f1 c8 5e 5e 00 00 00 e6 93 c8 f7 7f 00 00 e8 9b f1 c8 5e 5e 00 00 60 e6 93 c8 f7 7f 00 00 e8 8b f1 c8 5e 5e 00 00 c0 e6 93 c8 f7 7f 00 00 e8 7b f1 c8 5e 5e 00 00 20 e7 93 c8 f7 7f 00 00 e8 6b f1 c8 5e 5e 00 00 80 e7 93 c8 f7 7f 00 00 e8 5b f1 c8 5e 5e 00 0c e8 53 f1 c8 5e 5e 01 0b e8 4b f1 c8 5e 5e 02 0a e8 43 f1 c8 5e 5e 03 09 e8 3b f1 c8 5e 5e 04 08 e8 33 f1 c8 5e 5e 05 07 e8 2b f1 c8 5e 5e 06 06 e8 23 f1 c8 5e 5e 07 05 e8 1b f1 c8 5e 5e 08 04 e8 13 f1 c8 5e 5e 09 03 e8 0b f1 c8 5e 5e 0a 02 e8 03 f1 c8 5e 5e 0b 01 e8 fb f0 c8 5e 5e 0c 00 f0 e7 93 c8 f7 7f 00 00 e8 eb f0 c8 5e 5e 00 00 78 e9 93 c8 f7 7f 00 00 e8 db f0 c8 5e 5e 00 00 28 ea 93 c8 f7 7f 00 00 e8 cb f0 c8 5e 5e 00 00 88 ea 93 c8 f7 7f 00 00 e8 bb f0 c8 5e 5e 00 00 e8 ea 93 c8 f7 7f 00 00 e8 ab f0 c8 5e 5e 00 00 48 eb 93 c8 f7 7f 00 00 e8 9b f0 c8 5e 5e 00 00 a8 eb 93 c8 f7 7f 00 00 e8 8b f0 c8 5e 5e 00 00 08 ec 93 c8 f7 7f 00 00 e8 7b f0 c8 5e 5e 00 0c e8 73 f0 c8 5e 5e 01 0b e8 6b f0 c8 5e 5e 02 0a e8 63 f0 c8 5e 5e 03 09 e8 5b f0 c8 5e 5e 04 08 e8 53 f0 c8 5e 5e 05 07 e8 4b f0 c8 5e 5e 06 06 e8 43 f0 c8 5e 5e 07 05 e8 3b f0 c8 5e 5e 08 04 e8 33 f0 c8 5e 5e 09 03 e8 2b f0 c8 5e 5e 0a 02 e8 23 f0 c8 5e 5e 0b 01 e8 1b f0 c8 5e 5e 0c 00 78 ec 93 c8 f7 7f 00 00 e8 0b f0 c8 5e 5e 00 00 00 ee 93 c8 f7 7f 00 00 e8 fb ef c8 5e 5e 00 00 b0 ee 93 c8 f7 7f 00 00 e8 eb ef c8 5e 5e 00 00 10 ef 93 c8 f7 7f 00 00 e8 db ef c8 5e 5e 00 00 70 ef 93 c8 f7 7f 00 00 e8 cb ef c8 5e 5e 00 00 d0 ef 93 c8 f7 7f 00 00 e8 bb ef c8 5e 5e 00 00 30 f0 93 c8 f7 7f 00 00 e8 ab ef c8 5e 5e 00 00 90 f0 93 c8 f7 7f 00 00 e8 9b ef c8 5e 5e 00 0c e8 93 ef c8 5e 5e 01 0b e8 8b ef c8 5e 5e 02 0a e8 83 ef c8 5e 5e 03 09 e8 7b ef c8 5e 5e 04 08 e8 73 ef c8 5e 5e 05 07 e8 6b ef c8 5e 5e 06 06 e8 63 ef c8 5e 5e 07 05 e8 5b ef c8 5e 5e 08 04 e8 53 ef c8 5e 5e 09 03 e8 4b ef c8 5e 5e 0a 02 e8 43 ef c8 5e 5e 0b 01 e8 3b ef c8 5e 5e 0c 00 00 f1 93 c8 f7 7f 00 00 e8 2b ef c8 5e 5e 00 00 88 f2 93 c8 f7 7f 00 00 e8 1b ef c8 5e 5e 00 00 38 f3 93 c8 f7 7f 00 00 e8 0b ef c8 5e 5e 00 00 98 f3 93 c8 f7 7f 00 00 e8 fb ee c8 5e 5e 00 00 f8 f3 93 c8 f7 7f 00 00 e8 eb ee c8 5e 5e 00 00 58 f4 93 c8 f7 7f 00 00 e8 db ee c8 5e 5e 00 00 b8 f4 93 c8 f7 7f 00 00 e8 cb ee c8 5e 5e 00 00 18 f5 93 c8 f7 7f 00 00 e8 bb ee c8 5e 5e 00 0c e8 b3 ee c8 5e 5e 01 0b e8 ab ee c8 5e 5e 02 0a e8 a3 ee c8 5e 5e 03 09 e8 9b ee c8 5e 5e 04 08 e8 93 ee c8 5e 5e 05 07 e8 8b ee c8 5e 5e 06 06 e8 83 ee c8 5e 5e 07 05 e8 7b ee c8 5e 5e 08 04 e8 73 ee c8 5e 5e 09 03 e8 6b ee c8 5e 5e 0a 02 e8 63 ee c8 5e 5e 0b 01 e8 5b ee c8 5e 5e 0c 00 88 f5 93 c8 f7 7f 00 00 e8 4b ee c8 5e 5e 00 00 10 f7 93 c8 f7 7f 00 00 00 00 00 00 00 00 00 00
7         | 7ff7c85d62b0h   | 1368    | hex://intrinsics/ginxsfp?sub#sub_g[64f](v128x64f,v128x64f)                                | c5 f8 77 66 90 c5 f9 10 02 c4 c1 79 10 08 c5 fb 5c c1 c5 f9 11 01 48 8b c1 c3 cc cc cc 00 00 00 19 00 00 00 40 00 00 00 68 23 94 c8 f7 7f 00 00 c5 f8 77 66 90 c5 f9 10 02 c4 c1 79 10 08 c5 fa 59 c1 c5 f9 11 01 48 8b c1 c3 cc cc cc 00 00 00 19 00 00 00 40 00 00 00 08 24 94 c8 f7 7f 00 00 c5 f8 77 66 90 c5 f9 10 02 c4 c1 79 10 08 c5 fb 59 c1 c5 f9 11 01 48 8b c1 c3 cc cc cc 00 00 00 19 00 00 00 40 00 00 00 d8 25 94 c8 f7 7f 00 00 c5 f8 77 66 90 c5 f9 10 02 c4 c1 79 10 08 c5 fa 5e c1 c5 f9 11 01 48 8b c1 c3 cc cc cc 00 00 00 19 00 00 00 40 00 00 00 78 26 94 c8 f7 7f 00 00 c5 f8 77 66 90 c5 f9 10 02 c4 c1 79 10 08 c5 fb 5e c1 c5 f9 11 01 48 8b c1 c3 cc cc cc 00 00 00 19 00 00 00 40 00 00 00 48 28 94 c8 f7 7f 00 00 c5 f8 77 66 90 c5 f9 10 02 c4 c1 79 10 08 c5 fa 5d c1 c5 f9 11 01 48 8b c1 c3 cc cc cc 00 00 00 19 00 00 00 40 00 00 00 e8 28 94 c8 f7 7f 00 00 c5 f8 77 66 90 c5 f9 10 02 c4 c1 79 10 08 c5 fb 5d c1 c5 f9 11 01 48 8b c1 c3 cc cc cc 00 00 00 19 00 00 00 40 00 00 00 02 00 00 00 00 00 00 00 e8 3b f2 c8 5e 5e 00 0c e8 33 f2 c8 5e 5e 01 0b e8 2b f2 c8 5e 5e 02 0a e8 23 f2 c8 5e 5e 03 09 e8 1b f2 c8 5e 5e 04 08 e8 13 f2 c8 5e 5e 05 07 e8 0b f2 c8 5e 5e 06 06 e8 03 f2 c8 5e 5e 07 05 e8 fb f1 c8 5e 5e 08 04 e8 f3 f1 c8 5e 5e 09 03 e8 eb f1 c8 5e 5e 0a 02 e8 e3 f1 c8 5e 5e 0b 01 e8 db f1 c8 5e 5e 0c 00 68 e3 93 c8 f7 7f 00 00 e8 cb f1 c8 5e 5e 00 00 f0 e4 93 c8 f7 7f 00 00 e8 bb f1 c8 5e 5e 00 00 a0 e5 93 c8 f7 7f 00 00 e8 ab f1 c8 5e 5e 00 00 00 e6 93 c8 f7 7f 00 00 e8 9b f1 c8 5e 5e 00 00 60 e6 93 c8 f7 7f 00 00 e8 8b f1 c8 5e 5e 00 00 c0 e6 93 c8 f7 7f 00 00 e8 7b f1 c8 5e 5e 00 00 20 e7 93 c8 f7 7f 00 00 e8 6b f1 c8 5e 5e 00 00 80 e7 93 c8 f7 7f 00 00 e8 5b f1 c8 5e 5e 00 0c e8 53 f1 c8 5e 5e 01 0b e8 4b f1 c8 5e 5e 02 0a e8 43 f1 c8 5e 5e 03 09 e8 3b f1 c8 5e 5e 04 08 e8 33 f1 c8 5e 5e 05 07 e8 2b f1 c8 5e 5e 06 06 e8 23 f1 c8 5e 5e 07 05 e8 1b f1 c8 5e 5e 08 04 e8 13 f1 c8 5e 5e 09 03 e8 0b f1 c8 5e 5e 0a 02 e8 03 f1 c8 5e 5e 0b 01 e8 fb f0 c8 5e 5e 0c 00 f0 e7 93 c8 f7 7f 00 00 e8 eb f0 c8 5e 5e 00 00 78 e9 93 c8 f7 7f 00 00 e8 db f0 c8 5e 5e 00 00 28 ea 93 c8 f7 7f 00 00 e8 cb f0 c8 5e 5e 00 00 88 ea 93 c8 f7 7f 00 00 e8 bb f0 c8 5e 5e 00 00 e8 ea 93 c8 f7 7f 00 00 e8 ab f0 c8 5e 5e 00 00 48 eb 93 c8 f7 7f 00 00 e8 9b f0 c8 5e 5e 00 00 a8 eb 93 c8 f7 7f 00 00 e8 8b f0 c8 5e 5e 00 00 08 ec 93 c8 f7 7f 00 00 e8 7b f0 c8 5e 5e 00 0c e8 73 f0 c8 5e 5e 01 0b e8 6b f0 c8 5e 5e 02 0a e8 63 f0 c8 5e 5e 03 09 e8 5b f0 c8 5e 5e 04 08 e8 53 f0 c8 5e 5e 05 07 e8 4b f0 c8 5e 5e 06 06 e8 43 f0 c8 5e 5e 07 05 e8 3b f0 c8 5e 5e 08 04 e8 33 f0 c8 5e 5e 09 03 e8 2b f0 c8 5e 5e 0a 02 e8 23 f0 c8 5e 5e 0b 01 e8 1b f0 c8 5e 5e 0c 00 78 ec 93 c8 f7 7f 00 00 e8 0b f0 c8 5e 5e 00 00 00 ee 93 c8 f7 7f 00 00 e8 fb ef c8 5e 5e 00 00 b0 ee 93 c8 f7 7f 00 00 e8 eb ef c8 5e 5e 00 00 10 ef 93 c8 f7 7f 00 00 e8 db ef c8 5e 5e 00 00 70 ef 93 c8 f7 7f 00 00 e8 cb ef c8 5e 5e 00 00 d0 ef 93 c8 f7 7f 00 00 e8 bb ef c8 5e 5e 00 00 30 f0 93 c8 f7 7f 00 00 e8 ab ef c8 5e 5e 00 00 90 f0 93 c8 f7 7f 00 00 e8 9b ef c8 5e 5e 00 0c e8 93 ef c8 5e 5e 01 0b e8 8b ef c8 5e 5e 02 0a e8 83 ef c8 5e 5e 03 09 e8 7b ef c8 5e 5e 04 08 e8 73 ef c8 5e 5e 05 07 e8 6b ef c8 5e 5e 06 06 e8 63 ef c8 5e 5e 07 05 e8 5b ef c8 5e 5e 08 04 e8 53 ef c8 5e 5e 09 03 e8 4b ef c8 5e 5e 0a 02 e8 43 ef c8 5e 5e 0b 01 e8 3b ef c8 5e 5e 0c 00 00 f1 93 c8 f7 7f 00 00 e8 2b ef c8 5e 5e 00 00 88 f2 93 c8 f7 7f 00 00 e8 1b ef c8 5e 5e 00 00 38 f3 93 c8 f7 7f 00 00 e8 0b ef c8 5e 5e 00 00 98 f3 93 c8 f7 7f 00 00 e8 fb ee c8 5e 5e 00 00 f8 f3 93 c8 f7 7f 00 00 e8 eb ee c8 5e 5e 00 00 58 f4 93 c8 f7 7f 00 00 e8 db ee c8 5e 5e 00 00 b8 f4 93 c8 f7 7f 00 00 e8 cb ee c8 5e 5e 00 00 18 f5 93 c8 f7 7f 00 00 e8 bb ee c8 5e 5e 00 0c e8 b3 ee c8 5e 5e 01 0b e8 ab ee c8 5e 5e 02 0a e8 a3 ee c8 5e 5e 03 09 e8 9b ee c8 5e 5e 04 08 e8 93 ee c8 5e 5e 05 07 e8 8b ee c8 5e 5e 06 06 e8 83 ee c8 5e 5e 07 05 e8 7b ee c8 5e 5e 08 04 e8 73 ee c8 5e 5e 09 03 e8 6b ee c8 5e 5e 0a 02 e8 63 ee c8 5e 5e 0b 01 e8 5b ee c8 5e 5e 0c 00 88 f5 93 c8 f7 7f 00 00 e8 4b ee c8 5e 5e 00 00 10 f7 93 c8 f7 7f 00 00 00 00 00 00 00 00 00 00
8         | 7ff7c85d62e0h   | 1320    | hex://intrinsics/ginxsfp?mul#mul_g[32f](v128x32f,v128x32f)                                | c5 f8 77 66 90 c5 f9 10 02 c4 c1 79 10 08 c5 fa 59 c1 c5 f9 11 01 48 8b c1 c3 cc cc cc 00 00 00 19 00 00 00 40 00 00 00 08 24 94 c8 f7 7f 00 00 c5 f8 77 66 90 c5 f9 10 02 c4 c1 79 10 08 c5 fb 59 c1 c5 f9 11 01 48 8b c1 c3 cc cc cc 00 00 00 19 00 00 00 40 00 00 00 d8 25 94 c8 f7 7f 00 00 c5 f8 77 66 90 c5 f9 10 02 c4 c1 79 10 08 c5 fa 5e c1 c5 f9 11 01 48 8b c1 c3 cc cc cc 00 00 00 19 00 00 00 40 00 00 00 78 26 94 c8 f7 7f 00 00 c5 f8 77 66 90 c5 f9 10 02 c4 c1 79 10 08 c5 fb 5e c1 c5 f9 11 01 48 8b c1 c3 cc cc cc 00 00 00 19 00 00 00 40 00 00 00 48 28 94 c8 f7 7f 00 00 c5 f8 77 66 90 c5 f9 10 02 c4 c1 79 10 08 c5 fa 5d c1 c5 f9 11 01 48 8b c1 c3 cc cc cc 00 00 00 19 00 00 00 40 00 00 00 e8 28 94 c8 f7 7f 00 00 c5 f8 77 66 90 c5 f9 10 02 c4 c1 79 10 08 c5 fb 5d c1 c5 f9 11 01 48 8b c1 c3 cc cc cc 00 00 00 19 00 00 00 40 00 00 00 02 00 00 00 00 00 00 00 e8 3b f2 c8 5e 5e 00 0c e8 33 f2 c8 5e 5e 01 0b e8 2b f2 c8 5e 5e 02 0a e8 23 f2 c8 5e 5e 03 09 e8 1b f2 c8 5e 5e 04 08 e8 13 f2 c8 5e 5e 05 07 e8 0b f2 c8 5e 5e 06 06 e8 03 f2 c8 5e 5e 07 05 e8 fb f1 c8 5e 5e 08 04 e8 f3 f1 c8 5e 5e 09 03 e8 eb f1 c8 5e 5e 0a 02 e8 e3 f1 c8 5e 5e 0b 01 e8 db f1 c8 5e 5e 0c 00 68 e3 93 c8 f7 7f 00 00 e8 cb f1 c8 5e 5e 00 00 f0 e4 93 c8 f7 7f 00 00 e8 bb f1 c8 5e 5e 00 00 a0 e5 93 c8 f7 7f 00 00 e8 ab f1 c8 5e 5e 00 00 00 e6 93 c8 f7 7f 00 00 e8 9b f1 c8 5e 5e 00 00 60 e6 93 c8 f7 7f 00 00 e8 8b f1 c8 5e 5e 00 00 c0 e6 93 c8 f7 7f 00 00 e8 7b f1 c8 5e 5e 00 00 20 e7 93 c8 f7 7f 00 00 e8 6b f1 c8 5e 5e 00 00 80 e7 93 c8 f7 7f 00 00 e8 5b f1 c8 5e 5e 00 0c e8 53 f1 c8 5e 5e 01 0b e8 4b f1 c8 5e 5e 02 0a e8 43 f1 c8 5e 5e 03 09 e8 3b f1 c8 5e 5e 04 08 e8 33 f1 c8 5e 5e 05 07 e8 2b f1 c8 5e 5e 06 06 e8 23 f1 c8 5e 5e 07 05 e8 1b f1 c8 5e 5e 08 04 e8 13 f1 c8 5e 5e 09 03 e8 0b f1 c8 5e 5e 0a 02 e8 03 f1 c8 5e 5e 0b 01 e8 fb f0 c8 5e 5e 0c 00 f0 e7 93 c8 f7 7f 00 00 e8 eb f0 c8 5e 5e 00 00 78 e9 93 c8 f7 7f 00 00 e8 db f0 c8 5e 5e 00 00 28 ea 93 c8 f7 7f 00 00 e8 cb f0 c8 5e 5e 00 00 88 ea 93 c8 f7 7f 00 00 e8 bb f0 c8 5e 5e 00 00 e8 ea 93 c8 f7 7f 00 00 e8 ab f0 c8 5e 5e 00 00 48 eb 93 c8 f7 7f 00 00 e8 9b f0 c8 5e 5e 00 00 a8 eb 93 c8 f7 7f 00 00 e8 8b f0 c8 5e 5e 00 00 08 ec 93 c8 f7 7f 00 00 e8 7b f0 c8 5e 5e 00 0c e8 73 f0 c8 5e 5e 01 0b e8 6b f0 c8 5e 5e 02 0a e8 63 f0 c8 5e 5e 03 09 e8 5b f0 c8 5e 5e 04 08 e8 53 f0 c8 5e 5e 05 07 e8 4b f0 c8 5e 5e 06 06 e8 43 f0 c8 5e 5e 07 05 e8 3b f0 c8 5e 5e 08 04 e8 33 f0 c8 5e 5e 09 03 e8 2b f0 c8 5e 5e 0a 02 e8 23 f0 c8 5e 5e 0b 01 e8 1b f0 c8 5e 5e 0c 00 78 ec 93 c8 f7 7f 00 00 e8 0b f0 c8 5e 5e 00 00 00 ee 93 c8 f7 7f 00 00 e8 fb ef c8 5e 5e 00 00 b0 ee 93 c8 f7 7f 00 00 e8 eb ef c8 5e 5e 00 00 10 ef 93 c8 f7 7f 00 00 e8 db ef c8 5e 5e 00 00 70 ef 93 c8 f7 7f 00 00 e8 cb ef c8 5e 5e 00 00 d0 ef 93 c8 f7 7f 00 00 e8 bb ef c8 5e 5e 00 00 30 f0 93 c8 f7 7f 00 00 e8 ab ef c8 5e 5e 00 00 90 f0 93 c8 f7 7f 00 00 e8 9b ef c8 5e 5e 00 0c e8 93 ef c8 5e 5e 01 0b e8 8b ef c8 5e 5e 02 0a e8 83 ef c8 5e 5e 03 09 e8 7b ef c8 5e 5e 04 08 e8 73 ef c8 5e 5e 05 07 e8 6b ef c8 5e 5e 06 06 e8 63 ef c8 5e 5e 07 05 e8 5b ef c8 5e 5e 08 04 e8 53 ef c8 5e 5e 09 03 e8 4b ef c8 5e 5e 0a 02 e8 43 ef c8 5e 5e 0b 01 e8 3b ef c8 5e 5e 0c 00 00 f1 93 c8 f7 7f 00 00 e8 2b ef c8 5e 5e 00 00 88 f2 93 c8 f7 7f 00 00 e8 1b ef c8 5e 5e 00 00 38 f3 93 c8 f7 7f 00 00 e8 0b ef c8 5e 5e 00 00 98 f3 93 c8 f7 7f 00 00 e8 fb ee c8 5e 5e 00 00 f8 f3 93 c8 f7 7f 00 00 e8 eb ee c8 5e 5e 00 00 58 f4 93 c8 f7 7f 00 00 e8 db ee c8 5e 5e 00 00 b8 f4 93 c8 f7 7f 00 00 e8 cb ee c8 5e 5e 00 00 18 f5 93 c8 f7 7f 00 00 e8 bb ee c8 5e 5e 00 0c e8 b3 ee c8 5e 5e 01 0b e8 ab ee c8 5e 5e 02 0a e8 a3 ee c8 5e 5e 03 09 e8 9b ee c8 5e 5e 04 08 e8 93 ee c8 5e 5e 05 07 e8 8b ee c8 5e 5e 06 06 e8 83 ee c8 5e 5e 07 05 e8 7b ee c8 5e 5e 08 04 e8 73 ee c8 5e 5e 09 03 e8 6b ee c8 5e 5e 0a 02 e8 63 ee c8 5e 5e 0b 01 e8 5b ee c8 5e 5e 0c 00 88 f5 93 c8 f7 7f 00 00 e8 4b ee c8 5e 5e 00 00 10 f7 93 c8 f7 7f 00 00 00 00 00 00 00 00 00 00
9         | 7ff7c85d6310h   | 1272    | hex://intrinsics/ginxsfp?mul#mul_g[64f](v128x64f,v128x64f)                                | c5 f8 77 66 90 c5 f9 10 02 c4 c1 79 10 08 c5 fb 59 c1 c5 f9 11 01 48 8b c1 c3 cc cc cc 00 00 00 19 00 00 00 40 00 00 00 d8 25 94 c8 f7 7f 00 00 c5 f8 77 66 90 c5 f9 10 02 c4 c1 79 10 08 c5 fa 5e c1 c5 f9 11 01 48 8b c1 c3 cc cc cc 00 00 00 19 00 00 00 40 00 00 00 78 26 94 c8 f7 7f 00 00 c5 f8 77 66 90 c5 f9 10 02 c4 c1 79 10 08 c5 fb 5e c1 c5 f9 11 01 48 8b c1 c3 cc cc cc 00 00 00 19 00 00 00 40 00 00 00 48 28 94 c8 f7 7f 00 00 c5 f8 77 66 90 c5 f9 10 02 c4 c1 79 10 08 c5 fa 5d c1 c5 f9 11 01 48 8b c1 c3 cc cc cc 00 00 00 19 00 00 00 40 00 00 00 e8 28 94 c8 f7 7f 00 00 c5 f8 77 66 90 c5 f9 10 02 c4 c1 79 10 08 c5 fb 5d c1 c5 f9 11 01 48 8b c1 c3 cc cc cc 00 00 00 19 00 00 00 40 00 00 00 02 00 00 00 00 00 00 00 e8 3b f2 c8 5e 5e 00 0c e8 33 f2 c8 5e 5e 01 0b e8 2b f2 c8 5e 5e 02 0a e8 23 f2 c8 5e 5e 03 09 e8 1b f2 c8 5e 5e 04 08 e8 13 f2 c8 5e 5e 05 07 e8 0b f2 c8 5e 5e 06 06 e8 03 f2 c8 5e 5e 07 05 e8 fb f1 c8 5e 5e 08 04 e8 f3 f1 c8 5e 5e 09 03 e8 eb f1 c8 5e 5e 0a 02 e8 e3 f1 c8 5e 5e 0b 01 e8 db f1 c8 5e 5e 0c 00 68 e3 93 c8 f7 7f 00 00 e8 cb f1 c8 5e 5e 00 00 f0 e4 93 c8 f7 7f 00 00 e8 bb f1 c8 5e 5e 00 00 a0 e5 93 c8 f7 7f 00 00 e8 ab f1 c8 5e 5e 00 00 00 e6 93 c8 f7 7f 00 00 e8 9b f1 c8 5e 5e 00 00 60 e6 93 c8 f7 7f 00 00 e8 8b f1 c8 5e 5e 00 00 c0 e6 93 c8 f7 7f 00 00 e8 7b f1 c8 5e 5e 00 00 20 e7 93 c8 f7 7f 00 00 e8 6b f1 c8 5e 5e 00 00 80 e7 93 c8 f7 7f 00 00 e8 5b f1 c8 5e 5e 00 0c e8 53 f1 c8 5e 5e 01 0b e8 4b f1 c8 5e 5e 02 0a e8 43 f1 c8 5e 5e 03 09 e8 3b f1 c8 5e 5e 04 08 e8 33 f1 c8 5e 5e 05 07 e8 2b f1 c8 5e 5e 06 06 e8 23 f1 c8 5e 5e 07 05 e8 1b f1 c8 5e 5e 08 04 e8 13 f1 c8 5e 5e 09 03 e8 0b f1 c8 5e 5e 0a 02 e8 03 f1 c8 5e 5e 0b 01 e8 fb f0 c8 5e 5e 0c 00 f0 e7 93 c8 f7 7f 00 00 e8 eb f0 c8 5e 5e 00 00 78 e9 93 c8 f7 7f 00 00 e8 db f0 c8 5e 5e 00 00 28 ea 93 c8 f7 7f 00 00 e8 cb f0 c8 5e 5e 00 00 88 ea 93 c8 f7 7f 00 00 e8 bb f0 c8 5e 5e 00 00 e8 ea 93 c8 f7 7f 00 00 e8 ab f0 c8 5e 5e 00 00 48 eb 93 c8 f7 7f 00 00 e8 9b f0 c8 5e 5e 00 00 a8 eb 93 c8 f7 7f 00 00 e8 8b f0 c8 5e 5e 00 00 08 ec 93 c8 f7 7f 00 00 e8 7b f0 c8 5e 5e 00 0c e8 73 f0 c8 5e 5e 01 0b e8 6b f0 c8 5e 5e 02 0a e8 63 f0 c8 5e 5e 03 09 e8 5b f0 c8 5e 5e 04 08 e8 53 f0 c8 5e 5e 05 07 e8 4b f0 c8 5e 5e 06 06 e8 43 f0 c8 5e 5e 07 05 e8 3b f0 c8 5e 5e 08 04 e8 33 f0 c8 5e 5e 09 03 e8 2b f0 c8 5e 5e 0a 02 e8 23 f0 c8 5e 5e 0b 01 e8 1b f0 c8 5e 5e 0c 00 78 ec 93 c8 f7 7f 00 00 e8 0b f0 c8 5e 5e 00 00 00 ee 93 c8 f7 7f 00 00 e8 fb ef c8 5e 5e 00 00 b0 ee 93 c8 f7 7f 00 00 e8 eb ef c8 5e 5e 00 00 10 ef 93 c8 f7 7f 00 00 e8 db ef c8 5e 5e 00 00 70 ef 93 c8 f7 7f 00 00 e8 cb ef c8 5e 5e 00 00 d0 ef 93 c8 f7 7f 00 00 e8 bb ef c8 5e 5e 00 00 30 f0 93 c8 f7 7f 00 00 e8 ab ef c8 5e 5e 00 00 90 f0 93 c8 f7 7f 00 00 e8 9b ef c8 5e 5e 00 0c e8 93 ef c8 5e 5e 01 0b e8 8b ef c8 5e 5e 02 0a e8 83 ef c8 5e 5e 03 09 e8 7b ef c8 5e 5e 04 08 e8 73 ef c8 5e 5e 05 07 e8 6b ef c8 5e 5e 06 06 e8 63 ef c8 5e 5e 07 05 e8 5b ef c8 5e 5e 08 04 e8 53 ef c8 5e 5e 09 03 e8 4b ef c8 5e 5e 0a 02 e8 43 ef c8 5e 5e 0b 01 e8 3b ef c8 5e 5e 0c 00 00 f1 93 c8 f7 7f 00 00 e8 2b ef c8 5e 5e 00 00 88 f2 93 c8 f7 7f 00 00 e8 1b ef c8 5e 5e 00 00 38 f3 93 c8 f7 7f 00 00 e8 0b ef c8 5e 5e 00 00 98 f3 93 c8 f7 7f 00 00 e8 fb ee c8 5e 5e 00 00 f8 f3 93 c8 f7 7f 00 00 e8 eb ee c8 5e 5e 00 00 58 f4 93 c8 f7 7f 00 00 e8 db ee c8 5e 5e 00 00 b8 f4 93 c8 f7 7f 00 00 e8 cb ee c8 5e 5e 00 00 18 f5 93 c8 f7 7f 00 00 e8 bb ee c8 5e 5e 00 0c e8 b3 ee c8 5e 5e 01 0b e8 ab ee c8 5e 5e 02 0a e8 a3 ee c8 5e 5e 03 09 e8 9b ee c8 5e 5e 04 08 e8 93 ee c8 5e 5e 05 07 e8 8b ee c8 5e 5e 06 06 e8 83 ee c8 5e 5e 07 05 e8 7b ee c8 5e 5e 08 04 e8 73 ee c8 5e 5e 09 03 e8 6b ee c8 5e 5e 0a 02 e8 63 ee c8 5e 5e 0b 01 e8 5b ee c8 5e 5e 0c 00 88 f5 93 c8 f7 7f 00 00 e8 4b ee c8 5e 5e 00 00 10 f7 93 c8 f7 7f 00 00 00 00 00 00 00 00 00 00
10        | 7ff7c85d6340h   | 1224    | hex://intrinsics/ginxsfp?div#div_g[32f](v128x32f,v128x32f)                                | c5 f8 77 66 90 c5 f9 10 02 c4 c1 79 10 08 c5 fa 5e c1 c5 f9 11 01 48 8b c1 c3 cc cc cc 00 00 00 19 00 00 00 40 00 00 00 78 26 94 c8 f7 7f 00 00 c5 f8 77 66 90 c5 f9 10 02 c4 c1 79 10 08 c5 fb 5e c1 c5 f9 11 01 48 8b c1 c3 cc cc cc 00 00 00 19 00 00 00 40 00 00 00 48 28 94 c8 f7 7f 00 00 c5 f8 77 66 90 c5 f9 10 02 c4 c1 79 10 08 c5 fa 5d c1 c5 f9 11 01 48 8b c1 c3 cc cc cc 00 00 00 19 00 00 00 40 00 00 00 e8 28 94 c8 f7 7f 00 00 c5 f8 77 66 90 c5 f9 10 02 c4 c1 79 10 08 c5 fb 5d c1 c5 f9 11 01 48 8b c1 c3 cc cc cc 00 00 00 19 00 00 00 40 00 00 00 02 00 00 00 00 00 00 00 e8 3b f2 c8 5e 5e 00 0c e8 33 f2 c8 5e 5e 01 0b e8 2b f2 c8 5e 5e 02 0a e8 23 f2 c8 5e 5e 03 09 e8 1b f2 c8 5e 5e 04 08 e8 13 f2 c8 5e 5e 05 07 e8 0b f2 c8 5e 5e 06 06 e8 03 f2 c8 5e 5e 07 05 e8 fb f1 c8 5e 5e 08 04 e8 f3 f1 c8 5e 5e 09 03 e8 eb f1 c8 5e 5e 0a 02 e8 e3 f1 c8 5e 5e 0b 01 e8 db f1 c8 5e 5e 0c 00 68 e3 93 c8 f7 7f 00 00 e8 cb f1 c8 5e 5e 00 00 f0 e4 93 c8 f7 7f 00 00 e8 bb f1 c8 5e 5e 00 00 a0 e5 93 c8 f7 7f 00 00 e8 ab f1 c8 5e 5e 00 00 00 e6 93 c8 f7 7f 00 00 e8 9b f1 c8 5e 5e 00 00 60 e6 93 c8 f7 7f 00 00 e8 8b f1 c8 5e 5e 00 00 c0 e6 93 c8 f7 7f 00 00 e8 7b f1 c8 5e 5e 00 00 20 e7 93 c8 f7 7f 00 00 e8 6b f1 c8 5e 5e 00 00 80 e7 93 c8 f7 7f 00 00 e8 5b f1 c8 5e 5e 00 0c e8 53 f1 c8 5e 5e 01 0b e8 4b f1 c8 5e 5e 02 0a e8 43 f1 c8 5e 5e 03 09 e8 3b f1 c8 5e 5e 04 08 e8 33 f1 c8 5e 5e 05 07 e8 2b f1 c8 5e 5e 06 06 e8 23 f1 c8 5e 5e 07 05 e8 1b f1 c8 5e 5e 08 04 e8 13 f1 c8 5e 5e 09 03 e8 0b f1 c8 5e 5e 0a 02 e8 03 f1 c8 5e 5e 0b 01 e8 fb f0 c8 5e 5e 0c 00 f0 e7 93 c8 f7 7f 00 00 e8 eb f0 c8 5e 5e 00 00 78 e9 93 c8 f7 7f 00 00 e8 db f0 c8 5e 5e 00 00 28 ea 93 c8 f7 7f 00 00 e8 cb f0 c8 5e 5e 00 00 88 ea 93 c8 f7 7f 00 00 e8 bb f0 c8 5e 5e 00 00 e8 ea 93 c8 f7 7f 00 00 e8 ab f0 c8 5e 5e 00 00 48 eb 93 c8 f7 7f 00 00 e8 9b f0 c8 5e 5e 00 00 a8 eb 93 c8 f7 7f 00 00 e8 8b f0 c8 5e 5e 00 00 08 ec 93 c8 f7 7f 00 00 e8 7b f0 c8 5e 5e 00 0c e8 73 f0 c8 5e 5e 01 0b e8 6b f0 c8 5e 5e 02 0a e8 63 f0 c8 5e 5e 03 09 e8 5b f0 c8 5e 5e 04 08 e8 53 f0 c8 5e 5e 05 07 e8 4b f0 c8 5e 5e 06 06 e8 43 f0 c8 5e 5e 07 05 e8 3b f0 c8 5e 5e 08 04 e8 33 f0 c8 5e 5e 09 03 e8 2b f0 c8 5e 5e 0a 02 e8 23 f0 c8 5e 5e 0b 01 e8 1b f0 c8 5e 5e 0c 00 78 ec 93 c8 f7 7f 00 00 e8 0b f0 c8 5e 5e 00 00 00 ee 93 c8 f7 7f 00 00 e8 fb ef c8 5e 5e 00 00 b0 ee 93 c8 f7 7f 00 00 e8 eb ef c8 5e 5e 00 00 10 ef 93 c8 f7 7f 00 00 e8 db ef c8 5e 5e 00 00 70 ef 93 c8 f7 7f 00 00 e8 cb ef c8 5e 5e 00 00 d0 ef 93 c8 f7 7f 00 00 e8 bb ef c8 5e 5e 00 00 30 f0 93 c8 f7 7f 00 00 e8 ab ef c8 5e 5e 00 00 90 f0 93 c8 f7 7f 00 00 e8 9b ef c8 5e 5e 00 0c e8 93 ef c8 5e 5e 01 0b e8 8b ef c8 5e 5e 02 0a e8 83 ef c8 5e 5e 03 09 e8 7b ef c8 5e 5e 04 08 e8 73 ef c8 5e 5e 05 07 e8 6b ef c8 5e 5e 06 06 e8 63 ef c8 5e 5e 07 05 e8 5b ef c8 5e 5e 08 04 e8 53 ef c8 5e 5e 09 03 e8 4b ef c8 5e 5e 0a 02 e8 43 ef c8 5e 5e 0b 01 e8 3b ef c8 5e 5e 0c 00 00 f1 93 c8 f7 7f 00 00 e8 2b ef c8 5e 5e 00 00 88 f2 93 c8 f7 7f 00 00 e8 1b ef c8 5e 5e 00 00 38 f3 93 c8 f7 7f 00 00 e8 0b ef c8 5e 5e 00 00 98 f3 93 c8 f7 7f 00 00 e8 fb ee c8 5e 5e 00 00 f8 f3 93 c8 f7 7f 00 00 e8 eb ee c8 5e 5e 00 00 58 f4 93 c8 f7 7f 00 00 e8 db ee c8 5e 5e 00 00 b8 f4 93 c8 f7 7f 00 00 e8 cb ee c8 5e 5e 00 00 18 f5 93 c8 f7 7f 00 00 e8 bb ee c8 5e 5e 00 0c e8 b3 ee c8 5e 5e 01 0b e8 ab ee c8 5e 5e 02 0a e8 a3 ee c8 5e 5e 03 09 e8 9b ee c8 5e 5e 04 08 e8 93 ee c8 5e 5e 05 07 e8 8b ee c8 5e 5e 06 06 e8 83 ee c8 5e 5e 07 05 e8 7b ee c8 5e 5e 08 04 e8 73 ee c8 5e 5e 09 03 e8 6b ee c8 5e 5e 0a 02 e8 63 ee c8 5e 5e 0b 01 e8 5b ee c8 5e 5e 0c 00 88 f5 93 c8 f7 7f 00 00 e8 4b ee c8 5e 5e 00 00 10 f7 93 c8 f7 7f 00 00 00 00 00 00 00 00 00 00
11        | 7ff7c85d6370h   | 1176    | hex://intrinsics/ginxsfp?div#div_g[64f](v128x64f,v128x64f)                                | c5 f8 77 66 90 c5 f9 10 02 c4 c1 79 10 08 c5 fb 5e c1 c5 f9 11 01 48 8b c1 c3 cc cc cc 00 00 00 19 00 00 00 40 00 00 00 48 28 94 c8 f7 7f 00 00 c5 f8 77 66 90 c5 f9 10 02 c4 c1 79 10 08 c5 fa 5d c1 c5 f9 11 01 48 8b c1 c3 cc cc cc 00 00 00 19 00 00 00 40 00 00 00 e8 28 94 c8 f7 7f 00 00 c5 f8 77 66 90 c5 f9 10 02 c4 c1 79 10 08 c5 fb 5d c1 c5 f9 11 01 48 8b c1 c3 cc cc cc 00 00 00 19 00 00 00 40 00 00 00 02 00 00 00 00 00 00 00 e8 3b f2 c8 5e 5e 00 0c e8 33 f2 c8 5e 5e 01 0b e8 2b f2 c8 5e 5e 02 0a e8 23 f2 c8 5e 5e 03 09 e8 1b f2 c8 5e 5e 04 08 e8 13 f2 c8 5e 5e 05 07 e8 0b f2 c8 5e 5e 06 06 e8 03 f2 c8 5e 5e 07 05 e8 fb f1 c8 5e 5e 08 04 e8 f3 f1 c8 5e 5e 09 03 e8 eb f1 c8 5e 5e 0a 02 e8 e3 f1 c8 5e 5e 0b 01 e8 db f1 c8 5e 5e 0c 00 68 e3 93 c8 f7 7f 00 00 e8 cb f1 c8 5e 5e 00 00 f0 e4 93 c8 f7 7f 00 00 e8 bb f1 c8 5e 5e 00 00 a0 e5 93 c8 f7 7f 00 00 e8 ab f1 c8 5e 5e 00 00 00 e6 93 c8 f7 7f 00 00 e8 9b f1 c8 5e 5e 00 00 60 e6 93 c8 f7 7f 00 00 e8 8b f1 c8 5e 5e 00 00 c0 e6 93 c8 f7 7f 00 00 e8 7b f1 c8 5e 5e 00 00 20 e7 93 c8 f7 7f 00 00 e8 6b f1 c8 5e 5e 00 00 80 e7 93 c8 f7 7f 00 00 e8 5b f1 c8 5e 5e 00 0c e8 53 f1 c8 5e 5e 01 0b e8 4b f1 c8 5e 5e 02 0a e8 43 f1 c8 5e 5e 03 09 e8 3b f1 c8 5e 5e 04 08 e8 33 f1 c8 5e 5e 05 07 e8 2b f1 c8 5e 5e 06 06 e8 23 f1 c8 5e 5e 07 05 e8 1b f1 c8 5e 5e 08 04 e8 13 f1 c8 5e 5e 09 03 e8 0b f1 c8 5e 5e 0a 02 e8 03 f1 c8 5e 5e 0b 01 e8 fb f0 c8 5e 5e 0c 00 f0 e7 93 c8 f7 7f 00 00 e8 eb f0 c8 5e 5e 00 00 78 e9 93 c8 f7 7f 00 00 e8 db f0 c8 5e 5e 00 00 28 ea 93 c8 f7 7f 00 00 e8 cb f0 c8 5e 5e 00 00 88 ea 93 c8 f7 7f 00 00 e8 bb f0 c8 5e 5e 00 00 e8 ea 93 c8 f7 7f 00 00 e8 ab f0 c8 5e 5e 00 00 48 eb 93 c8 f7 7f 00 00 e8 9b f0 c8 5e 5e 00 00 a8 eb 93 c8 f7 7f 00 00 e8 8b f0 c8 5e 5e 00 00 08 ec 93 c8 f7 7f 00 00 e8 7b f0 c8 5e 5e 00 0c e8 73 f0 c8 5e 5e 01 0b e8 6b f0 c8 5e 5e 02 0a e8 63 f0 c8 5e 5e 03 09 e8 5b f0 c8 5e 5e 04 08 e8 53 f0 c8 5e 5e 05 07 e8 4b f0 c8 5e 5e 06 06 e8 43 f0 c8 5e 5e 07 05 e8 3b f0 c8 5e 5e 08 04 e8 33 f0 c8 5e 5e 09 03 e8 2b f0 c8 5e 5e 0a 02 e8 23 f0 c8 5e 5e 0b 01 e8 1b f0 c8 5e 5e 0c 00 78 ec 93 c8 f7 7f 00 00 e8 0b f0 c8 5e 5e 00 00 00 ee 93 c8 f7 7f 00 00 e8 fb ef c8 5e 5e 00 00 b0 ee 93 c8 f7 7f 00 00 e8 eb ef c8 5e 5e 00 00 10 ef 93 c8 f7 7f 00 00 e8 db ef c8 5e 5e 00 00 70 ef 93 c8 f7 7f 00 00 e8 cb ef c8 5e 5e 00 00 d0 ef 93 c8 f7 7f 00 00 e8 bb ef c8 5e 5e 00 00 30 f0 93 c8 f7 7f 00 00 e8 ab ef c8 5e 5e 00 00 90 f0 93 c8 f7 7f 00 00 e8 9b ef c8 5e 5e 00 0c e8 93 ef c8 5e 5e 01 0b e8 8b ef c8 5e 5e 02 0a e8 83 ef c8 5e 5e 03 09 e8 7b ef c8 5e 5e 04 08 e8 73 ef c8 5e 5e 05 07 e8 6b ef c8 5e 5e 06 06 e8 63 ef c8 5e 5e 07 05 e8 5b ef c8 5e 5e 08 04 e8 53 ef c8 5e 5e 09 03 e8 4b ef c8 5e 5e 0a 02 e8 43 ef c8 5e 5e 0b 01 e8 3b ef c8 5e 5e 0c 00 00 f1 93 c8 f7 7f 00 00 e8 2b ef c8 5e 5e 00 00 88 f2 93 c8 f7 7f 00 00 e8 1b ef c8 5e 5e 00 00 38 f3 93 c8 f7 7f 00 00 e8 0b ef c8 5e 5e 00 00 98 f3 93 c8 f7 7f 00 00 e8 fb ee c8 5e 5e 00 00 f8 f3 93 c8 f7 7f 00 00 e8 eb ee c8 5e 5e 00 00 58 f4 93 c8 f7 7f 00 00 e8 db ee c8 5e 5e 00 00 b8 f4 93 c8 f7 7f 00 00 e8 cb ee c8 5e 5e 00 00 18 f5 93 c8 f7 7f 00 00 e8 bb ee c8 5e 5e 00 0c e8 b3 ee c8 5e 5e 01 0b e8 ab ee c8 5e 5e 02 0a e8 a3 ee c8 5e 5e 03 09 e8 9b ee c8 5e 5e 04 08 e8 93 ee c8 5e 5e 05 07 e8 8b ee c8 5e 5e 06 06 e8 83 ee c8 5e 5e 07 05 e8 7b ee c8 5e 5e 08 04 e8 73 ee c8 5e 5e 09 03 e8 6b ee c8 5e 5e 0a 02 e8 63 ee c8 5e 5e 0b 01 e8 5b ee c8 5e 5e 0c 00 88 f5 93 c8 f7 7f 00 00 e8 4b ee c8 5e 5e 00 00 10 f7 93 c8 f7 7f 00 00 00 00 00 00 00 00 00 00
12        | 7ff7c85d63a0h   | 1128    | hex://intrinsics/ginxsfp?min#min_g[32f](v128x32f,v128x32f)                                | c5 f8 77 66 90 c5 f9 10 02 c4 c1 79 10 08 c5 fa 5d c1 c5 f9 11 01 48 8b c1 c3 cc cc cc 00 00 00 19 00 00 00 40 00 00 00 e8 28 94 c8 f7 7f 00 00 c5 f8 77 66 90 c5 f9 10 02 c4 c1 79 10 08 c5 fb 5d c1 c5 f9 11 01 48 8b c1 c3 cc cc cc 00 00 00 19 00 00 00 40 00 00 00 02 00 00 00 00 00 00 00 e8 3b f2 c8 5e 5e 00 0c e8 33 f2 c8 5e 5e 01 0b e8 2b f2 c8 5e 5e 02 0a e8 23 f2 c8 5e 5e 03 09 e8 1b f2 c8 5e 5e 04 08 e8 13 f2 c8 5e 5e 05 07 e8 0b f2 c8 5e 5e 06 06 e8 03 f2 c8 5e 5e 07 05 e8 fb f1 c8 5e 5e 08 04 e8 f3 f1 c8 5e 5e 09 03 e8 eb f1 c8 5e 5e 0a 02 e8 e3 f1 c8 5e 5e 0b 01 e8 db f1 c8 5e 5e 0c 00 68 e3 93 c8 f7 7f 00 00 e8 cb f1 c8 5e 5e 00 00 f0 e4 93 c8 f7 7f 00 00 e8 bb f1 c8 5e 5e 00 00 a0 e5 93 c8 f7 7f 00 00 e8 ab f1 c8 5e 5e 00 00 00 e6 93 c8 f7 7f 00 00 e8 9b f1 c8 5e 5e 00 00 60 e6 93 c8 f7 7f 00 00 e8 8b f1 c8 5e 5e 00 00 c0 e6 93 c8 f7 7f 00 00 e8 7b f1 c8 5e 5e 00 00 20 e7 93 c8 f7 7f 00 00 e8 6b f1 c8 5e 5e 00 00 80 e7 93 c8 f7 7f 00 00 e8 5b f1 c8 5e 5e 00 0c e8 53 f1 c8 5e 5e 01 0b e8 4b f1 c8 5e 5e 02 0a e8 43 f1 c8 5e 5e 03 09 e8 3b f1 c8 5e 5e 04 08 e8 33 f1 c8 5e 5e 05 07 e8 2b f1 c8 5e 5e 06 06 e8 23 f1 c8 5e 5e 07 05 e8 1b f1 c8 5e 5e 08 04 e8 13 f1 c8 5e 5e 09 03 e8 0b f1 c8 5e 5e 0a 02 e8 03 f1 c8 5e 5e 0b 01 e8 fb f0 c8 5e 5e 0c 00 f0 e7 93 c8 f7 7f 00 00 e8 eb f0 c8 5e 5e 00 00 78 e9 93 c8 f7 7f 00 00 e8 db f0 c8 5e 5e 00 00 28 ea 93 c8 f7 7f 00 00 e8 cb f0 c8 5e 5e 00 00 88 ea 93 c8 f7 7f 00 00 e8 bb f0 c8 5e 5e 00 00 e8 ea 93 c8 f7 7f 00 00 e8 ab f0 c8 5e 5e 00 00 48 eb 93 c8 f7 7f 00 00 e8 9b f0 c8 5e 5e 00 00 a8 eb 93 c8 f7 7f 00 00 e8 8b f0 c8 5e 5e 00 00 08 ec 93 c8 f7 7f 00 00 e8 7b f0 c8 5e 5e 00 0c e8 73 f0 c8 5e 5e 01 0b e8 6b f0 c8 5e 5e 02 0a e8 63 f0 c8 5e 5e 03 09 e8 5b f0 c8 5e 5e 04 08 e8 53 f0 c8 5e 5e 05 07 e8 4b f0 c8 5e 5e 06 06 e8 43 f0 c8 5e 5e 07 05 e8 3b f0 c8 5e 5e 08 04 e8 33 f0 c8 5e 5e 09 03 e8 2b f0 c8 5e 5e 0a 02 e8 23 f0 c8 5e 5e 0b 01 e8 1b f0 c8 5e 5e 0c 00 78 ec 93 c8 f7 7f 00 00 e8 0b f0 c8 5e 5e 00 00 00 ee 93 c8 f7 7f 00 00 e8 fb ef c8 5e 5e 00 00 b0 ee 93 c8 f7 7f 00 00 e8 eb ef c8 5e 5e 00 00 10 ef 93 c8 f7 7f 00 00 e8 db ef c8 5e 5e 00 00 70 ef 93 c8 f7 7f 00 00 e8 cb ef c8 5e 5e 00 00 d0 ef 93 c8 f7 7f 00 00 e8 bb ef c8 5e 5e 00 00 30 f0 93 c8 f7 7f 00 00 e8 ab ef c8 5e 5e 00 00 90 f0 93 c8 f7 7f 00 00 e8 9b ef c8 5e 5e 00 0c e8 93 ef c8 5e 5e 01 0b e8 8b ef c8 5e 5e 02 0a e8 83 ef c8 5e 5e 03 09 e8 7b ef c8 5e 5e 04 08 e8 73 ef c8 5e 5e 05 07 e8 6b ef c8 5e 5e 06 06 e8 63 ef c8 5e 5e 07 05 e8 5b ef c8 5e 5e 08 04 e8 53 ef c8 5e 5e 09 03 e8 4b ef c8 5e 5e 0a 02 e8 43 ef c8 5e 5e 0b 01 e8 3b ef c8 5e 5e 0c 00 00 f1 93 c8 f7 7f 00 00 e8 2b ef c8 5e 5e 00 00 88 f2 93 c8 f7 7f 00 00 e8 1b ef c8 5e 5e 00 00 38 f3 93 c8 f7 7f 00 00 e8 0b ef c8 5e 5e 00 00 98 f3 93 c8 f7 7f 00 00 e8 fb ee c8 5e 5e 00 00 f8 f3 93 c8 f7 7f 00 00 e8 eb ee c8 5e 5e 00 00 58 f4 93 c8 f7 7f 00 00 e8 db ee c8 5e 5e 00 00 b8 f4 93 c8 f7 7f 00 00 e8 cb ee c8 5e 5e 00 00 18 f5 93 c8 f7 7f 00 00 e8 bb ee c8 5e 5e 00 0c e8 b3 ee c8 5e 5e 01 0b e8 ab ee c8 5e 5e 02 0a e8 a3 ee c8 5e 5e 03 09 e8 9b ee c8 5e 5e 04 08 e8 93 ee c8 5e 5e 05 07 e8 8b ee c8 5e 5e 06 06 e8 83 ee c8 5e 5e 07 05 e8 7b ee c8 5e 5e 08 04 e8 73 ee c8 5e 5e 09 03 e8 6b ee c8 5e 5e 0a 02 e8 63 ee c8 5e 5e 0b 01 e8 5b ee c8 5e 5e 0c 00 88 f5 93 c8 f7 7f 00 00 e8 4b ee c8 5e 5e 00 00 10 f7 93 c8 f7 7f 00 00 00 00 00 00 00 00 00 00
13        | 7ff7c85d63d0h   | 1080    | hex://intrinsics/ginxsfp?min#min_g[64f](v128x64f,v128x64f)                                | c5 f8 77 66 90 c5 f9 10 02 c4 c1 79 10 08 c5 fb 5d c1 c5 f9 11 01 48 8b c1 c3 cc cc cc 00 00 00 19 00 00 00 40 00 00 00 02 00 00 00 00 00 00 00 e8 3b f2 c8 5e 5e 00 0c e8 33 f2 c8 5e 5e 01 0b e8 2b f2 c8 5e 5e 02 0a e8 23 f2 c8 5e 5e 03 09 e8 1b f2 c8 5e 5e 04 08 e8 13 f2 c8 5e 5e 05 07 e8 0b f2 c8 5e 5e 06 06 e8 03 f2 c8 5e 5e 07 05 e8 fb f1 c8 5e 5e 08 04 e8 f3 f1 c8 5e 5e 09 03 e8 eb f1 c8 5e 5e 0a 02 e8 e3 f1 c8 5e 5e 0b 01 e8 db f1 c8 5e 5e 0c 00 68 e3 93 c8 f7 7f 00 00 e8 cb f1 c8 5e 5e 00 00 f0 e4 93 c8 f7 7f 00 00 e8 bb f1 c8 5e 5e 00 00 a0 e5 93 c8 f7 7f 00 00 e8 ab f1 c8 5e 5e 00 00 00 e6 93 c8 f7 7f 00 00 e8 9b f1 c8 5e 5e 00 00 60 e6 93 c8 f7 7f 00 00 e8 8b f1 c8 5e 5e 00 00 c0 e6 93 c8 f7 7f 00 00 e8 7b f1 c8 5e 5e 00 00 20 e7 93 c8 f7 7f 00 00 e8 6b f1 c8 5e 5e 00 00 80 e7 93 c8 f7 7f 00 00 e8 5b f1 c8 5e 5e 00 0c e8 53 f1 c8 5e 5e 01 0b e8 4b f1 c8 5e 5e 02 0a e8 43 f1 c8 5e 5e 03 09 e8 3b f1 c8 5e 5e 04 08 e8 33 f1 c8 5e 5e 05 07 e8 2b f1 c8 5e 5e 06 06 e8 23 f1 c8 5e 5e 07 05 e8 1b f1 c8 5e 5e 08 04 e8 13 f1 c8 5e 5e 09 03 e8 0b f1 c8 5e 5e 0a 02 e8 03 f1 c8 5e 5e 0b 01 e8 fb f0 c8 5e 5e 0c 00 f0 e7 93 c8 f7 7f 00 00 e8 eb f0 c8 5e 5e 00 00 78 e9 93 c8 f7 7f 00 00 e8 db f0 c8 5e 5e 00 00 28 ea 93 c8 f7 7f 00 00 e8 cb f0 c8 5e 5e 00 00 88 ea 93 c8 f7 7f 00 00 e8 bb f0 c8 5e 5e 00 00 e8 ea 93 c8 f7 7f 00 00 e8 ab f0 c8 5e 5e 00 00 48 eb 93 c8 f7 7f 00 00 e8 9b f0 c8 5e 5e 00 00 a8 eb 93 c8 f7 7f 00 00 e8 8b f0 c8 5e 5e 00 00 08 ec 93 c8 f7 7f 00 00 e8 7b f0 c8 5e 5e 00 0c e8 73 f0 c8 5e 5e 01 0b e8 6b f0 c8 5e 5e 02 0a e8 63 f0 c8 5e 5e 03 09 e8 5b f0 c8 5e 5e 04 08 e8 53 f0 c8 5e 5e 05 07 e8 4b f0 c8 5e 5e 06 06 e8 43 f0 c8 5e 5e 07 05 e8 3b f0 c8 5e 5e 08 04 e8 33 f0 c8 5e 5e 09 03 e8 2b f0 c8 5e 5e 0a 02 e8 23 f0 c8 5e 5e 0b 01 e8 1b f0 c8 5e 5e 0c 00 78 ec 93 c8 f7 7f 00 00 e8 0b f0 c8 5e 5e 00 00 00 ee 93 c8 f7 7f 00 00 e8 fb ef c8 5e 5e 00 00 b0 ee 93 c8 f7 7f 00 00 e8 eb ef c8 5e 5e 00 00 10 ef 93 c8 f7 7f 00 00 e8 db ef c8 5e 5e 00 00 70 ef 93 c8 f7 7f 00 00 e8 cb ef c8 5e 5e 00 00 d0 ef 93 c8 f7 7f 00 00 e8 bb ef c8 5e 5e 00 00 30 f0 93 c8 f7 7f 00 00 e8 ab ef c8 5e 5e 00 00 90 f0 93 c8 f7 7f 00 00 e8 9b ef c8 5e 5e 00 0c e8 93 ef c8 5e 5e 01 0b e8 8b ef c8 5e 5e 02 0a e8 83 ef c8 5e 5e 03 09 e8 7b ef c8 5e 5e 04 08 e8 73 ef c8 5e 5e 05 07 e8 6b ef c8 5e 5e 06 06 e8 63 ef c8 5e 5e 07 05 e8 5b ef c8 5e 5e 08 04 e8 53 ef c8 5e 5e 09 03 e8 4b ef c8 5e 5e 0a 02 e8 43 ef c8 5e 5e 0b 01 e8 3b ef c8 5e 5e 0c 00 00 f1 93 c8 f7 7f 00 00 e8 2b ef c8 5e 5e 00 00 88 f2 93 c8 f7 7f 00 00 e8 1b ef c8 5e 5e 00 00 38 f3 93 c8 f7 7f 00 00 e8 0b ef c8 5e 5e 00 00 98 f3 93 c8 f7 7f 00 00 e8 fb ee c8 5e 5e 00 00 f8 f3 93 c8 f7 7f 00 00 e8 eb ee c8 5e 5e 00 00 58 f4 93 c8 f7 7f 00 00 e8 db ee c8 5e 5e 00 00 b8 f4 93 c8 f7 7f 00 00 e8 cb ee c8 5e 5e 00 00 18 f5 93 c8 f7 7f 00 00 e8 bb ee c8 5e 5e 00 0c e8 b3 ee c8 5e 5e 01 0b e8 ab ee c8 5e 5e 02 0a e8 a3 ee c8 5e 5e 03 09 e8 9b ee c8 5e 5e 04 08 e8 93 ee c8 5e 5e 05 07 e8 8b ee c8 5e 5e 06 06 e8 83 ee c8 5e 5e 07 05 e8 7b ee c8 5e 5e 08 04 e8 73 ee c8 5e 5e 09 03 e8 6b ee c8 5e 5e 0a 02 e8 63 ee c8 5e 5e 0b 01 e8 5b ee c8 5e 5e 0c 00 88 f5 93 c8 f7 7f 00 00 e8 4b ee c8 5e 5e 00 00 10 f7 93 c8 f7 7f 00 00 00 00 00 00 00 00 00 00
14        | 7ff7c85d6810h   | 327     | hex://intrinsics/ginxsfp?max#max_g[32f](v128x32f,v128x32f)                                | c5 f8 77 66 90 c5 f9 10 02 c4 c1 79 10 08 c5 fa 5f c1 c5 f9 11 01 48 8b c1 c3 cc cc cc 00 00 00 19 00 00 00 40 00 00 00 58 2b 94 c8 f7 7f 00 00 c5 f8 77 66 90 c5 f9 10 02 c4 c1 79 10 08 c5 fb 5f c1 c5 f9 11 01 48 8b c1 c3 cc cc cc 00 00 00 19 00 00 00 40 00 00 00 28 2d 94 c8 f7 7f 00 00 c5 f8 77 66 90 c5 f9 10 02 c4 e3 79 0a c0 0a c5 f9 11 01 48 8b c1 c3 cc cc 00 00 00 19 00 00 00 40 00 00 00 00 00 00 00 c8 2d 94 c8 f7 7f 00 00 c5 f8 77 66 90 c5 f9 10 02 c4 e3 79 0b c0 0a c5 f9 11 01 48 8b c1 c3 cc cc 00 00 00 19 00 00 00 40 00 00 00 00 00 00 00 98 2f 94 c8 f7 7f 00 00 c5 f8 77 66 90 c5 f9 10 02 c4 e3 79 0a c0 0a c5 f9 11 01 48 8b c1 c3 cc cc 00 00 00 19 00 00 00 40 00 00 00 00 00 00 00 38 30 94 c8 f7 7f 00 00 c5 f8 77 66 90 c5 f9 10 02 c4 e3 79 0b c0 0a c5 f9 11 01 48 8b c1 c3 cc cc 00 00 00 19 00 00 00 40 00 00 00 00 00 00 00 08 32 94 c8 f7 7f 00 00 c5 f8 77 66 90 c5 f9 10 02 c5 fa 51 c0 c5 f9 11 01 48 8b c1 c3 cc cc cc 19 00 00 00 40 00 00 00 00 00 00 00 00 00 00
15        | 7ff7c85d6840h   | 279     | hex://intrinsics/ginxsfp?max#max_g[64f](v128x64f,v128x64f)                                | c5 f8 77 66 90 c5 f9 10 02 c4 c1 79 10 08 c5 fb 5f c1 c5 f9 11 01 48 8b c1 c3 cc cc cc 00 00 00 19 00 00 00 40 00 00 00 28 2d 94 c8 f7 7f 00 00 c5 f8 77 66 90 c5 f9 10 02 c4 e3 79 0a c0 0a c5 f9 11 01 48 8b c1 c3 cc cc 00 00 00 19 00 00 00 40 00 00 00 00 00 00 00 c8 2d 94 c8 f7 7f 00 00 c5 f8 77 66 90 c5 f9 10 02 c4 e3 79 0b c0 0a c5 f9 11 01 48 8b c1 c3 cc cc 00 00 00 19 00 00 00 40 00 00 00 00 00 00 00 98 2f 94 c8 f7 7f 00 00 c5 f8 77 66 90 c5 f9 10 02 c4 e3 79 0a c0 0a c5 f9 11 01 48 8b c1 c3 cc cc 00 00 00 19 00 00 00 40 00 00 00 00 00 00 00 38 30 94 c8 f7 7f 00 00 c5 f8 77 66 90 c5 f9 10 02 c4 e3 79 0b c0 0a c5 f9 11 01 48 8b c1 c3 cc cc 00 00 00 19 00 00 00 40 00 00 00 00 00 00 00 08 32 94 c8 f7 7f 00 00 c5 f8 77 66 90 c5 f9 10 02 c5 fa 51 c0 c5 f9 11 01 48 8b c1 c3 cc cc cc 19 00 00 00 40 00 00 00 00 00 00 00 00 00 00
16        | 7ff7c85d6870h   | 231     | hex://intrinsics/ginxsfp?ceil#ceil_g[32f](v128x32f)                                       | c5 f8 77 66 90 c5 f9 10 02 c4 e3 79 0a c0 0a c5 f9 11 01 48 8b c1 c3 cc cc 00 00 00 19 00 00 00 40 00 00 00 00 00 00 00 c8 2d 94 c8 f7 7f 00 00 c5 f8 77 66 90 c5 f9 10 02 c4 e3 79 0b c0 0a c5 f9 11 01 48 8b c1 c3 cc cc 00 00 00 19 00 00 00 40 00 00 00 00 00 00 00 98 2f 94 c8 f7 7f 00 00 c5 f8 77 66 90 c5 f9 10 02 c4 e3 79 0a c0 0a c5 f9 11 01 48 8b c1 c3 cc cc 00 00 00 19 00 00 00 40 00 00 00 00 00 00 00 38 30 94 c8 f7 7f 00 00 c5 f8 77 66 90 c5 f9 10 02 c4 e3 79 0b c0 0a c5 f9 11 01 48 8b c1 c3 cc cc 00 00 00 19 00 00 00 40 00 00 00 00 00 00 00 08 32 94 c8 f7 7f 00 00 c5 f8 77 66 90 c5 f9 10 02 c5 fa 51 c0 c5 f9 11 01 48 8b c1 c3 cc cc cc 19 00 00 00 40 00 00 00 00 00 00 00 00 00 00
17        | 7ff7c85d68a0h   | 183     | hex://intrinsics/ginxsfp?ceil#ceil_g[64f](v128x64f)                                       | c5 f8 77 66 90 c5 f9 10 02 c4 e3 79 0b c0 0a c5 f9 11 01 48 8b c1 c3 cc cc 00 00 00 19 00 00 00 40 00 00 00 00 00 00 00 98 2f 94 c8 f7 7f 00 00 c5 f8 77 66 90 c5 f9 10 02 c4 e3 79 0a c0 0a c5 f9 11 01 48 8b c1 c3 cc cc 00 00 00 19 00 00 00 40 00 00 00 00 00 00 00 38 30 94 c8 f7 7f 00 00 c5 f8 77 66 90 c5 f9 10 02 c4 e3 79 0b c0 0a c5 f9 11 01 48 8b c1 c3 cc cc 00 00 00 19 00 00 00 40 00 00 00 00 00 00 00 08 32 94 c8 f7 7f 00 00 c5 f8 77 66 90 c5 f9 10 02 c5 fa 51 c0 c5 f9 11 01 48 8b c1 c3 cc cc cc 19 00 00 00 40 00 00 00 00 00 00 00 00 00 00
18        | 7ff7c85d68d0h   | 135     | hex://intrinsics/ginxsfp?floor#floor_g[32f](v128x32f)                                     | c5 f8 77 66 90 c5 f9 10 02 c4 e3 79 0a c0 0a c5 f9 11 01 48 8b c1 c3 cc cc 00 00 00 19 00 00 00 40 00 00 00 00 00 00 00 38 30 94 c8 f7 7f 00 00 c5 f8 77 66 90 c5 f9 10 02 c4 e3 79 0b c0 0a c5 f9 11 01 48 8b c1 c3 cc cc 00 00 00 19 00 00 00 40 00 00 00 00 00 00 00 08 32 94 c8 f7 7f 00 00 c5 f8 77 66 90 c5 f9 10 02 c5 fa 51 c0 c5 f9 11 01 48 8b c1 c3 cc cc cc 19 00 00 00 40 00 00 00 00 00 00 00 00 00 00
19        | 7ff7c85d6900h   | 87      | hex://intrinsics/ginxsfp?floor#floor_g[64f](v128x64f)                                     | c5 f8 77 66 90 c5 f9 10 02 c4 e3 79 0b c0 0a c5 f9 11 01 48 8b c1 c3 cc cc 00 00 00 19 00 00 00 40 00 00 00 00 00 00 00 08 32 94 c8 f7 7f 00 00 c5 f8 77 66 90 c5 f9 10 02 c5 fa 51 c0 c5 f9 11 01 48 8b c1 c3 cc cc cc 19 00 00 00 40 00 00 00 00 00 00 00 00 00 00
20        | 7ff7c85d6930h   | 39      | hex://intrinsics/ginxsfp?sqrt#sqrt_g[32f](v128x32f)                                       | c5 f8 77 66 90 c5 f9 10 02 c5 fa 51 c0 c5 f9 11 01 48 8b c1 c3 cc cc cc 19 00 00 00 40 00 00 00 00 00 00 00 00 00 00
21        | 7ff7c85d6960h   | 1123    | hex://intrinsics/ginxsfp?sqrt#sqrt_g[64f](v128x64f)                                       | c5 f8 77 66 90 c5 f9 10 02 c5 fb 51 c0 c5 f9 11 01 48 8b c1 c3 cc cc cc 19 00 00 00 40 00 00 00 02 00 00 00 00 00 00 00 e8 b3 ec c8 5e 5e 00 00 c0 f7 93 c8 f7 7f 00 00 e8 a3 ec c8 5e 5e 00 00 20 f8 93 c8 f7 7f 00 00 e8 93 ec c8 5e 5e 00 00 80 f8 93 c8 f7 7f 00 00 e8 83 ec c8 5e 5e 00 00 e0 f8 93 c8 f7 7f 00 00 e8 73 ec c8 5e 5e 00 00 40 f9 93 c8 f7 7f 00 00 e8 63 ec c8 5e 5e 00 00 a0 f9 93 c8 f7 7f 00 00 e8 53 ec c8 5e 5e 00 0c e8 4b ec c8 5e 5e 01 0b e8 43 ec c8 5e 5e 02 0a e8 3b ec c8 5e 5e 03 09 e8 33 ec c8 5e 5e 04 08 e8 2b ec c8 5e 5e 05 07 e8 23 ec c8 5e 5e 06 06 e8 1b ec c8 5e 5e 07 05 e8 13 ec c8 5e 5e 08 04 e8 0b ec c8 5e 5e 09 03 e8 03 ec c8 5e 5e 0a 02 e8 fb eb c8 5e 5e 0b 01 e8 f3 eb c8 5e 5e 0c 00 10 fa 93 c8 f7 7f 00 00 e8 e3 eb c8 5e 5e 00 00 98 fb 93 c8 f7 7f 00 00 e8 d3 eb c8 5e 5e 00 00 48 fc 93 c8 f7 7f 00 00 e8 c3 eb c8 5e 5e 00 00 a8 fc 93 c8 f7 7f 00 00 e8 b3 eb c8 5e 5e 00 00 08 fd 93 c8 f7 7f 00 00 e8 a3 eb c8 5e 5e 00 00 68 fd 93 c8 f7 7f 00 00 e8 93 eb c8 5e 5e 00 00 c8 fd 93 c8 f7 7f 00 00 e8 83 eb c8 5e 5e 00 00 28 fe 93 c8 f7 7f 00 00 e8 73 eb c8 5e 5e 00 0c e8 6b eb c8 5e 5e 01 0b e8 63 eb c8 5e 5e 02 0a e8 5b eb c8 5e 5e 03 09 e8 53 eb c8 5e 5e 04 08 e8 4b eb c8 5e 5e 05 07 e8 43 eb c8 5e 5e 06 06 e8 3b eb c8 5e 5e 07 05 e8 33 eb c8 5e 5e 08 04 e8 2b eb c8 5e 5e 09 03 e8 23 eb c8 5e 5e 0a 02 e8 1b eb c8 5e 5e 0b 01 e8 13 eb c8 5e 5e 0c 00 98 fe 93 c8 f7 7f 00 00 e8 03 eb c8 5e 5e 00 00 40 00 95 c8 f7 7f 00 00 e8 f3 ea c8 5e 5e 00 00 f0 00 95 c8 f7 7f 00 00 e8 e3 ea c8 5e 5e 00 00 50 01 95 c8 f7 7f 00 00 e8 d3 ea c8 5e 5e 00 00 b0 01 95 c8 f7 7f 00 00 e8 c3 ea c8 5e 5e 00 00 10 02 95 c8 f7 7f 00 00 e8 b3 ea c8 5e 5e 00 00 70 02 95 c8 f7 7f 00 00 e8 a3 ea c8 5e 5e 00 00 d0 02 95 c8 f7 7f 00 00 e8 93 ea c8 5e 5e 00 0c e8 8b ea c8 5e 5e 01 0b e8 83 ea c8 5e 5e 02 0a e8 7b ea c8 5e 5e 03 09 e8 73 ea c8 5e 5e 04 08 e8 6b ea c8 5e 5e 05 07 e8 63 ea c8 5e 5e 06 06 e8 5b ea c8 5e 5e 07 05 e8 53 ea c8 5e 5e 08 04 e8 4b ea c8 5e 5e 09 03 e8 43 ea c8 5e 5e 0a 02 e8 3b ea c8 5e 5e 0b 01 e8 33 ea c8 5e 5e 0c 00 40 03 95 c8 f7 7f 00 00 e8 23 ea c8 5e 5e 00 00 c8 04 95 c8 f7 7f 00 00 e8 13 ea c8 5e 5e 00 00 78 05 95 c8 f7 7f 00 00 e8 03 ea c8 5e 5e 00 00 d8 05 95 c8 f7 7f 00 00 e8 f3 e9 c8 5e 5e 00 00 38 06 95 c8 f7 7f 00 00 e8 e3 e9 c8 5e 5e 00 00 98 06 95 c8 f7 7f 00 00 e8 d3 e9 c8 5e 5e 00 0c e8 cb e9 c8 5e 5e 01 0b e8 c3 e9 c8 5e 5e 02 0a e8 bb e9 c8 5e 5e 03 09 e8 b3 e9 c8 5e 5e 04 08 e8 ab e9 c8 5e 5e 05 07 e8 a3 e9 c8 5e 5e 06 06 e8 9b e9 c8 5e 5e 07 05 e8 93 e9 c8 5e 5e 08 04 e8 8b e9 c8 5e 5e 09 03 e8 83 e9 c8 5e 5e 0a 02 e8 7b e9 c8 5e 5e 0b 01 e8 73 e9 c8 5e 5e 0c 00 08 07 95 c8 f7 7f 00 00 e8 63 e9 c8 5e 5e 00 00 90 08 95 c8 f7 7f 00 00 e8 53 e9 c8 5e 5e 00 00 40 09 95 c8 f7 7f 00 00 e8 43 e9 c8 5e 5e 00 00 a0 09 95 c8 f7 7f 00 00 e8 33 e9 c8 5e 5e 00 00 00 0a 95 c8 f7 7f 00 00 e8 23 e9 c8 5e 5e 00 00 60 0a 95 c8 f7 7f 00 00 e8 13 e9 c8 5e 5e 00 00 58 0c 95 c8 f7 7f 00 00 e8 03 e9 c8 5e 5e 00 00 08 0d 95 c8 f7 7f 00 00 e8 f3 e8 c8 5e 5e 00 00 68 0d 95 c8 f7 7f 00 00 e8 e3 e8 c8 5e 5e 00 00 c8 0d 95 c8 f7 7f 00 00 e8 d3 e8 c8 5e 5e 00 00 28 0e 95 c8 f7 7f 00 00 e8 c3 e8 c8 5e 5e 00 00 20 10 95 c8 f7 7f 00 00 78 34 94 c8 f7 7f 00 00 c5 f8 77 66 90 c5 f9 10 02 c4 c1 79 10 08 c4 c1 79 10 11 c4 e2 71 a9 c2 c5 f9 11 01 48 8b c1 c3 cc cc 00 00 19 00 00 00 40 00 00 00 00 00 00 00 00 00 00
22        | 7ff7c85d6d90h   | 51      | hex://intrinsics/ginxsfp?fmadd#fmadd_g[32f](v128x32f,v128x32f,v128x32f)                   | c5 f8 77 66 90 c5 f9 10 02 c4 c1 79 10 08 c4 c1 79 10 11 c4 e2 71 a9 c2 c5 f9 11 01 48 8b c1 c3 cc cc 00 00 19 00 00 00 40 00 00 00 00 00 00 00 00 00 00
23        | 7ff7c85d6dd0h   | 51      | hex://intrinsics/ginxsfp?fmadd#fmadd_g[64f](v128x64f,v128x64f,v128x64f)                   | c5 f8 77 66 90 c5 f9 10 02 c4 c1 79 10 08 c4 c1 79 10 11 c4 e2 f1 a9 c2 c5 f9 11 01 48 8b c1 c3 cc cc 00 00 19 00 00 00 40 00 00 00 00 00 00 00 00 00 00
24        | 7ff7c85d6e10h   | 51      | hex://intrinsics/ginxsfp?fmsub#fmsub_g[32f](v128x32f,v128x32f,v128x32f)                   | c5 f8 77 66 90 c5 f9 10 02 c4 c1 79 10 08 c4 c1 79 10 11 c4 e2 71 ab c2 c5 f9 11 01 48 8b c1 c3 cc cc 00 00 19 00 00 00 40 00 00 00 00 00 00 00 00 00 00
25        | 7ff7c85d6e50h   | 51      | hex://intrinsics/ginxsfp?fmsub#fmsub_g[64f](v128x64f,v128x64f,v128x64f)                   | c5 f8 77 66 90 c5 f9 10 02 c4 c1 79 10 08 c4 c1 79 10 11 c4 e2 f1 ab c2 c5 f9 11 01 48 8b c1 c3 cc cc 00 00 19 00 00 00 40 00 00 00 00 00 00 00 00 00 00
26        | 7ff7c85d6e90h   | 51      | hex://intrinsics/ginxsfp?fnmadd#fnmadd_g[32f](v128x32f,v128x32f,v128x32f)                 | c5 f8 77 66 90 c5 f9 10 02 c4 c1 79 10 08 c4 c1 79 10 11 c4 e2 71 ad c2 c5 f9 11 01 48 8b c1 c3 cc cc 00 00 19 00 00 00 40 00 00 00 00 00 00 00 00 00 00
27        | 7ff7c85d6ed0h   | 51      | hex://intrinsics/ginxsfp?fnmadd#fnmadd_g[64f](v128x64f,v128x64f,v128x64f)                 | c5 f8 77 66 90 c5 f9 10 02 c4 c1 79 10 08 c4 c1 79 10 11 c4 e2 f1 ad c2 c5 f9 11 01 48 8b c1 c3 cc cc 00 00 19 00 00 00 40 00 00 00 00 00 00 00 00 00 00
28        | 7ff7c85d6f10h   | 51      | hex://intrinsics/ginxsfp?eq#eq_g[32f](v128x32f,v128x32f)                                  | c5 f8 77 66 90 c5 f9 10 01 c5 f9 10 0a c5 f8 2e c1 0f 9b c2 0f 94 c0 22 c2 0f b6 d0 8b c2 c3 cc cc cc 00 00 19 00 00 00 40 00 00 00 00 00 00 00 00 00 00
29        | 7ff7c85d6f50h   | 51      | hex://intrinsics/ginxsfp?eq#eq_g[64f](v128x64f,v128x64f)                                  | c5 f8 77 66 90 c5 f9 10 01 c5 f9 10 0a c5 f9 2e c1 0f 9b c2 0f 94 c0 22 c2 0f b6 d0 8b c2 c3 cc cc cc 00 00 19 00 00 00 40 00 00 00 00 00 00 00 00 00 00
30        | 7ff7c85d6f90h   | 51      | hex://intrinsics/ginxsfp?neq#neq_g[32f](v128x32f,v128x32f)                                | c5 f8 77 66 90 c5 f9 10 01 c5 f9 10 0a c5 f8 2f c1 0f 9a c2 0f 95 c0 0a c2 0f b6 d0 8b c2 c3 cc cc cc 00 00 19 00 00 00 40 00 00 00 00 00 00 00 00 00 00
31        | 7ff7c85d6fd0h   | 2024    | hex://intrinsics/ginxsfp?neq#neq_g[64f](v128x64f,v128x64f)                                | c5 f8 77 66 90 c5 f9 10 01 c5 f9 10 0a c5 f9 2f c1 0f 9a c2 0f 95 c0 0a c2 0f b6 d0 8b c2 c3 cc cc cc 00 00 19 00 00 00 40 00 00 00 00 00 00 00 02 00 00 00 00 00 00 00 e8 33 e6 c8 5e 5e 00 0c e8 2b e6 c8 5e 5e 01 0b e8 23 e6 c8 5e 5e 02 0a e8 1b e6 c8 5e 5e 03 09 e8 13 e6 c8 5e 5e 04 08 e8 0b e6 c8 5e 5e 05 07 e8 03 e6 c8 5e 5e 06 06 e8 fb e5 c8 5e 5e 07 05 e8 f3 e5 c8 5e 5e 08 04 e8 eb e5 c8 5e 5e 09 03 e8 e3 e5 c8 5e 5e 0a 02 e8 db e5 c8 5e 5e 0b 01 e8 d3 e5 c8 5e 5e 0c 00 d0 0a 95 c8 f7 7f 00 00 e8 c3 e5 c8 5e 5e 00 0c e8 bb e5 c8 5e 5e 01 0b e8 b3 e5 c8 5e 5e 02 0a e8 ab e5 c8 5e 5e 03 09 e8 a3 e5 c8 5e 5e 04 08 e8 9b e5 c8 5e 5e 05 07 e8 93 e5 c8 5e 5e 06 06 e8 8b e5 c8 5e 5e 07 05 e8 83 e5 c8 5e 5e 08 04 e8 7b e5 c8 5e 5e 09 03 e8 73 e5 c8 5e 5e 0a 02 e8 6b e5 c8 5e 5e 0b 01 e8 63 e5 c8 5e 5e 0c 00 98 0e 95 c8 f7 7f 00 00 e8 53 e5 c8 5e 5e 00 00 d0 10 95 c8 f7 7f 00 00 e8 43 e5 c8 5e 5e 00 00 30 11 95 c8 f7 7f 00 00 e8 33 e5 c8 5e 5e 00 00 90 11 95 c8 f7 7f 00 00 e8 23 e5 c8 5e 5e 00 0c e8 1b e5 c8 5e 5e 01 0b e8 13 e5 c8 5e 5e 02 0a e8 0b e5 c8 5e 5e 03 09 e8 03 e5 c8 5e 5e 04 08 e8 fb e4 c8 5e 5e 05 07 e8 f3 e4 c8 5e 5e 06 06 e8 eb e4 c8 5e 5e 07 05 e8 e3 e4 c8 5e 5e 08 04 e8 db e4 c8 5e 5e 09 03 e8 d3 e4 c8 5e 5e 0a 02 e8 cb e4 c8 5e 5e 0b 01 e8 c3 e4 c8 5e 5e 0c 00 00 12 95 c8 f7 7f 00 00 e8 b3 e4 c8 5e 5e 00 00 88 13 95 c8 f7 7f 00 00 e8 a3 e4 c8 5e 5e 00 00 38 14 95 c8 f7 7f 00 00 e8 93 e4 c8 5e 5e 00 00 98 14 95 c8 f7 7f 00 00 e8 83 e4 c8 5e 5e 00 00 f8 14 95 c8 f7 7f 00 00 e8 73 e4 c8 5e 5e 00 0c e8 6b e4 c8 5e 5e 01 0b e8 63 e4 c8 5e 5e 02 0a e8 5b e4 c8 5e 5e 03 09 e8 53 e4 c8 5e 5e 04 08 e8 4b e4 c8 5e 5e 05 07 e8 43 e4 c8 5e 5e 06 06 e8 3b e4 c8 5e 5e 07 05 e8 33 e4 c8 5e 5e 08 04 e8 2b e4 c8 5e 5e 09 03 e8 23 e4 c8 5e 5e 0a 02 e8 1b e4 c8 5e 5e 0b 01 e8 13 e4 c8 5e 5e 0c 00 68 15 95 c8 f7 7f 00 00 e8 03 e4 c8 5e 5e 00 00 f0 16 95 c8 f7 7f 00 00 e8 f3 e3 c8 5e 5e 00 00 a0 17 95 c8 f7 7f 00 00 e8 e3 e3 c8 5e 5e 00 00 00 18 95 c8 f7 7f 00 00 e8 d3 e3 c8 5e 5e 00 00 60 18 95 c8 f7 7f 00 00 e8 c3 e3 c8 5e 5e 00 00 c0 18 95 c8 f7 7f 00 00 e8 b3 e3 c8 5e 5e 00 0c e8 ab e3 c8 5e 5e 01 0b e8 a3 e3 c8 5e 5e 02 0a e8 9b e3 c8 5e 5e 03 09 e8 93 e3 c8 5e 5e 04 08 e8 8b e3 c8 5e 5e 05 07 e8 83 e3 c8 5e 5e 06 06 e8 7b e3 c8 5e 5e 07 05 e8 73 e3 c8 5e 5e 08 04 e8 6b e3 c8 5e 5e 09 03 e8 63 e3 c8 5e 5e 0a 02 e8 5b e3 c8 5e 5e 0b 01 e8 53 e3 c8 5e 5e 0c 00 30 19 95 c8 f7 7f 00 00 e8 43 e3 c8 5e 5e 00 00 b8 1a 95 c8 f7 7f 00 00 e8 33 e3 c8 5e 5e 00 00 68 1b 95 c8 f7 7f 00 00 e8 23 e3 c8 5e 5e 00 00 c8 1b 95 c8 f7 7f 00 00 e8 13 e3 c8 5e 5e 00 00 28 1c 95 c8 f7 7f 00 00 e8 03 e3 c8 5e 5e 00 00 88 1c 95 c8 f7 7f 00 00 e8 f3 e2 c8 5e 5e 00 0c e8 eb e2 c8 5e 5e 01 0b e8 e3 e2 c8 5e 5e 02 0a e8 db e2 c8 5e 5e 03 09 e8 d3 e2 c8 5e 5e 04 08 e8 cb e2 c8 5e 5e 05 07 e8 c3 e2 c8 5e 5e 06 06 e8 bb e2 c8 5e 5e 07 05 e8 b3 e2 c8 5e 5e 08 04 e8 ab e2 c8 5e 5e 09 03 e8 a3 e2 c8 5e 5e 0a 02 e8 9b e2 c8 5e 5e 0b 01 e8 93 e2 c8 5e 5e 0c 00 f8 1c 95 c8 f7 7f 00 00 e8 83 e2 c8 5e 5e 00 00 80 1e 95 c8 f7 7f 00 00 e8 73 e2 c8 5e 5e 00 00 30 1f 95 c8 f7 7f 00 00 e8 63 e2 c8 5e 5e 00 00 90 1f 95 c8 f7 7f 00 00 e8 53 e2 c8 5e 5e 00 00 f0 1f 95 c8 f7 7f 00 00 e8 43 e2 c8 5e 5e 00 00 50 20 95 c8 f7 7f 00 00 50 40 94 c8 f7 7f 00 00 c5 f8 77 66 90 c5 f9 10 01 c5 f9 10 0a c5 f8 2e c8 0f 93 c0 0f b6 c0 c3 cc cc cc 00 19 00 00 00 40 00 00 00 00 00 00 00 d0 40 94 c8 f7 7f 00 00 c5 f8 77 66 90 c5 f9 10 01 c5 f9 10 0a c5 f8 2e c8 0f 93 c0 0f b6 c0 c3 cc cc cc 00 19 00 00 00 40 00 00 00 00 00 00 00 88 42 94 c8 f7 7f 00 00 50 c5 f8 77 90 c5 f9 10 01 c5 f9 10 0a c5 fa c2 c1 02 c5 fa 11 44 24 04 8b 44 24 04 25 ff ff ff 7f 3d 00 00 80 7f 0f 9f c0 0f b6 c0 48 83 c4 08 c3 cc cc cc cc 00 00 00 19 01 01 00 01 02 00 00 40 00 00 00 00 00 00 00 f0 42 94 c8 f7 7f 00 00 50 c5 f8 77 90 c5 f9 10 01 c5 f9 10 0a c5 fa c2 c1 02 c5 fa 11 44 24 04 8b 44 24 04 25 ff ff ff 7f 3d 00 00 80 7f 0f 9f c0 0f b6 c0 48 83 c4 08 c3 cc cc cc cc 00 00 00 19 01 01 00 01 02 00 00 40 00 00 00 00 00 00 00 a8 44 94 c8 f7 7f 00 00 50 c5 f8 77 90 c5 f9 10 01 c5 f9 10 0a c5 fa c2 c1 05 c5 fa 11 44 24 04 8b 44 24 04 25 ff ff ff 7f 3d 00 00 80 7f 0f 9f c0 0f b6 c0 48 83 c4 08 c3 cc cc cc cc 00 00 00 19 01 01 00 01 02 00 00 40 00 00 00 00 00 00 00 10 45 94 c8 f7 7f 00 00 50 c5 f8 77 90 c5 f9 10 01 c5 f9 10 0a c5 fa c2 c1 05 c5 fa 11 44 24 04 8b 44 24 04 25 ff ff ff 7f 3d 00 00 80 7f 0f 9f c0 0f b6 c0 48 83 c4 08 c3 cc cc cc cc 00 00 00 19 01 01 00 01 02 00 00 40 00 00 00 00 00 00 00 c8 46 94 c8 f7 7f 00 00 c5 f8 77 66 90 c5 f9 10 01 c5 f9 10 0a c5 f8 2f c1 0f 97 c0 0f b6 c0 c3 cc cc cc 00 19 00 00 00 40 00 00 00 00 00 00 00 48 47 94 c8 f7 7f 00 00 c5 f8 77 66 90 c5 f9 10 01 c5 f9 10 0a c5 f9 2f c1 0f 97 c0 0f b6 c0 c3 cc cc cc 00 19 00 00 00 40 00 00 00 00 00 00 00 00 49 94 c8 f7 7f 00 00 c5 f8 77 66 90 c5 f9 10 01 c5 f9 10 0a c5 f8 2f c1 0f 93 c0 0f b6 c0 c3 cc cc cc 00 19 00 00 00 40 00 00 00 00 00 00 00 80 49 94 c8 f7 7f 00 00 c5 f8 77 66 90 c5 f9 10 01 c5 f9 10 0a c5 f9 2f c1 0f 93 c0 0f b6 c0 c3 cc cc cc 00 19 00 00 00 40 00 00 00 00 00 00 00 38 4b 94 c8 f7 7f 00 00 c5 f8 77 66 90 c5 f9 10 01 c5 f9 10 0a c5 f8 2f c8 0f 97 c0 0f b6 c0 c3 cc cc cc 00 19 00 00 00 40 00 00 00 00 00 00 00 b8 4b 94 c8 f7 7f 00 00 c5 f8 77 66 90 c5 f9 10 01 c5 f9 10 0a c5 f9 2f c8 0f 97 c0 0f b6 c0 c3 cc cc cc 00 19 00 00 00 40 00 00 00 00 00 00 00 02 00 00 00 00 00 00 00 e8 6b df c8 5e 5e 00 0c e8 63 df c8 5e 5e 01 0b e8 5b df c8 5e 5e 02 0a e8 53 df c8 5e 5e 03 09 e8 4b df c8 5e 5e 04 08 e8 43 df c8 5e 5e 05 07 e8 3b df c8 5e 5e 06 06 e8 33 df c8 5e 5e 07 05 e8 2b df c8 5e 5e 08 04 e8 23 df c8 5e 5e 09 03 e8 1b df c8 5e 5e 0a 02 e8 13 df c8 5e 5e 0b 01 e8 0b df c8 5e 5e 0c 00 c0 20 95 c8 f7 7f 00 00 e8 fb de c8 5e 5e 00 00 48 22 95 c8 f7 7f 00 00 e8 eb de c8 5e 5e 00 00 f8 22 95 c8 f7 7f 00 00 e8 db de c8 5e 5e 00 00 58 23 95 c8 f7 7f 00 00 e8 cb de c8 5e 5e 00 00 b8 23 95 c8 f7 7f 00 00 e8 bb de c8 5e 5e 00 00 18 24 95 c8 f7 7f 00 00 e8 ab de c8 5e 5e 00 00 78 24 95 c8 f7 7f 00 00 e8 9b de c8 5e 5e 00 00 d8 24 95 c8 f7 7f 00 00 00 00 00 00 00 00 00 00
32        | 7ff7c85d7410h   | 936     | hex://intrinsics/ginxsfp?lteq#lteq_g[32f](v128x32f,v128x32f)                              | c5 f8 77 66 90 c5 f9 10 01 c5 f9 10 0a c5 f8 2e c8 0f 93 c0 0f b6 c0 c3 cc cc cc 00 19 00 00 00 40 00 00 00 00 00 00 00 d0 40 94 c8 f7 7f 00 00 c5 f8 77 66 90 c5 f9 10 01 c5 f9 10 0a c5 f8 2e c8 0f 93 c0 0f b6 c0 c3 cc cc cc 00 19 00 00 00 40 00 00 00 00 00 00 00 88 42 94 c8 f7 7f 00 00 50 c5 f8 77 90 c5 f9 10 01 c5 f9 10 0a c5 fa c2 c1 02 c5 fa 11 44 24 04 8b 44 24 04 25 ff ff ff 7f 3d 00 00 80 7f 0f 9f c0 0f b6 c0 48 83 c4 08 c3 cc cc cc cc 00 00 00 19 01 01 00 01 02 00 00 40 00 00 00 00 00 00 00 f0 42 94 c8 f7 7f 00 00 50 c5 f8 77 90 c5 f9 10 01 c5 f9 10 0a c5 fa c2 c1 02 c5 fa 11 44 24 04 8b 44 24 04 25 ff ff ff 7f 3d 00 00 80 7f 0f 9f c0 0f b6 c0 48 83 c4 08 c3 cc cc cc cc 00 00 00 19 01 01 00 01 02 00 00 40 00 00 00 00 00 00 00 a8 44 94 c8 f7 7f 00 00 50 c5 f8 77 90 c5 f9 10 01 c5 f9 10 0a c5 fa c2 c1 05 c5 fa 11 44 24 04 8b 44 24 04 25 ff ff ff 7f 3d 00 00 80 7f 0f 9f c0 0f b6 c0 48 83 c4 08 c3 cc cc cc cc 00 00 00 19 01 01 00 01 02 00 00 40 00 00 00 00 00 00 00 10 45 94 c8 f7 7f 00 00 50 c5 f8 77 90 c5 f9 10 01 c5 f9 10 0a c5 fa c2 c1 05 c5 fa 11 44 24 04 8b 44 24 04 25 ff ff ff 7f 3d 00 00 80 7f 0f 9f c0 0f b6 c0 48 83 c4 08 c3 cc cc cc cc 00 00 00 19 01 01 00 01 02 00 00 40 00 00 00 00 00 00 00 c8 46 94 c8 f7 7f 00 00 c5 f8 77 66 90 c5 f9 10 01 c5 f9 10 0a c5 f8 2f c1 0f 97 c0 0f b6 c0 c3 cc cc cc 00 19 00 00 00 40 00 00 00 00 00 00 00 48 47 94 c8 f7 7f 00 00 c5 f8 77 66 90 c5 f9 10 01 c5 f9 10 0a c5 f9 2f c1 0f 97 c0 0f b6 c0 c3 cc cc cc 00 19 00 00 00 40 00 00 00 00 00 00 00 00 49 94 c8 f7 7f 00 00 c5 f8 77 66 90 c5 f9 10 01 c5 f9 10 0a c5 f8 2f c1 0f 93 c0 0f b6 c0 c3 cc cc cc 00 19 00 00 00 40 00 00 00 00 00 00 00 80 49 94 c8 f7 7f 00 00 c5 f8 77 66 90 c5 f9 10 01 c5 f9 10 0a c5 f9 2f c1 0f 93 c0 0f b6 c0 c3 cc cc cc 00 19 00 00 00 40 00 00 00 00 00 00 00 38 4b 94 c8 f7 7f 00 00 c5 f8 77 66 90 c5 f9 10 01 c5 f9 10 0a c5 f8 2f c8 0f 97 c0 0f b6 c0 c3 cc cc cc 00 19 00 00 00 40 00 00 00 00 00 00 00 b8 4b 94 c8 f7 7f 00 00 c5 f8 77 66 90 c5 f9 10 01 c5 f9 10 0a c5 f9 2f c8 0f 97 c0 0f b6 c0 c3 cc cc cc 00 19 00 00 00 40 00 00 00 00 00 00 00 02 00 00 00 00 00 00 00 e8 6b df c8 5e 5e 00 0c e8 63 df c8 5e 5e 01 0b e8 5b df c8 5e 5e 02 0a e8 53 df c8 5e 5e 03 09 e8 4b df c8 5e 5e 04 08 e8 43 df c8 5e 5e 05 07 e8 3b df c8 5e 5e 06 06 e8 33 df c8 5e 5e 07 05 e8 2b df c8 5e 5e 08 04 e8 23 df c8 5e 5e 09 03 e8 1b df c8 5e 5e 0a 02 e8 13 df c8 5e 5e 0b 01 e8 0b df c8 5e 5e 0c 00 c0 20 95 c8 f7 7f 00 00 e8 fb de c8 5e 5e 00 00 48 22 95 c8 f7 7f 00 00 e8 eb de c8 5e 5e 00 00 f8 22 95 c8 f7 7f 00 00 e8 db de c8 5e 5e 00 00 58 23 95 c8 f7 7f 00 00 e8 cb de c8 5e 5e 00 00 b8 23 95 c8 f7 7f 00 00 e8 bb de c8 5e 5e 00 00 18 24 95 c8 f7 7f 00 00 e8 ab de c8 5e 5e 00 00 78 24 95 c8 f7 7f 00 00 e8 9b de c8 5e 5e 00 00 d8 24 95 c8 f7 7f 00 00 00 00 00 00 00 00 00 00
33        | 7ff7c85d7440h   | 888     | hex://intrinsics/ginxsfp?lteq#lteq_g[64f](v128x64f,v128x64f)                              | c5 f8 77 66 90 c5 f9 10 01 c5 f9 10 0a c5 f8 2e c8 0f 93 c0 0f b6 c0 c3 cc cc cc 00 19 00 00 00 40 00 00 00 00 00 00 00 88 42 94 c8 f7 7f 00 00 50 c5 f8 77 90 c5 f9 10 01 c5 f9 10 0a c5 fa c2 c1 02 c5 fa 11 44 24 04 8b 44 24 04 25 ff ff ff 7f 3d 00 00 80 7f 0f 9f c0 0f b6 c0 48 83 c4 08 c3 cc cc cc cc 00 00 00 19 01 01 00 01 02 00 00 40 00 00 00 00 00 00 00 f0 42 94 c8 f7 7f 00 00 50 c5 f8 77 90 c5 f9 10 01 c5 f9 10 0a c5 fa c2 c1 02 c5 fa 11 44 24 04 8b 44 24 04 25 ff ff ff 7f 3d 00 00 80 7f 0f 9f c0 0f b6 c0 48 83 c4 08 c3 cc cc cc cc 00 00 00 19 01 01 00 01 02 00 00 40 00 00 00 00 00 00 00 a8 44 94 c8 f7 7f 00 00 50 c5 f8 77 90 c5 f9 10 01 c5 f9 10 0a c5 fa c2 c1 05 c5 fa 11 44 24 04 8b 44 24 04 25 ff ff ff 7f 3d 00 00 80 7f 0f 9f c0 0f b6 c0 48 83 c4 08 c3 cc cc cc cc 00 00 00 19 01 01 00 01 02 00 00 40 00 00 00 00 00 00 00 10 45 94 c8 f7 7f 00 00 50 c5 f8 77 90 c5 f9 10 01 c5 f9 10 0a c5 fa c2 c1 05 c5 fa 11 44 24 04 8b 44 24 04 25 ff ff ff 7f 3d 00 00 80 7f 0f 9f c0 0f b6 c0 48 83 c4 08 c3 cc cc cc cc 00 00 00 19 01 01 00 01 02 00 00 40 00 00 00 00 00 00 00 c8 46 94 c8 f7 7f 00 00 c5 f8 77 66 90 c5 f9 10 01 c5 f9 10 0a c5 f8 2f c1 0f 97 c0 0f b6 c0 c3 cc cc cc 00 19 00 00 00 40 00 00 00 00 00 00 00 48 47 94 c8 f7 7f 00 00 c5 f8 77 66 90 c5 f9 10 01 c5 f9 10 0a c5 f9 2f c1 0f 97 c0 0f b6 c0 c3 cc cc cc 00 19 00 00 00 40 00 00 00 00 00 00 00 00 49 94 c8 f7 7f 00 00 c5 f8 77 66 90 c5 f9 10 01 c5 f9 10 0a c5 f8 2f c1 0f 93 c0 0f b6 c0 c3 cc cc cc 00 19 00 00 00 40 00 00 00 00 00 00 00 80 49 94 c8 f7 7f 00 00 c5 f8 77 66 90 c5 f9 10 01 c5 f9 10 0a c5 f9 2f c1 0f 93 c0 0f b6 c0 c3 cc cc cc 00 19 00 00 00 40 00 00 00 00 00 00 00 38 4b 94 c8 f7 7f 00 00 c5 f8 77 66 90 c5 f9 10 01 c5 f9 10 0a c5 f8 2f c8 0f 97 c0 0f b6 c0 c3 cc cc cc 00 19 00 00 00 40 00 00 00 00 00 00 00 b8 4b 94 c8 f7 7f 00 00 c5 f8 77 66 90 c5 f9 10 01 c5 f9 10 0a c5 f9 2f c8 0f 97 c0 0f b6 c0 c3 cc cc cc 00 19 00 00 00 40 00 00 00 00 00 00 00 02 00 00 00 00 00 00 00 e8 6b df c8 5e 5e 00 0c e8 63 df c8 5e 5e 01 0b e8 5b df c8 5e 5e 02 0a e8 53 df c8 5e 5e 03 09 e8 4b df c8 5e 5e 04 08 e8 43 df c8 5e 5e 05 07 e8 3b df c8 5e 5e 06 06 e8 33 df c8 5e 5e 07 05 e8 2b df c8 5e 5e 08 04 e8 23 df c8 5e 5e 09 03 e8 1b df c8 5e 5e 0a 02 e8 13 df c8 5e 5e 0b 01 e8 0b df c8 5e 5e 0c 00 c0 20 95 c8 f7 7f 00 00 e8 fb de c8 5e 5e 00 00 48 22 95 c8 f7 7f 00 00 e8 eb de c8 5e 5e 00 00 f8 22 95 c8 f7 7f 00 00 e8 db de c8 5e 5e 00 00 58 23 95 c8 f7 7f 00 00 e8 cb de c8 5e 5e 00 00 b8 23 95 c8 f7 7f 00 00 e8 bb de c8 5e 5e 00 00 18 24 95 c8 f7 7f 00 00 e8 ab de c8 5e 5e 00 00 78 24 95 c8 f7 7f 00 00 e8 9b de c8 5e 5e 00 00 d8 24 95 c8 f7 7f 00 00 00 00 00 00 00 00 00 00
34        | 7ff7c85d7470h   | 840     | hex://intrinsics/ginxsfp?ngt#ngt_g[32f](v128x32f,v128x32f)                                | 50 c5 f8 77 90 c5 f9 10 01 c5 f9 10 0a c5 fa c2 c1 02 c5 fa 11 44 24 04 8b 44 24 04 25 ff ff ff 7f 3d 00 00 80 7f 0f 9f c0 0f b6 c0 48 83 c4 08 c3 cc cc cc cc 00 00 00 19 01 01 00 01 02 00 00 40 00 00 00 00 00 00 00 f0 42 94 c8 f7 7f 00 00 50 c5 f8 77 90 c5 f9 10 01 c5 f9 10 0a c5 fa c2 c1 02 c5 fa 11 44 24 04 8b 44 24 04 25 ff ff ff 7f 3d 00 00 80 7f 0f 9f c0 0f b6 c0 48 83 c4 08 c3 cc cc cc cc 00 00 00 19 01 01 00 01 02 00 00 40 00 00 00 00 00 00 00 a8 44 94 c8 f7 7f 00 00 50 c5 f8 77 90 c5 f9 10 01 c5 f9 10 0a c5 fa c2 c1 05 c5 fa 11 44 24 04 8b 44 24 04 25 ff ff ff 7f 3d 00 00 80 7f 0f 9f c0 0f b6 c0 48 83 c4 08 c3 cc cc cc cc 00 00 00 19 01 01 00 01 02 00 00 40 00 00 00 00 00 00 00 10 45 94 c8 f7 7f 00 00 50 c5 f8 77 90 c5 f9 10 01 c5 f9 10 0a c5 fa c2 c1 05 c5 fa 11 44 24 04 8b 44 24 04 25 ff ff ff 7f 3d 00 00 80 7f 0f 9f c0 0f b6 c0 48 83 c4 08 c3 cc cc cc cc 00 00 00 19 01 01 00 01 02 00 00 40 00 00 00 00 00 00 00 c8 46 94 c8 f7 7f 00 00 c5 f8 77 66 90 c5 f9 10 01 c5 f9 10 0a c5 f8 2f c1 0f 97 c0 0f b6 c0 c3 cc cc cc 00 19 00 00 00 40 00 00 00 00 00 00 00 48 47 94 c8 f7 7f 00 00 c5 f8 77 66 90 c5 f9 10 01 c5 f9 10 0a c5 f9 2f c1 0f 97 c0 0f b6 c0 c3 cc cc cc 00 19 00 00 00 40 00 00 00 00 00 00 00 00 49 94 c8 f7 7f 00 00 c5 f8 77 66 90 c5 f9 10 01 c5 f9 10 0a c5 f8 2f c1 0f 93 c0 0f b6 c0 c3 cc cc cc 00 19 00 00 00 40 00 00 00 00 00 00 00 80 49 94 c8 f7 7f 00 00 c5 f8 77 66 90 c5 f9 10 01 c5 f9 10 0a c5 f9 2f c1 0f 93 c0 0f b6 c0 c3 cc cc cc 00 19 00 00 00 40 00 00 00 00 00 00 00 38 4b 94 c8 f7 7f 00 00 c5 f8 77 66 90 c5 f9 10 01 c5 f9 10 0a c5 f8 2f c8 0f 97 c0 0f b6 c0 c3 cc cc cc 00 19 00 00 00 40 00 00 00 00 00 00 00 b8 4b 94 c8 f7 7f 00 00 c5 f8 77 66 90 c5 f9 10 01 c5 f9 10 0a c5 f9 2f c8 0f 97 c0 0f b6 c0 c3 cc cc cc 00 19 00 00 00 40 00 00 00 00 00 00 00 02 00 00 00 00 00 00 00 e8 6b df c8 5e 5e 00 0c e8 63 df c8 5e 5e 01 0b e8 5b df c8 5e 5e 02 0a e8 53 df c8 5e 5e 03 09 e8 4b df c8 5e 5e 04 08 e8 43 df c8 5e 5e 05 07 e8 3b df c8 5e 5e 06 06 e8 33 df c8 5e 5e 07 05 e8 2b df c8 5e 5e 08 04 e8 23 df c8 5e 5e 09 03 e8 1b df c8 5e 5e 0a 02 e8 13 df c8 5e 5e 0b 01 e8 0b df c8 5e 5e 0c 00 c0 20 95 c8 f7 7f 00 00 e8 fb de c8 5e 5e 00 00 48 22 95 c8 f7 7f 00 00 e8 eb de c8 5e 5e 00 00 f8 22 95 c8 f7 7f 00 00 e8 db de c8 5e 5e 00 00 58 23 95 c8 f7 7f 00 00 e8 cb de c8 5e 5e 00 00 b8 23 95 c8 f7 7f 00 00 e8 bb de c8 5e 5e 00 00 18 24 95 c8 f7 7f 00 00 e8 ab de c8 5e 5e 00 00 78 24 95 c8 f7 7f 00 00 e8 9b de c8 5e 5e 00 00 d8 24 95 c8 f7 7f 00 00 00 00 00 00 00 00 00 00
35        | 7ff7c85d74c0h   | 760     | hex://intrinsics/ginxsfp?ngt#ngt_g[64f](v128x64f,v128x64f)                                | 50 c5 f8 77 90 c5 f9 10 01 c5 f9 10 0a c5 fa c2 c1 02 c5 fa 11 44 24 04 8b 44 24 04 25 ff ff ff 7f 3d 00 00 80 7f 0f 9f c0 0f b6 c0 48 83 c4 08 c3 cc cc cc cc 00 00 00 19 01 01 00 01 02 00 00 40 00 00 00 00 00 00 00 a8 44 94 c8 f7 7f 00 00 50 c5 f8 77 90 c5 f9 10 01 c5 f9 10 0a c5 fa c2 c1 05 c5 fa 11 44 24 04 8b 44 24 04 25 ff ff ff 7f 3d 00 00 80 7f 0f 9f c0 0f b6 c0 48 83 c4 08 c3 cc cc cc cc 00 00 00 19 01 01 00 01 02 00 00 40 00 00 00 00 00 00 00 10 45 94 c8 f7 7f 00 00 50 c5 f8 77 90 c5 f9 10 01 c5 f9 10 0a c5 fa c2 c1 05 c5 fa 11 44 24 04 8b 44 24 04 25 ff ff ff 7f 3d 00 00 80 7f 0f 9f c0 0f b6 c0 48 83 c4 08 c3 cc cc cc cc 00 00 00 19 01 01 00 01 02 00 00 40 00 00 00 00 00 00 00 c8 46 94 c8 f7 7f 00 00 c5 f8 77 66 90 c5 f9 10 01 c5 f9 10 0a c5 f8 2f c1 0f 97 c0 0f b6 c0 c3 cc cc cc 00 19 00 00 00 40 00 00 00 00 00 00 00 48 47 94 c8 f7 7f 00 00 c5 f8 77 66 90 c5 f9 10 01 c5 f9 10 0a c5 f9 2f c1 0f 97 c0 0f b6 c0 c3 cc cc cc 00 19 00 00 00 40 00 00 00 00 00 00 00 00 49 94 c8 f7 7f 00 00 c5 f8 77 66 90 c5 f9 10 01 c5 f9 10 0a c5 f8 2f c1 0f 93 c0 0f b6 c0 c3 cc cc cc 00 19 00 00 00 40 00 00 00 00 00 00 00 80 49 94 c8 f7 7f 00 00 c5 f8 77 66 90 c5 f9 10 01 c5 f9 10 0a c5 f9 2f c1 0f 93 c0 0f b6 c0 c3 cc cc cc 00 19 00 00 00 40 00 00 00 00 00 00 00 38 4b 94 c8 f7 7f 00 00 c5 f8 77 66 90 c5 f9 10 01 c5 f9 10 0a c5 f8 2f c8 0f 97 c0 0f b6 c0 c3 cc cc cc 00 19 00 00 00 40 00 00 00 00 00 00 00 b8 4b 94 c8 f7 7f 00 00 c5 f8 77 66 90 c5 f9 10 01 c5 f9 10 0a c5 f9 2f c8 0f 97 c0 0f b6 c0 c3 cc cc cc 00 19 00 00 00 40 00 00 00 00 00 00 00 02 00 00 00 00 00 00 00 e8 6b df c8 5e 5e 00 0c e8 63 df c8 5e 5e 01 0b e8 5b df c8 5e 5e 02 0a e8 53 df c8 5e 5e 03 09 e8 4b df c8 5e 5e 04 08 e8 43 df c8 5e 5e 05 07 e8 3b df c8 5e 5e 06 06 e8 33 df c8 5e 5e 07 05 e8 2b df c8 5e 5e 08 04 e8 23 df c8 5e 5e 09 03 e8 1b df c8 5e 5e 0a 02 e8 13 df c8 5e 5e 0b 01 e8 0b df c8 5e 5e 0c 00 c0 20 95 c8 f7 7f 00 00 e8 fb de c8 5e 5e 00 00 48 22 95 c8 f7 7f 00 00 e8 eb de c8 5e 5e 00 00 f8 22 95 c8 f7 7f 00 00 e8 db de c8 5e 5e 00 00 58 23 95 c8 f7 7f 00 00 e8 cb de c8 5e 5e 00 00 b8 23 95 c8 f7 7f 00 00 e8 bb de c8 5e 5e 00 00 18 24 95 c8 f7 7f 00 00 e8 ab de c8 5e 5e 00 00 78 24 95 c8 f7 7f 00 00 e8 9b de c8 5e 5e 00 00 d8 24 95 c8 f7 7f 00 00 00 00 00 00 00 00 00 00
36        | 7ff7c85d7510h   | 680     | hex://intrinsics/ginxsfp?nlt#nlt_g[32f](v128x32f,v128x32f)                                | 50 c5 f8 77 90 c5 f9 10 01 c5 f9 10 0a c5 fa c2 c1 05 c5 fa 11 44 24 04 8b 44 24 04 25 ff ff ff 7f 3d 00 00 80 7f 0f 9f c0 0f b6 c0 48 83 c4 08 c3 cc cc cc cc 00 00 00 19 01 01 00 01 02 00 00 40 00 00 00 00 00 00 00 10 45 94 c8 f7 7f 00 00 50 c5 f8 77 90 c5 f9 10 01 c5 f9 10 0a c5 fa c2 c1 05 c5 fa 11 44 24 04 8b 44 24 04 25 ff ff ff 7f 3d 00 00 80 7f 0f 9f c0 0f b6 c0 48 83 c4 08 c3 cc cc cc cc 00 00 00 19 01 01 00 01 02 00 00 40 00 00 00 00 00 00 00 c8 46 94 c8 f7 7f 00 00 c5 f8 77 66 90 c5 f9 10 01 c5 f9 10 0a c5 f8 2f c1 0f 97 c0 0f b6 c0 c3 cc cc cc 00 19 00 00 00 40 00 00 00 00 00 00 00 48 47 94 c8 f7 7f 00 00 c5 f8 77 66 90 c5 f9 10 01 c5 f9 10 0a c5 f9 2f c1 0f 97 c0 0f b6 c0 c3 cc cc cc 00 19 00 00 00 40 00 00 00 00 00 00 00 00 49 94 c8 f7 7f 00 00 c5 f8 77 66 90 c5 f9 10 01 c5 f9 10 0a c5 f8 2f c1 0f 93 c0 0f b6 c0 c3 cc cc cc 00 19 00 00 00 40 00 00 00 00 00 00 00 80 49 94 c8 f7 7f 00 00 c5 f8 77 66 90 c5 f9 10 01 c5 f9 10 0a c5 f9 2f c1 0f 93 c0 0f b6 c0 c3 cc cc cc 00 19 00 00 00 40 00 00 00 00 00 00 00 38 4b 94 c8 f7 7f 00 00 c5 f8 77 66 90 c5 f9 10 01 c5 f9 10 0a c5 f8 2f c8 0f 97 c0 0f b6 c0 c3 cc cc cc 00 19 00 00 00 40 00 00 00 00 00 00 00 b8 4b 94 c8 f7 7f 00 00 c5 f8 77 66 90 c5 f9 10 01 c5 f9 10 0a c5 f9 2f c8 0f 97 c0 0f b6 c0 c3 cc cc cc 00 19 00 00 00 40 00 00 00 00 00 00 00 02 00 00 00 00 00 00 00 e8 6b df c8 5e 5e 00 0c e8 63 df c8 5e 5e 01 0b e8 5b df c8 5e 5e 02 0a e8 53 df c8 5e 5e 03 09 e8 4b df c8 5e 5e 04 08 e8 43 df c8 5e 5e 05 07 e8 3b df c8 5e 5e 06 06 e8 33 df c8 5e 5e 07 05 e8 2b df c8 5e 5e 08 04 e8 23 df c8 5e 5e 09 03 e8 1b df c8 5e 5e 0a 02 e8 13 df c8 5e 5e 0b 01 e8 0b df c8 5e 5e 0c 00 c0 20 95 c8 f7 7f 00 00 e8 fb de c8 5e 5e 00 00 48 22 95 c8 f7 7f 00 00 e8 eb de c8 5e 5e 00 00 f8 22 95 c8 f7 7f 00 00 e8 db de c8 5e 5e 00 00 58 23 95 c8 f7 7f 00 00 e8 cb de c8 5e 5e 00 00 b8 23 95 c8 f7 7f 00 00 e8 bb de c8 5e 5e 00 00 18 24 95 c8 f7 7f 00 00 e8 ab de c8 5e 5e 00 00 78 24 95 c8 f7 7f 00 00 e8 9b de c8 5e 5e 00 00 d8 24 95 c8 f7 7f 00 00 00 00 00 00 00 00 00 00
37        | 7ff7c85d7560h   | 600     | hex://intrinsics/ginxsfp?nlt#nlt_g[64f](v128x64f,v128x64f)                                | 50 c5 f8 77 90 c5 f9 10 01 c5 f9 10 0a c5 fa c2 c1 05 c5 fa 11 44 24 04 8b 44 24 04 25 ff ff ff 7f 3d 00 00 80 7f 0f 9f c0 0f b6 c0 48 83 c4 08 c3 cc cc cc cc 00 00 00 19 01 01 00 01 02 00 00 40 00 00 00 00 00 00 00 c8 46 94 c8 f7 7f 00 00 c5 f8 77 66 90 c5 f9 10 01 c5 f9 10 0a c5 f8 2f c1 0f 97 c0 0f b6 c0 c3 cc cc cc 00 19 00 00 00 40 00 00 00 00 00 00 00 48 47 94 c8 f7 7f 00 00 c5 f8 77 66 90 c5 f9 10 01 c5 f9 10 0a c5 f9 2f c1 0f 97 c0 0f b6 c0 c3 cc cc cc 00 19 00 00 00 40 00 00 00 00 00 00 00 00 49 94 c8 f7 7f 00 00 c5 f8 77 66 90 c5 f9 10 01 c5 f9 10 0a c5 f8 2f c1 0f 93 c0 0f b6 c0 c3 cc cc cc 00 19 00 00 00 40 00 00 00 00 00 00 00 80 49 94 c8 f7 7f 00 00 c5 f8 77 66 90 c5 f9 10 01 c5 f9 10 0a c5 f9 2f c1 0f 93 c0 0f b6 c0 c3 cc cc cc 00 19 00 00 00 40 00 00 00 00 00 00 00 38 4b 94 c8 f7 7f 00 00 c5 f8 77 66 90 c5 f9 10 01 c5 f9 10 0a c5 f8 2f c8 0f 97 c0 0f b6 c0 c3 cc cc cc 00 19 00 00 00 40 00 00 00 00 00 00 00 b8 4b 94 c8 f7 7f 00 00 c5 f8 77 66 90 c5 f9 10 01 c5 f9 10 0a c5 f9 2f c8 0f 97 c0 0f b6 c0 c3 cc cc cc 00 19 00 00 00 40 00 00 00 00 00 00 00 02 00 00 00 00 00 00 00 e8 6b df c8 5e 5e 00 0c e8 63 df c8 5e 5e 01 0b e8 5b df c8 5e 5e 02 0a e8 53 df c8 5e 5e 03 09 e8 4b df c8 5e 5e 04 08 e8 43 df c8 5e 5e 05 07 e8 3b df c8 5e 5e 06 06 e8 33 df c8 5e 5e 07 05 e8 2b df c8 5e 5e 08 04 e8 23 df c8 5e 5e 09 03 e8 1b df c8 5e 5e 0a 02 e8 13 df c8 5e 5e 0b 01 e8 0b df c8 5e 5e 0c 00 c0 20 95 c8 f7 7f 00 00 e8 fb de c8 5e 5e 00 00 48 22 95 c8 f7 7f 00 00 e8 eb de c8 5e 5e 00 00 f8 22 95 c8 f7 7f 00 00 e8 db de c8 5e 5e 00 00 58 23 95 c8 f7 7f 00 00 e8 cb de c8 5e 5e 00 00 b8 23 95 c8 f7 7f 00 00 e8 bb de c8 5e 5e 00 00 18 24 95 c8 f7 7f 00 00 e8 ab de c8 5e 5e 00 00 78 24 95 c8 f7 7f 00 00 e8 9b de c8 5e 5e 00 00 d8 24 95 c8 f7 7f 00 00 00 00 00 00 00 00 00 00
38        | 7ff7c85d75b0h   | 520     | hex://intrinsics/ginxsfp?gt#gt_g[32f](v128x32f,v128x32f)                                  | c5 f8 77 66 90 c5 f9 10 01 c5 f9 10 0a c5 f8 2f c1 0f 97 c0 0f b6 c0 c3 cc cc cc 00 19 00 00 00 40 00 00 00 00 00 00 00 48 47 94 c8 f7 7f 00 00 c5 f8 77 66 90 c5 f9 10 01 c5 f9 10 0a c5 f9 2f c1 0f 97 c0 0f b6 c0 c3 cc cc cc 00 19 00 00 00 40 00 00 00 00 00 00 00 00 49 94 c8 f7 7f 00 00 c5 f8 77 66 90 c5 f9 10 01 c5 f9 10 0a c5 f8 2f c1 0f 93 c0 0f b6 c0 c3 cc cc cc 00 19 00 00 00 40 00 00 00 00 00 00 00 80 49 94 c8 f7 7f 00 00 c5 f8 77 66 90 c5 f9 10 01 c5 f9 10 0a c5 f9 2f c1 0f 93 c0 0f b6 c0 c3 cc cc cc 00 19 00 00 00 40 00 00 00 00 00 00 00 38 4b 94 c8 f7 7f 00 00 c5 f8 77 66 90 c5 f9 10 01 c5 f9 10 0a c5 f8 2f c8 0f 97 c0 0f b6 c0 c3 cc cc cc 00 19 00 00 00 40 00 00 00 00 00 00 00 b8 4b 94 c8 f7 7f 00 00 c5 f8 77 66 90 c5 f9 10 01 c5 f9 10 0a c5 f9 2f c8 0f 97 c0 0f b6 c0 c3 cc cc cc 00 19 00 00 00 40 00 00 00 00 00 00 00 02 00 00 00 00 00 00 00 e8 6b df c8 5e 5e 00 0c e8 63 df c8 5e 5e 01 0b e8 5b df c8 5e 5e 02 0a e8 53 df c8 5e 5e 03 09 e8 4b df c8 5e 5e 04 08 e8 43 df c8 5e 5e 05 07 e8 3b df c8 5e 5e 06 06 e8 33 df c8 5e 5e 07 05 e8 2b df c8 5e 5e 08 04 e8 23 df c8 5e 5e 09 03 e8 1b df c8 5e 5e 0a 02 e8 13 df c8 5e 5e 0b 01 e8 0b df c8 5e 5e 0c 00 c0 20 95 c8 f7 7f 00 00 e8 fb de c8 5e 5e 00 00 48 22 95 c8 f7 7f 00 00 e8 eb de c8 5e 5e 00 00 f8 22 95 c8 f7 7f 00 00 e8 db de c8 5e 5e 00 00 58 23 95 c8 f7 7f 00 00 e8 cb de c8 5e 5e 00 00 b8 23 95 c8 f7 7f 00 00 e8 bb de c8 5e 5e 00 00 18 24 95 c8 f7 7f 00 00 e8 ab de c8 5e 5e 00 00 78 24 95 c8 f7 7f 00 00 e8 9b de c8 5e 5e 00 00 d8 24 95 c8 f7 7f 00 00 00 00 00 00 00 00 00 00
39        | 7ff7c85d75e0h   | 472     | hex://intrinsics/ginxsfp?gt#gt_g[64f](v128x64f,v128x64f)                                  | c5 f8 77 66 90 c5 f9 10 01 c5 f9 10 0a c5 f9 2f c1 0f 97 c0 0f b6 c0 c3 cc cc cc 00 19 00 00 00 40 00 00 00 00 00 00 00 00 49 94 c8 f7 7f 00 00 c5 f8 77 66 90 c5 f9 10 01 c5 f9 10 0a c5 f8 2f c1 0f 93 c0 0f b6 c0 c3 cc cc cc 00 19 00 00 00 40 00 00 00 00 00 00 00 80 49 94 c8 f7 7f 00 00 c5 f8 77 66 90 c5 f9 10 01 c5 f9 10 0a c5 f9 2f c1 0f 93 c0 0f b6 c0 c3 cc cc cc 00 19 00 00 00 40 00 00 00 00 00 00 00 38 4b 94 c8 f7 7f 00 00 c5 f8 77 66 90 c5 f9 10 01 c5 f9 10 0a c5 f8 2f c8 0f 97 c0 0f b6 c0 c3 cc cc cc 00 19 00 00 00 40 00 00 00 00 00 00 00 b8 4b 94 c8 f7 7f 00 00 c5 f8 77 66 90 c5 f9 10 01 c5 f9 10 0a c5 f9 2f c8 0f 97 c0 0f b6 c0 c3 cc cc cc 00 19 00 00 00 40 00 00 00 00 00 00 00 02 00 00 00 00 00 00 00 e8 6b df c8 5e 5e 00 0c e8 63 df c8 5e 5e 01 0b e8 5b df c8 5e 5e 02 0a e8 53 df c8 5e 5e 03 09 e8 4b df c8 5e 5e 04 08 e8 43 df c8 5e 5e 05 07 e8 3b df c8 5e 5e 06 06 e8 33 df c8 5e 5e 07 05 e8 2b df c8 5e 5e 08 04 e8 23 df c8 5e 5e 09 03 e8 1b df c8 5e 5e 0a 02 e8 13 df c8 5e 5e 0b 01 e8 0b df c8 5e 5e 0c 00 c0 20 95 c8 f7 7f 00 00 e8 fb de c8 5e 5e 00 00 48 22 95 c8 f7 7f 00 00 e8 eb de c8 5e 5e 00 00 f8 22 95 c8 f7 7f 00 00 e8 db de c8 5e 5e 00 00 58 23 95 c8 f7 7f 00 00 e8 cb de c8 5e 5e 00 00 b8 23 95 c8 f7 7f 00 00 e8 bb de c8 5e 5e 00 00 18 24 95 c8 f7 7f 00 00 e8 ab de c8 5e 5e 00 00 78 24 95 c8 f7 7f 00 00 e8 9b de c8 5e 5e 00 00 d8 24 95 c8 f7 7f 00 00 00 00 00 00 00 00 00 00
40        | 7ff7c85d7610h   | 424     | hex://intrinsics/ginxsfp?gteq#gteq_g[32f](v128x32f,v128x32f)                              | c5 f8 77 66 90 c5 f9 10 01 c5 f9 10 0a c5 f8 2f c1 0f 93 c0 0f b6 c0 c3 cc cc cc 00 19 00 00 00 40 00 00 00 00 00 00 00 80 49 94 c8 f7 7f 00 00 c5 f8 77 66 90 c5 f9 10 01 c5 f9 10 0a c5 f9 2f c1 0f 93 c0 0f b6 c0 c3 cc cc cc 00 19 00 00 00 40 00 00 00 00 00 00 00 38 4b 94 c8 f7 7f 00 00 c5 f8 77 66 90 c5 f9 10 01 c5 f9 10 0a c5 f8 2f c8 0f 97 c0 0f b6 c0 c3 cc cc cc 00 19 00 00 00 40 00 00 00 00 00 00 00 b8 4b 94 c8 f7 7f 00 00 c5 f8 77 66 90 c5 f9 10 01 c5 f9 10 0a c5 f9 2f c8 0f 97 c0 0f b6 c0 c3 cc cc cc 00 19 00 00 00 40 00 00 00 00 00 00 00 02 00 00 00 00 00 00 00 e8 6b df c8 5e 5e 00 0c e8 63 df c8 5e 5e 01 0b e8 5b df c8 5e 5e 02 0a e8 53 df c8 5e 5e 03 09 e8 4b df c8 5e 5e 04 08 e8 43 df c8 5e 5e 05 07 e8 3b df c8 5e 5e 06 06 e8 33 df c8 5e 5e 07 05 e8 2b df c8 5e 5e 08 04 e8 23 df c8 5e 5e 09 03 e8 1b df c8 5e 5e 0a 02 e8 13 df c8 5e 5e 0b 01 e8 0b df c8 5e 5e 0c 00 c0 20 95 c8 f7 7f 00 00 e8 fb de c8 5e 5e 00 00 48 22 95 c8 f7 7f 00 00 e8 eb de c8 5e 5e 00 00 f8 22 95 c8 f7 7f 00 00 e8 db de c8 5e 5e 00 00 58 23 95 c8 f7 7f 00 00 e8 cb de c8 5e 5e 00 00 b8 23 95 c8 f7 7f 00 00 e8 bb de c8 5e 5e 00 00 18 24 95 c8 f7 7f 00 00 e8 ab de c8 5e 5e 00 00 78 24 95 c8 f7 7f 00 00 e8 9b de c8 5e 5e 00 00 d8 24 95 c8 f7 7f 00 00 00 00 00 00 00 00 00 00
41        | 7ff7c85d7640h   | 376     | hex://intrinsics/ginxsfp?gteq#gteq_g[64f](v128x64f,v128x64f)                              | c5 f8 77 66 90 c5 f9 10 01 c5 f9 10 0a c5 f9 2f c1 0f 93 c0 0f b6 c0 c3 cc cc cc 00 19 00 00 00 40 00 00 00 00 00 00 00 38 4b 94 c8 f7 7f 00 00 c5 f8 77 66 90 c5 f9 10 01 c5 f9 10 0a c5 f8 2f c8 0f 97 c0 0f b6 c0 c3 cc cc cc 00 19 00 00 00 40 00 00 00 00 00 00 00 b8 4b 94 c8 f7 7f 00 00 c5 f8 77 66 90 c5 f9 10 01 c5 f9 10 0a c5 f9 2f c8 0f 97 c0 0f b6 c0 c3 cc cc cc 00 19 00 00 00 40 00 00 00 00 00 00 00 02 00 00 00 00 00 00 00 e8 6b df c8 5e 5e 00 0c e8 63 df c8 5e 5e 01 0b e8 5b df c8 5e 5e 02 0a e8 53 df c8 5e 5e 03 09 e8 4b df c8 5e 5e 04 08 e8 43 df c8 5e 5e 05 07 e8 3b df c8 5e 5e 06 06 e8 33 df c8 5e 5e 07 05 e8 2b df c8 5e 5e 08 04 e8 23 df c8 5e 5e 09 03 e8 1b df c8 5e 5e 0a 02 e8 13 df c8 5e 5e 0b 01 e8 0b df c8 5e 5e 0c 00 c0 20 95 c8 f7 7f 00 00 e8 fb de c8 5e 5e 00 00 48 22 95 c8 f7 7f 00 00 e8 eb de c8 5e 5e 00 00 f8 22 95 c8 f7 7f 00 00 e8 db de c8 5e 5e 00 00 58 23 95 c8 f7 7f 00 00 e8 cb de c8 5e 5e 00 00 b8 23 95 c8 f7 7f 00 00 e8 bb de c8 5e 5e 00 00 18 24 95 c8 f7 7f 00 00 e8 ab de c8 5e 5e 00 00 78 24 95 c8 f7 7f 00 00 e8 9b de c8 5e 5e 00 00 d8 24 95 c8 f7 7f 00 00 00 00 00 00 00 00 00 00
42        | 7ff7c85d7670h   | 328     | hex://intrinsics/ginxsfp?lt#lt_g[32f](v128x32f,v128x32f)                                  | c5 f8 77 66 90 c5 f9 10 01 c5 f9 10 0a c5 f8 2f c8 0f 97 c0 0f b6 c0 c3 cc cc cc 00 19 00 00 00 40 00 00 00 00 00 00 00 b8 4b 94 c8 f7 7f 00 00 c5 f8 77 66 90 c5 f9 10 01 c5 f9 10 0a c5 f9 2f c8 0f 97 c0 0f b6 c0 c3 cc cc cc 00 19 00 00 00 40 00 00 00 00 00 00 00 02 00 00 00 00 00 00 00 e8 6b df c8 5e 5e 00 0c e8 63 df c8 5e 5e 01 0b e8 5b df c8 5e 5e 02 0a e8 53 df c8 5e 5e 03 09 e8 4b df c8 5e 5e 04 08 e8 43 df c8 5e 5e 05 07 e8 3b df c8 5e 5e 06 06 e8 33 df c8 5e 5e 07 05 e8 2b df c8 5e 5e 08 04 e8 23 df c8 5e 5e 09 03 e8 1b df c8 5e 5e 0a 02 e8 13 df c8 5e 5e 0b 01 e8 0b df c8 5e 5e 0c 00 c0 20 95 c8 f7 7f 00 00 e8 fb de c8 5e 5e 00 00 48 22 95 c8 f7 7f 00 00 e8 eb de c8 5e 5e 00 00 f8 22 95 c8 f7 7f 00 00 e8 db de c8 5e 5e 00 00 58 23 95 c8 f7 7f 00 00 e8 cb de c8 5e 5e 00 00 b8 23 95 c8 f7 7f 00 00 e8 bb de c8 5e 5e 00 00 18 24 95 c8 f7 7f 00 00 e8 ab de c8 5e 5e 00 00 78 24 95 c8 f7 7f 00 00 e8 9b de c8 5e 5e 00 00 d8 24 95 c8 f7 7f 00 00 00 00 00 00 00 00 00 00
43        | 7ff7c85d76a0h   | 280     | hex://intrinsics/ginxsfp?lt#lt_g[64f](v128x64f,v128x64f)                                  | c5 f8 77 66 90 c5 f9 10 01 c5 f9 10 0a c5 f9 2f c8 0f 97 c0 0f b6 c0 c3 cc cc cc 00 19 00 00 00 40 00 00 00 00 00 00 00 02 00 00 00 00 00 00 00 e8 6b df c8 5e 5e 00 0c e8 63 df c8 5e 5e 01 0b e8 5b df c8 5e 5e 02 0a e8 53 df c8 5e 5e 03 09 e8 4b df c8 5e 5e 04 08 e8 43 df c8 5e 5e 05 07 e8 3b df c8 5e 5e 06 06 e8 33 df c8 5e 5e 07 05 e8 2b df c8 5e 5e 08 04 e8 23 df c8 5e 5e 09 03 e8 1b df c8 5e 5e 0a 02 e8 13 df c8 5e 5e 0b 01 e8 0b df c8 5e 5e 0c 00 c0 20 95 c8 f7 7f 00 00 e8 fb de c8 5e 5e 00 00 48 22 95 c8 f7 7f 00 00 e8 eb de c8 5e 5e 00 00 f8 22 95 c8 f7 7f 00 00 e8 db de c8 5e 5e 00 00 58 23 95 c8 f7 7f 00 00 e8 cb de c8 5e 5e 00 00 b8 23 95 c8 f7 7f 00 00 e8 bb de c8 5e 5e 00 00 18 24 95 c8 f7 7f 00 00 e8 ab de c8 5e 5e 00 00 78 24 95 c8 f7 7f 00 00 e8 9b de c8 5e 5e 00 00 d8 24 95 c8 f7 7f 00 00 00 00 00 00 00 00 00 00
44        | 7ff7c85d7ae0h   | 223     | hex://intrinsics/ginxsfp?cmp#cmp_g[32f](v128x32f,v128x32f,FpCmpMode~8u)                   | 56 48 83 ec 50 c5 f8 77 33 c0 48 89 44 24 40 48 89 44 24 48 48 8b f1 c5 f9 10 02 c4 c1 79 10 08 48 8d 4c 24 40 c5 f9 29 44 24 30 c5 f9 29 4c 24 20 48 8d 54 24 30 4c 8d 44 24 20 45 0f b6 c9 e8 04 22 16 ff c5 f9 28 44 24 40 c5 f9 11 06 48 8b c6 48 83 c4 50 5e c3 cc cc cc cc cc 19 05 02 00 05 92 01 60 40 00 00 00 38 4e 94 c8 f7 7f 00 00 56 48 83 ec 50 c5 f8 77 33 c0 48 89 44 24 40 48 89 44 24 48 48 8b f1 c5 f9 10 02 c4 c1 79 10 08 48 8d 4c 24 40 c5 f9 29 44 24 30 c5 f9 29 4c 24 20 48 8d 54 24 30 4c 8d 44 24 20 45 0f b6 c9 e8 8c 21 16 ff c5 f9 28 44 24 40 c5 f9 11 06 48 8b c6 48 83 c4 50 5e c3 cc cc cc cc cc 19 05 02 00 05 92 01 60 40 00 00 00 00 00 00 00 00 00 00
45        | 7ff7c85d7b50h   | 111     | hex://intrinsics/ginxsfp?cmp#cmp_g[64f](v128x64f,v128x64f,FpCmpMode~8u)                   | 56 48 83 ec 50 c5 f8 77 33 c0 48 89 44 24 40 48 89 44 24 48 48 8b f1 c5 f9 10 02 c4 c1 79 10 08 48 8d 4c 24 40 c5 f9 29 44 24 30 c5 f9 29 4c 24 20 48 8d 54 24 30 4c 8d 44 24 20 45 0f b6 c9 e8 8c 21 16 ff c5 f9 28 44 24 40 c5 f9 11 06 48 8b c6 48 83 c4 50 5e c3 cc cc cc cc cc 19 05 02 00 05 92 01 60 40 00 00 00 00 00 00 00 00 00 00
