Sequence  | Length  | Host                          | OpId                                                        | Address         | OpName        | OpSig                                                                           | Data
0         | 163     | intrinsics/dinxsfp            | load_(32f)                                                  | 7ff7c85e3360h   | load          | Vector128<float> load(float x)                                                  | c5 f8 77 66 90 c5 fa 11 4c 24 10 c5 fa 10 44 24 10 c5 f9 11 01 48 8b c1 c3 cc cc cc 19 00 00 00 40 00 00 00 00 00 00 00 a8 d0 93 c8 f7 7f 00 00 c5 f8 77 66 90 c5 fb 11 4c 24 10 c5 fb 10 44 24 10 c5 f9 11 01 48 8b c1 c3 cc cc cc 19 00 00 00 40 00 00 00 00 00 00 00 18 d1 93 c8 f7 7f 00 00 50 c5 f8 77 33 c0 89 44 24 04 c5 f8 57 c0 c5 fa 11 44 24 04 c5 f9 10 01 c5 fa 11 44 24 04 c5 fa 10 44 24 04 48 83 c4 08 c3 cc cc cc cc cc 00 00 19 01 01 00 01 02 00 00 40 00 00 00 00 00 00 00 00 00 00
1         | 115     | intrinsics/dinxsfp            | load_(64f)                                                  | 7ff7c85e3390h   | load          | Vector128<double> load(double x)                                                | c5 f8 77 66 90 c5 fb 11 4c 24 10 c5 fb 10 44 24 10 c5 f9 11 01 48 8b c1 c3 cc cc cc 19 00 00 00 40 00 00 00 00 00 00 00 18 d1 93 c8 f7 7f 00 00 50 c5 f8 77 33 c0 89 44 24 04 c5 f8 57 c0 c5 fa 11 44 24 04 c5 f9 10 01 c5 fa 11 44 24 04 c5 fa 10 44 24 04 48 83 c4 08 c3 cc cc cc cc cc 00 00 19 01 01 00 01 02 00 00 40 00 00 00 00 00 00 00 00 00 00
2         | 67      | intrinsics/dinxsfp            | store_(v128x32f)                                            | 7ff7c85e33c0h   | store         | float store(Vector128<float> src)                                               | 50 c5 f8 77 33 c0 89 44 24 04 c5 f8 57 c0 c5 fa 11 44 24 04 c5 f9 10 01 c5 fa 11 44 24 04 c5 fa 10 44 24 04 48 83 c4 08 c3 cc cc cc cc cc 00 00 19 01 01 00 01 02 00 00 40 00 00 00 00 00 00 00 00 00 00
3         | 103     | intrinsics/dinxsfp            | store_(v128x64f)                                            | 7ff7c85e3410h   | store         | double store(Vector128<double> src)                                             | 50 c5 f8 77 33 c0 48 89 04 24 c5 f8 57 c0 c5 fb 11 04 24 c5 f9 10 01 c5 fb 11 04 24 c5 fb 10 04 24 48 83 c4 08 c3 cc cc cc cc cc 00 19 01 01 00 01 02 00 00 40 00 00 00 e0 d1 93 c8 f7 7f 00 00 c5 f8 77 66 90 c5 f8 57 c0 c5 fb 2a c1 c5 f9 11 02 48 8b c2 c3 cc cc cc 19 00 00 00 40 00 00 00 00 00 00 00 00 00 00
4         | 39      | intrinsics/dinxsfp            | convert_(32i,v128x64f~out)                                  | 7ff7c85e3450h   | convert       | ref Vector128<double> convert(int x, out Vector128<double> dst)                 | c5 f8 77 66 90 c5 f8 57 c0 c5 fb 2a c1 c5 f9 11 02 48 8b c2 c3 cc cc cc 19 00 00 00 40 00 00 00 00 00 00 00 00 00 00
5         | 39      | intrinsics/dinxsfp            | convert_(32i,v128x32f~out)                                  | 7ff7c85e3480h   | convert       | ref Vector128<float> convert(int src, out Vector128<float> dst)                 | c5 f8 77 66 90 c5 f8 57 c0 c5 fa 2a c1 c5 f9 11 02 48 8b c2 c3 cc cc cc 19 00 00 00 40 00 00 00 00 00 00 00 00 00 00
6         | 39      | intrinsics/dinxsfp            | convert_(64i,v128x32f~out)                                  | 7ff7c85e34b0h   | convert       | ref Vector128<float> convert(long src, out Vector128<float> dst)                | c5 f8 77 66 90 c5 f8 57 c0 c4 e1 fa 2a c1 c5 f9 11 02 48 8b c2 c3 cc cc 19 00 00 00 40 00 00 00 00 00 00 00 00 00 00
7         | 35      | intrinsics/dinxsfp            | to32i_(32f)                                                 | 7ff7c85e34e0h   | to32i         | int to32i(float x)                                                              | c5 f8 77 66 90 c5 fa 11 44 24 08 c5 fa 2d 44 24 08 c3 cc cc 19 00 00 00 40 00 00 00 00 00 00 00 00 00 00
8         | 35      | intrinsics/dinxsfp            | to32i_(64f)                                                 | 7ff7c85e3510h   | to32i         | int to32i(double x)                                                             | c5 f8 77 66 90 c5 fb 11 44 24 08 c5 fb 2d 44 24 08 c3 cc cc 19 00 00 00 40 00 00 00 00 00 00 00 00 00 00
9         | 35      | intrinsics/dinxsfp            | to64i_(32f)                                                 | 7ff7c85e3540h   | to64i         | long to64i(float x)                                                             | c5 f8 77 66 90 c5 fa 11 44 24 08 c4 e1 fa 2d 44 24 08 c3 cc 19 00 00 00 40 00 00 00 00 00 00 00 00 00 00
10        | 35      | intrinsics/dinxsfp            | to64i_(64f)                                                 | 7ff7c85e3570h   | to64i         | long to64i(double x)                                                            | c5 f8 77 66 90 c5 fb 11 44 24 08 c4 e1 fb 2d 44 24 08 c3 cc 19 00 00 00 40 00 00 00 00 00 00 00 00 00 00
11        | 39      | intrinsics/dinxsfp            | add_(v128x32f,v128x32f)                                     | 7ff7c85e35a0h   | add           | Vector128<float> add(Vector128<float> x, Vector128<float> y)                    | c5 f8 77 66 90 c5 f9 10 02 c4 c1 7a 58 00 c5 f9 11 01 48 8b c1 c3 cc cc 19 00 00 00 40 00 00 00 00 00 00 00 00 00 00
12        | 39      | intrinsics/dinxsfp            | add_(v128x64f,v128x64f)                                     | 7ff7c85e35d0h   | add           | Vector128<double> add(Vector128<double> x, Vector128<double> y)                 | c5 f8 77 66 90 c5 f9 10 02 c4 c1 7b 58 00 c5 f9 11 01 48 8b c1 c3 cc cc 19 00 00 00 40 00 00 00 00 00 00 00 00 00 00
13        | 39      | intrinsics/dinxsfp            | mul_(v128x32f,v128x32f)                                     | 7ff7c85e3600h   | mul           | Vector128<float> mul(Vector128<float> x, Vector128<float> y)                    | c5 f8 77 66 90 c5 f9 10 02 c4 c1 7a 59 00 c5 f9 11 01 48 8b c1 c3 cc cc 19 00 00 00 40 00 00 00 00 00 00 00 00 00 00
14        | 39      | intrinsics/dinxsfp            | mul_(v128x64f,v128x64f)                                     | 7ff7c85e3630h   | mul           | Vector128<double> mul(Vector128<double> x, Vector128<double> y)                 | c5 f8 77 66 90 c5 f9 10 02 c4 c1 7b 59 00 c5 f9 11 01 48 8b c1 c3 cc cc 19 00 00 00 40 00 00 00 00 00 00 00 00 00 00
15        | 327     | intrinsics/dinxsfp            | fmadd_(v128x32f,v128x32f,v128x32f)                          | 7ff7c85e3660h   | fmadd         | Vector128<float> fmadd(Vector128<float> x, Vector128<float> y, Vector128<float> z)| c5 f8 77 66 90 c5 f9 10 02 c4 c1 79 10 08 c4 c2 71 a9 01 c5 f9 11 01 48 8b c1 c3 cc cc 00 00 00 19 00 00 00 40 00 00 00 a8 d6 93 c8 f7 7f 00 00 c5 f8 77 66 90 c5 f9 10 02 c4 c1 79 10 08 c4 c2 f1 a9 01 c5 f9 11 01 48 8b c1 c3 cc cc 00 00 00 19 00 00 00 40 00 00 00 20 d7 93 c8 f7 7f 00 00 c5 f8 77 66 90 c5 f9 10 02 c4 c1 79 10 08 c4 c2 71 ab 01 c5 f9 11 01 48 8b c1 c3 cc cc 00 00 00 19 00 00 00 40 00 00 00 98 d7 93 c8 f7 7f 00 00 c5 f8 77 66 90 c5 f9 10 02 c4 c1 79 10 08 c4 c2 f1 ab 01 c5 f9 11 01 48 8b c1 c3 cc cc 00 00 00 19 00 00 00 40 00 00 00 10 d8 93 c8 f7 7f 00 00 c5 f8 77 66 90 c5 f9 10 02 c4 c1 79 10 08 c4 c2 71 ad 01 c5 f9 11 01 48 8b c1 c3 cc cc 00 00 00 19 00 00 00 40 00 00 00 88 d8 93 c8 f7 7f 00 00 c5 f8 77 66 90 c5 f9 10 02 c4 c1 79 10 08 c4 c2 f1 ad 01 c5 f9 11 01 48 8b c1 c3 cc cc 00 00 00 19 00 00 00 40 00 00 00 00 d9 93 c8 f7 7f 00 00 c5 f8 77 66 90 c5 f9 10 02 c4 c1 7a 5e 00 c5 f9 11 01 48 8b c1 c3 cc cc 19 00 00 00 40 00 00 00 00 00 00 00 00 00 00
16        | 279     | intrinsics/dinxsfp            | fmadd_(v128x64f,v128x64f,v128x64f)                          | 7ff7c85e3690h   | fmadd         | Vector128<double> fmadd(Vector128<double> x, Vector128<double> y, Vector128<double> z)| c5 f8 77 66 90 c5 f9 10 02 c4 c1 79 10 08 c4 c2 f1 a9 01 c5 f9 11 01 48 8b c1 c3 cc cc 00 00 00 19 00 00 00 40 00 00 00 20 d7 93 c8 f7 7f 00 00 c5 f8 77 66 90 c5 f9 10 02 c4 c1 79 10 08 c4 c2 71 ab 01 c5 f9 11 01 48 8b c1 c3 cc cc 00 00 00 19 00 00 00 40 00 00 00 98 d7 93 c8 f7 7f 00 00 c5 f8 77 66 90 c5 f9 10 02 c4 c1 79 10 08 c4 c2 f1 ab 01 c5 f9 11 01 48 8b c1 c3 cc cc 00 00 00 19 00 00 00 40 00 00 00 10 d8 93 c8 f7 7f 00 00 c5 f8 77 66 90 c5 f9 10 02 c4 c1 79 10 08 c4 c2 71 ad 01 c5 f9 11 01 48 8b c1 c3 cc cc 00 00 00 19 00 00 00 40 00 00 00 88 d8 93 c8 f7 7f 00 00 c5 f8 77 66 90 c5 f9 10 02 c4 c1 79 10 08 c4 c2 f1 ad 01 c5 f9 11 01 48 8b c1 c3 cc cc 00 00 00 19 00 00 00 40 00 00 00 00 d9 93 c8 f7 7f 00 00 c5 f8 77 66 90 c5 f9 10 02 c4 c1 7a 5e 00 c5 f9 11 01 48 8b c1 c3 cc cc 19 00 00 00 40 00 00 00 00 00 00 00 00 00 00
17        | 231     | intrinsics/dinxsfp            | fmsub_(v128x32f,v128x32f,v128x32f)                          | 7ff7c85e36c0h   | fmsub         | Vector128<float> fmsub(Vector128<float> x, Vector128<float> y, Vector128<float> z)| c5 f8 77 66 90 c5 f9 10 02 c4 c1 79 10 08 c4 c2 71 ab 01 c5 f9 11 01 48 8b c1 c3 cc cc 00 00 00 19 00 00 00 40 00 00 00 98 d7 93 c8 f7 7f 00 00 c5 f8 77 66 90 c5 f9 10 02 c4 c1 79 10 08 c4 c2 f1 ab 01 c5 f9 11 01 48 8b c1 c3 cc cc 00 00 00 19 00 00 00 40 00 00 00 10 d8 93 c8 f7 7f 00 00 c5 f8 77 66 90 c5 f9 10 02 c4 c1 79 10 08 c4 c2 71 ad 01 c5 f9 11 01 48 8b c1 c3 cc cc 00 00 00 19 00 00 00 40 00 00 00 88 d8 93 c8 f7 7f 00 00 c5 f8 77 66 90 c5 f9 10 02 c4 c1 79 10 08 c4 c2 f1 ad 01 c5 f9 11 01 48 8b c1 c3 cc cc 00 00 00 19 00 00 00 40 00 00 00 00 d9 93 c8 f7 7f 00 00 c5 f8 77 66 90 c5 f9 10 02 c4 c1 7a 5e 00 c5 f9 11 01 48 8b c1 c3 cc cc 19 00 00 00 40 00 00 00 00 00 00 00 00 00 00
18        | 183     | intrinsics/dinxsfp            | fmsub_(v128x64f,v128x64f,v128x64f)                          | 7ff7c85e36f0h   | fmsub         | Vector128<double> fmsub(Vector128<double> x, Vector128<double> y, Vector128<double> z)| c5 f8 77 66 90 c5 f9 10 02 c4 c1 79 10 08 c4 c2 f1 ab 01 c5 f9 11 01 48 8b c1 c3 cc cc 00 00 00 19 00 00 00 40 00 00 00 10 d8 93 c8 f7 7f 00 00 c5 f8 77 66 90 c5 f9 10 02 c4 c1 79 10 08 c4 c2 71 ad 01 c5 f9 11 01 48 8b c1 c3 cc cc 00 00 00 19 00 00 00 40 00 00 00 88 d8 93 c8 f7 7f 00 00 c5 f8 77 66 90 c5 f9 10 02 c4 c1 79 10 08 c4 c2 f1 ad 01 c5 f9 11 01 48 8b c1 c3 cc cc 00 00 00 19 00 00 00 40 00 00 00 00 d9 93 c8 f7 7f 00 00 c5 f8 77 66 90 c5 f9 10 02 c4 c1 7a 5e 00 c5 f9 11 01 48 8b c1 c3 cc cc 19 00 00 00 40 00 00 00 00 00 00 00 00 00 00
19        | 135     | intrinsics/dinxsfp            | fnmadd_(v128x32f,v128x32f,v128x32f)                         | 7ff7c85e3720h   | fnmadd        | Vector128<float> fnmadd(Vector128<float> x, Vector128<float> y, Vector128<float> z)| c5 f8 77 66 90 c5 f9 10 02 c4 c1 79 10 08 c4 c2 71 ad 01 c5 f9 11 01 48 8b c1 c3 cc cc 00 00 00 19 00 00 00 40 00 00 00 88 d8 93 c8 f7 7f 00 00 c5 f8 77 66 90 c5 f9 10 02 c4 c1 79 10 08 c4 c2 f1 ad 01 c5 f9 11 01 48 8b c1 c3 cc cc 00 00 00 19 00 00 00 40 00 00 00 00 d9 93 c8 f7 7f 00 00 c5 f8 77 66 90 c5 f9 10 02 c4 c1 7a 5e 00 c5 f9 11 01 48 8b c1 c3 cc cc 19 00 00 00 40 00 00 00 00 00 00 00 00 00 00
20        | 87      | intrinsics/dinxsfp            | fnmadd_(v128x64f,v128x64f,v128x64f)                         | 7ff7c85e3750h   | fnmadd        | Vector128<double> fnmadd(Vector128<double> x, Vector128<double> y, Vector128<double> z)| c5 f8 77 66 90 c5 f9 10 02 c4 c1 79 10 08 c4 c2 f1 ad 01 c5 f9 11 01 48 8b c1 c3 cc cc 00 00 00 19 00 00 00 40 00 00 00 00 d9 93 c8 f7 7f 00 00 c5 f8 77 66 90 c5 f9 10 02 c4 c1 7a 5e 00 c5 f9 11 01 48 8b c1 c3 cc cc 19 00 00 00 40 00 00 00 00 00 00 00 00 00 00
21        | 39      | intrinsics/dinxsfp            | div_(v128x32f,v128x32f)                                     | 7ff7c85e3780h   | div           | Vector128<float> div(Vector128<float> x, Vector128<float> y)                    | c5 f8 77 66 90 c5 f9 10 02 c4 c1 7a 5e 00 c5 f9 11 01 48 8b c1 c3 cc cc 19 00 00 00 40 00 00 00 00 00 00 00 00 00 00
22        | 39      | intrinsics/dinxsfp            | div_(v128x64f,v128x64f)                                     | 7ff7c85e37b0h   | div           | Vector128<double> div(Vector128<double> x, Vector128<double> y)                 | c5 f8 77 66 90 c5 f9 10 02 c4 c1 7b 5e 00 c5 f9 11 01 48 8b c1 c3 cc cc 19 00 00 00 40 00 00 00 00 00 00 00 00 00 00
23        | 39      | intrinsics/dinxsfp            | sub_(v128x32f,v128x32f)                                     | 7ff7c85e37e0h   | sub           | Vector128<float> sub(Vector128<float> x, Vector128<float> y)                    | c5 f8 77 66 90 c5 f9 10 02 c4 c1 7a 5c 00 c5 f9 11 01 48 8b c1 c3 cc cc 19 00 00 00 40 00 00 00 00 00 00 00 00 00 00
24        | 39      | intrinsics/dinxsfp            | sub_(v128x64f,v128x64f)                                     | 7ff7c85e3810h   | sub           | Vector128<double> sub(Vector128<double> x, Vector128<double> y)                 | c5 f8 77 66 90 c5 f9 10 02 c4 c1 7b 5c 00 c5 f9 11 01 48 8b c1 c3 cc cc 19 00 00 00 40 00 00 00 00 00 00 00 00 00 00
25        | 39      | intrinsics/dinxsfp            | max_(v128x32f,v128x32f)                                     | 7ff7c85e3840h   | max           | Vector128<float> max(Vector128<float> x, Vector128<float> y)                    | c5 f8 77 66 90 c5 f9 10 02 c4 c1 7a 5f 00 c5 f9 11 01 48 8b c1 c3 cc cc 19 00 00 00 40 00 00 00 00 00 00 00 00 00 00
26        | 39      | intrinsics/dinxsfp            | max_(v128x64f,v128x64f)                                     | 7ff7c85e3870h   | max           | Vector128<double> max(Vector128<double> x, Vector128<double> y)                 | c5 f8 77 66 90 c5 f9 10 02 c4 c1 7b 5f 00 c5 f9 11 01 48 8b c1 c3 cc cc 19 00 00 00 40 00 00 00 00 00 00 00 00 00 00
27        | 39      | intrinsics/dinxsfp            | min_(v128x32f,v128x32f)                                     | 7ff7c85e38a0h   | min           | Vector128<float> min(Vector128<float> x, Vector128<float> y)                    | c5 f8 77 66 90 c5 f9 10 02 c4 c1 7a 5d 00 c5 f9 11 01 48 8b c1 c3 cc cc 19 00 00 00 40 00 00 00 00 00 00 00 00 00 00
28        | 39      | intrinsics/dinxsfp            | min_(v128x64f,v128x64f)                                     | 7ff7c85e38d0h   | min           | Vector128<double> min(Vector128<double> x, Vector128<double> y)                 | c5 f8 77 66 90 c5 f9 10 02 c4 c1 7b 5d 00 c5 f9 11 01 48 8b c1 c3 cc cc 19 00 00 00 40 00 00 00 00 00 00 00 00 00 00
29        | 231     | intrinsics/dinxsfp            | eq_(v128x32f,v128x32f)                                      | 7ff7c85e3900h   | eq            | bool eq(Vector128<float> x, Vector128<float> y)                                 | c5 f8 77 66 90 c5 f9 10 01 c5 f8 2e 02 0f 9b c2 0f 94 c0 22 c2 0f b6 d0 8b c2 c3 cc cc 00 00 00 19 00 00 00 40 00 00 00 e8 dc 93 c8 f7 7f 00 00 c5 f8 77 66 90 c5 f9 10 01 c5 f9 2e 02 0f 9b c2 0f 94 c0 22 c2 0f b6 d0 8b c2 c3 cc cc 00 00 00 19 00 00 00 40 00 00 00 50 dd 93 c8 f7 7f 00 00 c5 f8 77 66 90 c5 f9 10 01 c5 f8 2f 02 0f 9a c2 0f 95 c0 0a c2 0f b6 d0 8b c2 c3 cc cc 00 00 00 19 00 00 00 40 00 00 00 b8 dd 93 c8 f7 7f 00 00 c5 f8 77 66 90 c5 f9 10 01 c5 f9 2f 02 0f 9a c2 0f 95 c0 0a c2 0f b6 d0 8b c2 c3 cc cc 00 00 00 19 00 00 00 40 00 00 00 20 de 93 c8 f7 7f 00 00 c5 f8 77 66 90 c5 f9 10 01 c5 f8 2f 02 0f 97 c0 0f b6 c0 c3 cc cc 00 00 19 00 00 00 40 00 00 00 00 00 00 00 00 00 00
30        | 183     | intrinsics/dinxsfp            | eq_(v128x64f,v128x64f)                                      | 7ff7c85e3930h   | eq            | bool eq(Vector128<double> x, Vector128<double> y)                               | c5 f8 77 66 90 c5 f9 10 01 c5 f9 2e 02 0f 9b c2 0f 94 c0 22 c2 0f b6 d0 8b c2 c3 cc cc 00 00 00 19 00 00 00 40 00 00 00 50 dd 93 c8 f7 7f 00 00 c5 f8 77 66 90 c5 f9 10 01 c5 f8 2f 02 0f 9a c2 0f 95 c0 0a c2 0f b6 d0 8b c2 c3 cc cc 00 00 00 19 00 00 00 40 00 00 00 b8 dd 93 c8 f7 7f 00 00 c5 f8 77 66 90 c5 f9 10 01 c5 f9 2f 02 0f 9a c2 0f 95 c0 0a c2 0f b6 d0 8b c2 c3 cc cc 00 00 00 19 00 00 00 40 00 00 00 20 de 93 c8 f7 7f 00 00 c5 f8 77 66 90 c5 f9 10 01 c5 f8 2f 02 0f 97 c0 0f b6 c0 c3 cc cc 00 00 19 00 00 00 40 00 00 00 00 00 00 00 00 00 00
31        | 135     | intrinsics/dinxsfp            | neq_(v128x32f,v128x32f)                                     | 7ff7c85e3960h   | neq           | bool neq(Vector128<float> x, Vector128<float> y)                                | c5 f8 77 66 90 c5 f9 10 01 c5 f8 2f 02 0f 9a c2 0f 95 c0 0a c2 0f b6 d0 8b c2 c3 cc cc 00 00 00 19 00 00 00 40 00 00 00 b8 dd 93 c8 f7 7f 00 00 c5 f8 77 66 90 c5 f9 10 01 c5 f9 2f 02 0f 9a c2 0f 95 c0 0a c2 0f b6 d0 8b c2 c3 cc cc 00 00 00 19 00 00 00 40 00 00 00 20 de 93 c8 f7 7f 00 00 c5 f8 77 66 90 c5 f9 10 01 c5 f8 2f 02 0f 97 c0 0f b6 c0 c3 cc cc 00 00 19 00 00 00 40 00 00 00 00 00 00 00 00 00 00
32        | 87      | intrinsics/dinxsfp            | neq_(v128x64f,v128x64f)                                     | 7ff7c85e3990h   | neq           | bool neq(Vector128<double> x, Vector128<double> y)                              | c5 f8 77 66 90 c5 f9 10 01 c5 f9 2f 02 0f 9a c2 0f 95 c0 0a c2 0f b6 d0 8b c2 c3 cc cc 00 00 00 19 00 00 00 40 00 00 00 20 de 93 c8 f7 7f 00 00 c5 f8 77 66 90 c5 f9 10 01 c5 f8 2f 02 0f 97 c0 0f b6 c0 c3 cc cc 00 00 19 00 00 00 40 00 00 00 00 00 00 00 00 00 00
33        | 39      | intrinsics/dinxsfp            | gt_(v128x32f,v128x32f)                                      | 7ff7c85e39c0h   | gt            | bool gt(Vector128<float> x, Vector128<float> y)                                 | c5 f8 77 66 90 c5 f9 10 01 c5 f8 2f 02 0f 97 c0 0f b6 c0 c3 cc cc 00 00 19 00 00 00 40 00 00 00 00 00 00 00 00 00 00
34        | 39      | intrinsics/dinxsfp            | gt_(v128x64f,v128x64f)                                      | 7ff7c85e39f0h   | gt            | bool gt(Vector128<double> x, Vector128<double> y)                               | c5 f8 77 66 90 c5 f9 10 01 c5 f9 2f 02 0f 97 c0 0f b6 c0 c3 cc cc 00 00 19 00 00 00 40 00 00 00 00 00 00 00 00 00 00
35        | 39      | intrinsics/dinxsfp            | gteq_(v128x32f,v128x32f)                                    | 7ff7c85e3a20h   | gteq          | bool gteq(Vector128<float> x, Vector128<float> y)                               | c5 f8 77 66 90 c5 f9 10 01 c5 f8 2f 02 0f 93 c0 0f b6 c0 c3 cc cc 00 00 19 00 00 00 40 00 00 00 00 00 00 00 00 00 00
36        | 39      | intrinsics/dinxsfp            | gteq_(v128x64f,v128x64f)                                    | 7ff7c85e3a50h   | gteq          | bool gteq(Vector128<double> x, Vector128<double> y)                             | c5 f8 77 66 90 c5 f9 10 01 c5 f9 2f 02 0f 93 c0 0f b6 c0 c3 cc cc 00 00 19 00 00 00 40 00 00 00 00 00 00 00 00 00 00
37        | 67      | intrinsics/dinxsfp            | ngt_(v128x32f,v128x32f)                                     | 7ff7c85e3a80h   | ngt           | bool ngt(Vector128<float> x, Vector128<float> y)                                | 50 c5 f8 77 90 c5 f9 10 01 c5 fa c2 02 02 c5 fa 11 44 24 04 8b 44 24 04 25 ff ff ff 7f 3d 00 00 80 7f 0f 9f c0 0f b6 c0 48 83 c4 08 c3 cc cc cc 19 01 01 00 01 02 00 00 40 00 00 00 00 00 00 00 00 00 00
38        | 83      | intrinsics/dinxsfp            | ngt_(v128x64f,v128x64f)                                     | 7ff7c85e3ad0h   | ngt           | bool ngt(Vector128<double> x, Vector128<double> y)                              | 50 c5 f8 77 90 c5 f9 10 01 c5 fb c2 02 02 c5 fb 11 04 24 48 8b 04 24 48 ba ff ff ff ff ff ff ff 7f 48 23 c2 48 ba 00 00 00 00 00 00 f0 7f 48 3b c2 0f 9f c0 0f b6 c0 48 83 c4 08 c3 cc cc cc 00 19 01 01 00 01 02 00 00 40 00 00 00 00 00 00 00 00 00 00
39        | 39      | intrinsics/dinxsfp            | lt_(v128x32f,v128x32f)                                      | 7ff7c85e3b30h   | lt            | bool lt(Vector128<float> x, Vector128<float> y)                                 | c5 f8 77 66 90 c5 f9 10 02 c5 f8 2f 01 0f 97 c0 0f b6 c0 c3 cc cc 00 00 19 00 00 00 40 00 00 00 00 00 00 00 00 00 00
40        | 39      | intrinsics/dinxsfp            | lt_(v128x64f,v128x64f)                                      | 7ff7c85e3b60h   | lt            | bool lt(Vector128<double> x, Vector128<double> y)                               | c5 f8 77 66 90 c5 f9 10 02 c5 f9 2f 01 0f 97 c0 0f b6 c0 c3 cc cc 00 00 19 00 00 00 40 00 00 00 00 00 00 00 00 00 00
41        | 67      | intrinsics/dinxsfp            | nlt_(v128x32f,v128x32f)                                     | 7ff7c85e3b90h   | nlt           | bool nlt(Vector128<float> x, Vector128<float> y)                                | 50 c5 f8 77 90 c5 f9 10 01 c5 fa c2 02 05 c5 fa 11 44 24 04 8b 44 24 04 25 ff ff ff 7f 3d 00 00 80 7f 0f 9f c0 0f b6 c0 48 83 c4 08 c3 cc cc cc 19 01 01 00 01 02 00 00 40 00 00 00 00 00 00 00 00 00 00
42        | 83      | intrinsics/dinxsfp            | nlt_(v128x64f,v128x64f)                                     | 7ff7c85e3be0h   | nlt           | bool nlt(Vector128<double> x, Vector128<double> y)                              | 50 c5 f8 77 90 c5 f9 10 01 c5 fb c2 02 05 c5 fb 11 04 24 48 8b 04 24 48 ba ff ff ff ff ff ff ff 7f 48 23 c2 48 ba 00 00 00 00 00 00 f0 7f 48 3b c2 0f 9f c0 0f b6 c0 48 83 c4 08 c3 cc cc cc 00 19 01 01 00 01 02 00 00 40 00 00 00 00 00 00 00 00 00 00
43        | 39      | intrinsics/dinxsfp            | lteq_(v128x32f,v128x32f)                                    | 7ff7c85e3c40h   | lteq          | bool lteq(Vector128<float> x, Vector128<float> y)                               | c5 f8 77 66 90 c5 f9 10 02 c5 f8 2e 01 0f 93 c0 0f b6 c0 c3 cc cc 00 00 19 00 00 00 40 00 00 00 00 00 00 00 00 00 00
44        | 39      | intrinsics/dinxsfp            | lteq_(v128x64f,v128x64f)                                    | 7ff7c85e3c70h   | lteq          | bool lteq(Vector128<double> x, Vector128<double> y)                             | c5 f8 77 66 90 c5 f9 10 02 c5 f9 2e 01 0f 93 c0 0f b6 c0 c3 cc cc 00 00 19 00 00 00 40 00 00 00 00 00 00 00 00 00 00
45        | 87      | intrinsics/dinxsfp            | cmp_(v128x32f,v128x32f,FpCmpMode~8u)                        | 7ff7c85e3ca0h   | cmp           | Vector128<float> cmp(Vector128<float> x, Vector128<float> y, FpCmpMode:byte mode)| 56 48 83 ec 40 c5 f8 77 48 8b f1 c5 f9 10 02 c4 c1 79 10 08 48 8b ce c5 f9 29 44 24 30 c5 f9 29 4c 24 20 48 8d 54 24 30 4c 8d 44 24 20 45 0f b6 c9 e8 52 60 16 ff 48 8b c6 48 83 c4 40 5e c3 cc cc cc 00 00 19 05 02 00 05 72 01 60 40 00 00 00 00 00 00 00 00 00 00
46        | 87      | intrinsics/dinxsfp            | cmp_(v128x64f,v128x64f,FpCmpMode~8u)                        | 7ff7c85e3d00h   | cmp           | Vector128<double> cmp(Vector128<double> x, Vector128<double> y, FpCmpMode:byte mode)| 56 48 83 ec 40 c5 f8 77 48 8b f1 c5 f9 10 02 c4 c1 79 10 08 48 8b ce c5 f9 29 44 24 30 c5 f9 29 4c 24 20 48 8d 54 24 30 4c 8d 44 24 20 45 0f b6 c9 e8 ea 5f 16 ff 48 8b c6 48 83 c4 40 5e c3 cc cc cc 00 00 19 05 02 00 05 72 01 60 40 00 00 00 00 00 00 00 00 00 00
47        | 231     | intrinsics/dinxsfp            | ceil_(v128x32f)                                             | 7ff7c85e3d60h   | ceil          | Vector128<float> ceil(Vector128<float> x)                                       | c5 f8 77 66 90 c5 f9 10 02 c4 e3 79 0a c0 0a c5 f9 11 01 48 8b c1 c3 cc cc 00 00 00 19 00 00 00 40 00 00 00 00 00 00 00 a8 e4 93 c8 f7 7f 00 00 c5 f8 77 66 90 c5 f9 10 02 c4 e3 79 0b c0 0a c5 f9 11 01 48 8b c1 c3 cc cc 00 00 00 19 00 00 00 40 00 00 00 00 00 00 00 00 e5 93 c8 f7 7f 00 00 c5 f8 77 66 90 c5 f9 10 02 c4 e3 79 0a c0 0a c5 f9 11 01 48 8b c1 c3 cc cc 00 00 00 19 00 00 00 40 00 00 00 00 00 00 00 58 e5 93 c8 f7 7f 00 00 c5 f8 77 66 90 c5 f9 10 02 c4 e3 79 0b c0 0a c5 f9 11 01 48 8b c1 c3 cc cc 00 00 00 19 00 00 00 40 00 00 00 00 00 00 00 c8 e5 93 c8 f7 7f 00 00 c5 f8 77 66 90 c5 f9 10 02 c5 fa 53 c0 c5 f9 11 01 48 8b c1 c3 cc cc cc 19 00 00 00 40 00 00 00 00 00 00 00 00 00 00
48        | 183     | intrinsics/dinxsfp            | ceil_(v128x64f)                                             | 7ff7c85e3d90h   | ceil          | Vector128<double> ceil(Vector128<double> x)                                     | c5 f8 77 66 90 c5 f9 10 02 c4 e3 79 0b c0 0a c5 f9 11 01 48 8b c1 c3 cc cc 00 00 00 19 00 00 00 40 00 00 00 00 00 00 00 00 e5 93 c8 f7 7f 00 00 c5 f8 77 66 90 c5 f9 10 02 c4 e3 79 0a c0 0a c5 f9 11 01 48 8b c1 c3 cc cc 00 00 00 19 00 00 00 40 00 00 00 00 00 00 00 58 e5 93 c8 f7 7f 00 00 c5 f8 77 66 90 c5 f9 10 02 c4 e3 79 0b c0 0a c5 f9 11 01 48 8b c1 c3 cc cc 00 00 00 19 00 00 00 40 00 00 00 00 00 00 00 c8 e5 93 c8 f7 7f 00 00 c5 f8 77 66 90 c5 f9 10 02 c5 fa 53 c0 c5 f9 11 01 48 8b c1 c3 cc cc cc 19 00 00 00 40 00 00 00 00 00 00 00 00 00 00
49        | 135     | intrinsics/dinxsfp            | floor_(v128x32f)                                            | 7ff7c85e3dc0h   | floor         | Vector128<float> floor(Vector128<float> x)                                      | c5 f8 77 66 90 c5 f9 10 02 c4 e3 79 0a c0 0a c5 f9 11 01 48 8b c1 c3 cc cc 00 00 00 19 00 00 00 40 00 00 00 00 00 00 00 58 e5 93 c8 f7 7f 00 00 c5 f8 77 66 90 c5 f9 10 02 c4 e3 79 0b c0 0a c5 f9 11 01 48 8b c1 c3 cc cc 00 00 00 19 00 00 00 40 00 00 00 00 00 00 00 c8 e5 93 c8 f7 7f 00 00 c5 f8 77 66 90 c5 f9 10 02 c5 fa 53 c0 c5 f9 11 01 48 8b c1 c3 cc cc cc 19 00 00 00 40 00 00 00 00 00 00 00 00 00 00
50        | 87      | intrinsics/dinxsfp            | floor_(v128x64f)                                            | 7ff7c85e3df0h   | floor         | Vector128<double> floor(Vector128<double> x)                                    | c5 f8 77 66 90 c5 f9 10 02 c4 e3 79 0b c0 0a c5 f9 11 01 48 8b c1 c3 cc cc 00 00 00 19 00 00 00 40 00 00 00 00 00 00 00 c8 e5 93 c8 f7 7f 00 00 c5 f8 77 66 90 c5 f9 10 02 c5 fa 53 c0 c5 f9 11 01 48 8b c1 c3 cc cc cc 19 00 00 00 40 00 00 00 00 00 00 00 00 00 00
51        | 39      | intrinsics/dinxsfp            | rcp_(v128x32f)                                              | 7ff7c85e3e20h   | rcp           | Vector128<float> rcp(Vector128<float> x)                                        | c5 f8 77 66 90 c5 f9 10 02 c5 fa 53 c0 c5 f9 11 01 48 8b c1 c3 cc cc cc 19 00 00 00 40 00 00 00 00 00 00 00 00 00 00
52        | 39      | intrinsics/dinxsfp            | sqrt_(v128x32f)                                             | 7ff7c85e3e50h   | sqrt          | Vector128<float> sqrt(Vector128<float> x)                                       | c5 f8 77 66 90 c5 f9 10 02 c5 fa 51 c0 c5 f9 11 01 48 8b c1 c3 cc cc cc 19 00 00 00 40 00 00 00 00 00 00 00 00 00 00
53        | 39      | intrinsics/dinxsfp            | sqrt_(v128x64f)                                             | 7ff7c85e3e80h   | sqrt          | Vector128<double> sqrt(Vector128<double> x)                                     | c5 f8 77 66 90 c5 f9 10 02 c5 fb 51 c0 c5 f9 11 01 48 8b c1 c3 cc cc cc 19 00 00 00 40 00 00 00 00 00 00 00 00 00 00
54        | 39      | intrinsics/dinxsfp            | rsqrt_(v128x32f~ref)                                        | 7ff7c85e3eb0h   | rsqrt         | ref Vector128<float> rsqrt(ref Vector128<float> x)                              | c5 f8 77 66 90 c5 f9 10 01 c5 fa 52 c0 c5 f9 11 01 48 8b c1 c3 cc cc cc 19 00 00 00 40 00 00 00 00 00 00 00 00 00 00
55        | 103     | intrinsics/dinxsfp            | IsNaN_(v128x32f,32i)                                        | 7ff7c85e3ee0h   | IsNaN         | bool IsNaN(Vector128<float> x, int index)                                       | 48 83 ec 48 c5 f8 77 c5 f9 10 01 c5 f9 29 44 24 30 83 fa 04 73 2c 48 8d 44 24 30 48 63 ca c5 fa 10 04 88 c5 fa 11 44 24 2c 8b 44 24 2c 25 ff ff ff 7f 3d 00 00 80 7f 0f 9f c0 0f b6 c0 48 83 c4 48 c3 b9 15 00 00 00 e8 94 12 17 ff cc cc cc cc cc 00 00 00 19 04 01 00 04 82 00 00 40 00 00 00 00 00 00 00 00 00 00
56        | 119     | intrinsics/dinxsfp            | IsNaN_(v128x64f,32i)                                        | 7ff7c85e3f50h   | IsNaN         | bool IsNaN(Vector128<double> x, int index)                                      | 48 83 ec 48 c5 f8 77 c5 f9 10 01 c5 f9 29 44 24 30 83 fa 02 73 3d 48 8d 44 24 30 48 63 ca c5 fb 10 04 c8 c5 fb 11 44 24 28 48 8b 44 24 28 48 b9 ff ff ff ff ff ff ff 7f 48 23 c1 48 b9 00 00 00 00 00 00 f0 7f 48 3b c1 0f 9f c0 0f b6 c0 48 83 c4 48 c3 b9 15 00 00 00 e8 13 12 17 ff cc cc cc cc cc 00 00 19 04 01 00 04 82 00 00 40 00 00 00 00 00 00 00 00 00 00
57        | 27      | intrinsics/dinxsfp            | fpmode_(FpCmpMode~8u)                                       | 7ff7c85e3fd0h   | fpmode        | FloatComparisonMode:byte fpmode(FpCmpMode:byte m)                               | 0f 1f 44 00 00 0f b6 c1 c3 00 00 00 19 00 00 00 40 00 00 00 00 00 00 00 00 00 00
