Sequence  | Address         | Length  | Host                          | OpId                                                        | OpName        | OpSig                                                                           | Data
0         | 7ff7c77530c0h   | 3424    | root/Numeric                  | kind_()                                                     | kind          | NumericKind:uint kind(Type t)                                                   | 56 48 83 ec 20 48 8b f1 48 8b ce 48 8b 06 48 8b 40 70 ff 50 30 85 c0 75 12 48 8b ce e8 87 6c ff ff 48 8b c8 e8 67 de fd ff eb 02 33 c0 83 c0 fb 83 f8 09 77 5e 8b c0 48 8d 15 62 00 00 00 8b 14 82 48 8d 0d c0 ff ff ff 48 03 d1 ff e2 b8 08 00 02 80 eb 41 b8 08 00 01 20 eb 3a b8 10 00 08 80 eb 33 b8 10 00 04 20 eb 2c b8 20 00 20 80 eb 25 b8 20 00 10 20 eb 1e b8 40 00 80 80 eb 17 b8 40 00 40 20 eb 10 b8 20 00 00 42 eb 09 b8 40 00 00 44 eb 02 33 c0 48 83 c4 20 5e c3 00 00 00 00 00 45 00 00 00 4c 00 00 00 53 00 00 00 5a 00 00 00 61 00 00 00 68 00 00 00 6f 00 00 00 76 00 00 00 7d 00 00 00 84 00 00 00 19 05 02 00 05 32 01 60 40 00 00 00 00 00 00 00 88 4c 96 c7 f7 7f 00 00 56 48 83 ec 20 48 8b f1 48 8b ce 48 8b 06 48 8b 40 58 ff 50 20 48 8b c8 48 8b 00 48 8b 40 58 ff 50 38 85 c0 75 09 48 8b c6 48 83 c4 20 5e c3 48 8b ce 48 8b 06 48 8b 40 68 48 8b 40 18 48 83 c4 20 5e 48 ff e0 00 00 00 19 05 02 00 05 32 01 60 40 00 00 00 00 00 00 00 02 00 00 00 00 00 00 00 e8 3b 24 b1 5f 5e 00 7f e8 33 24 b1 5f 5e 02 7e e8 2b 24 b1 5f 5e 04 7d e8 23 24 b1 5f 5e 06 7c e8 1b 24 b1 5f 5e 08 7b e8 13 24 b1 5f 5e 0a 7a e8 0b 24 b1 5f 5e 0c 79 e8 03 24 b1 5f 5e 0e 78 e8 fb 23 b1 5f 5e 10 77 e8 f3 23 b1 5f 5e 12 76 e8 eb 23 b1 5f 5e 14 75 e8 e3 23 b1 5f 5e 16 74 e8 db 23 b1 5f 5e 18 73 e8 d3 23 b1 5f 5e 1a 72 e8 cb 23 b1 5f 5e 1c 71 e8 c3 23 b1 5f 5e 1e 70 e8 bb 23 b1 5f 5e 20 6f e8 b3 23 b1 5f 5e 22 6e e8 ab 23 b1 5f 5e 24 6d e8 a3 23 b1 5f 5e 26 6c e8 9b 23 b1 5f 5e 28 6b e8 93 23 b1 5f 5e 2a 6a e8 8b 23 b1 5f 5e 2c 69 e8 83 23 b1 5f 5e 2e 68 e8 7b 23 b1 5f 5e 30 67 e8 73 23 b1 5f 5e 32 66 e8 6b 23 b1 5f 5e 34 65 e8 63 23 b1 5f 5e 36 64 e8 5b 23 b1 5f 5e 38 63 e8 53 23 b1 5f 5e 3a 62 e8 4b 23 b1 5f 5e 3c 61 e8 43 23 b1 5f 5e 3e 60 e8 3b 23 b1 5f 5e 40 5f e8 33 23 b1 5f 5e 42 5e e8 2b 23 b1 5f 5e 44 5d e8 23 23 b1 5f 5e 46 5c e8 1b 23 b1 5f 5e 48 5b e8 13 23 b1 5f 5e 4a 5a e8 0b 23 b1 5f 5e 4c 59 e8 03 23 b1 5f 5e 4e 58 e8 fb 22 b1 5f 5e 50 57 e8 f3 22 b1 5f 5e 52 56 e8 eb 22 b1 5f 5e 54 55 e8 e3 22 b1 5f 5e 56 54 e8 db 22 b1 5f 5e 58 53 e8 d3 22 b1 5f 5e 5a 52 e8 cb 22 b1 5f 5e 5c 51 e8 c3 22 b1 5f 5e 5e 50 e8 bb 22 b1 5f 5e 60 4f e8 b3 22 b1 5f 5e 62 4e e8 ab 22 b1 5f 5e 64 4d e8 a3 22 b1 5f 5e 66 4c e8 9b 22 b1 5f 5e 68 4b e8 93 22 b1 5f 5e 6a 4a e8 8b 22 b1 5f 5e 6c 49 e8 83 22 b1 5f 5e 6e 48 e8 7b 22 b1 5f 5e 70 47 e8 73 22 b1 5f 5e 72 46 e8 6b 22 b1 5f 5e 74 45 e8 63 22 b1 5f 5e 76 44 e8 5b 22 b1 5f 5e 78 43 e8 53 22 b1 5f 5e 7a 42 e8 4b 22 b1 5f 5e 7c 41 e8 43 22 b1 5f 5e 7e 40 e8 3b 22 b1 5f 5e 80 3f e8 33 22 b1 5f 5e 82 3e e8 2b 22 b1 5f 5e 84 3d e8 23 22 b1 5f 5e 86 3c e8 1b 22 b1 5f 5e 88 3b e8 13 22 b1 5f 5e 8a 3a e8 0b 22 b1 5f 5e 8c 39 e8 03 22 b1 5f 5e 8e 38 e8 fb 21 b1 5f 5e 90 37 e8 f3 21 b1 5f 5e 92 36 e8 eb 21 b1 5f 5e 94 35 e8 e3 21 b1 5f 5e 96 34 e8 db 21 b1 5f 5e 98 33 e8 d3 21 b1 5f 5e 9a 32 e8 cb 21 b1 5f 5e 9c 31 e8 c3 21 b1 5f 5e 9e 30 e8 bb 21 b1 5f 5e a0 2f e8 b3 21 b1 5f 5e a2 2e e8 ab 21 b1 5f 5e a4 2d e8 a3 21 b1 5f 5e a6 2c e8 9b 21 b1 5f 5e a8 2b e8 93 21 b1 5f 5e aa 2a e8 8b 21 b1 5f 5e ac 29 e8 83 21 b1 5f 5e ae 28 e8 7b 21 b1 5f 5e b0 27 e8 73 21 b1 5f 5e b2 26 e8 6b 21 b1 5f 5e b4 25 e8 63 21 b1 5f 5e b6 24 e8 5b 21 b1 5f 5e b8 23 e8 53 21 b1 5f 5e ba 22 e8 4b 21 b1 5f 5e bc 21 e8 43 21 b1 5f 5e be 20 e8 3b 21 b1 5f 5e c0 1f e8 33 21 b1 5f 5e c2 1e e8 2b 21 b1 5f 5e c4 1d e8 23 21 b1 5f 5e c6 1c e8 1b 21 b1 5f 5e c8 1b e8 13 21 b1 5f 5e ca 1a e8 0b 21 b1 5f 5e cc 19 e8 03 21 b1 5f 5e ce 18 e8 fb 20 b1 5f 5e d0 17 e8 f3 20 b1 5f 5e d2 16 e8 eb 20 b1 5f 5e d4 15 e8 e3 20 b1 5f 5e d6 14 e8 db 20 b1 5f 5e d8 13 e8 d3 20 b1 5f 5e da 12 e8 cb 20 b1 5f 5e dc 11 e8 c3 20 b1 5f 5e de 10 e8 bb 20 b1 5f 5e e0 0f e8 b3 20 b1 5f 5e e2 0e e8 ab 20 b1 5f 5e e4 0d e8 a3 20 b1 5f 5e e6 0c e8 9b 20 b1 5f 5e e8 0b e8 93 20 b1 5f 5e ea 0a e8 8b 20 b1 5f 5e ec 09 e8 83 20 b1 5f 5e ee 08 e8 7b 20 b1 5f 5e f0 07 e8 73 20 b1 5f 5e f2 06 e8 6b 20 b1 5f 5e f4 05 e8 63 20 b1 5f 5e f6 04 e8 5b 20 b1 5f 5e f8 03 e8 53 20 b1 5f 5e fa 02 e8 4b 20 b1 5f 5e fc 01 e8 43 20 b1 5f 5e fe 00 78 82 95 c7 f7 7f 00 00 02 00 00 00 00 00 00 00 e8 2b 20 b1 5f 5e 00 7f e8 23 20 b1 5f 5e 02 7e e8 1b 20 b1 5f 5e 04 7d e8 13 20 b1 5f 5e 06 7c e8 0b 20 b1 5f 5e 08 7b e8 03 20 b1 5f 5e 0a 7a e9 2b dd 5c 4f 5f 0c 79 e8 f3 1f b1 5f 5e 0e 78 e8 eb 1f b1 5f 5e 10 77 e8 e3 1f b1 5f 5e 12 76 e8 db 1f b1 5f 5e 14 75 e8 d3 1f b1 5f 5e 16 74 e8 cb 1f b1 5f 5e 18 73 e8 c3 1f b1 5f 5e 1a 72 e8 bb 1f b1 5f 5e 1c 71 e8 b3 1f b1 5f 5e 1e 70 e8 ab 1f b1 5f 5e 20 6f e8 a3 1f b1 5f 5e 22 6e e8 9b 1f b1 5f 5e 24 6d e8 93 1f b1 5f 5e 26 6c e8 8b 1f b1 5f 5e 28 6b e8 83 1f b1 5f 5e 2a 6a e8 7b 1f b1 5f 5e 2c 69 e8 73 1f b1 5f 5e 2e 68 e8 6b 1f b1 5f 5e 30 67 e8 63 1f b1 5f 5e 32 66 e8 5b 1f b1 5f 5e 34 65 e8 53 1f b1 5f 5e 36 64 e8 4b 1f b1 5f 5e 38 63 e8 43 1f b1 5f 5e 3a 62 e8 3b 1f b1 5f 5e 3c 61 e8 33 1f b1 5f 5e 3e 60 e8 2b 1f b1 5f 5e 40 5f e8 23 1f b1 5f 5e 42 5e e8 1b 1f b1 5f 5e 44 5d e8 13 1f b1 5f 5e 46 5c e8 0b 1f b1 5f 5e 48 5b e8 03 1f b1 5f 5e 4a 5a e8 fb 1e b1 5f 5e 4c 59 e8 f3 1e b1 5f 5e 4e 58 e8 eb 1e b1 5f 5e 50 57 e8 e3 1e b1 5f 5e 52 56 e8 db 1e b1 5f 5e 54 55 e8 d3 1e b1 5f 5e 56 54 e8 cb 1e b1 5f 5e 58 53 e8 c3 1e b1 5f 5e 5a 52 e8 bb 1e b1 5f 5e 5c 51 e8 b3 1e b1 5f 5e 5e 50 e8 ab 1e b1 5f 5e 60 4f e8 a3 1e b1 5f 5e 62 4e e8 9b 1e b1 5f 5e 64 4d e8 93 1e b1 5f 5e 66 4c e8 8b 1e b1 5f 5e 68 4b e8 83 1e b1 5f 5e 6a 4a e8 7b 1e b1 5f 5e 6c 49 e8 73 1e b1 5f 5e 6e 48 e8 6b 1e b1 5f 5e 70 47 e8 63 1e b1 5f 5e 72 46 e8 5b 1e b1 5f 5e 74 45 e8 53 1e b1 5f 5e 76 44 e8 4b 1e b1 5f 5e 78 43 e8 43 1e b1 5f 5e 7a 42 e8 3b 1e b1 5f 5e 7c 41 e8 33 1e b1 5f 5e 7e 40 e8 2b 1e b1 5f 5e 80 3f e8 23 1e b1 5f 5e 82 3e e8 1b 1e b1 5f 5e 84 3d e8 13 1e b1 5f 5e 86 3c e8 0b 1e b1 5f 5e 88 3b e8 03 1e b1 5f 5e 8a 3a e8 fb 1d b1 5f 5e 8c 39 e8 f3 1d b1 5f 5e 8e 38 e8 eb 1d b1 5f 5e 90 37 e8 e3 1d b1 5f 5e 92 36 e8 db 1d b1 5f 5e 94 35 e8 d3 1d b1 5f 5e 96 34 e8 cb 1d b1 5f 5e 98 33 e8 c3 1d b1 5f 5e 9a 32 e8 bb 1d b1 5f 5e 9c 31 e8 b3 1d b1 5f 5e 9e 30 e8 ab 1d b1 5f 5e a0 2f e8 a3 1d b1 5f 5e a2 2e e8 9b 1d b1 5f 5e a4 2d e8 93 1d b1 5f 5e a6 2c e8 8b 1d b1 5f 5e a8 2b e8 83 1d b1 5f 5e aa 2a e8 7b 1d b1 5f 5e ac 29 e8 73 1d b1 5f 5e ae 28 e8 6b 1d b1 5f 5e b0 27 e8 63 1d b1 5f 5e b2 26 e8 5b 1d b1 5f 5e b4 25 e8 53 1d b1 5f 5e b6 24 e8 4b 1d b1 5f 5e b8 23 e8 43 1d b1 5f 5e ba 22 e8 3b 1d b1 5f 5e bc 21 e8 33 1d b1 5f 5e be 20 e8 2b 1d b1 5f 5e c0 1f e8 23 1d b1 5f 5e c2 1e e8 1b 1d b1 5f 5e c4 1d e8 13 1d b1 5f 5e c6 1c e8 0b 1d b1 5f 5e c8 1b e8 03 1d b1 5f 5e ca 1a e8 fb 1c b1 5f 5e cc 19 e8 f3 1c b1 5f 5e ce 18 e8 eb 1c b1 5f 5e d0 17 e8 e3 1c b1 5f 5e d2 16 e8 db 1c b1 5f 5e d4 15 e8 d3 1c b1 5f 5e d6 14 e8 cb 1c b1 5f 5e d8 13 e8 c3 1c b1 5f 5e da 12 e8 bb 1c b1 5f 5e dc 11 e8 b3 1c b1 5f 5e de 10 e8 ab 1c b1 5f 5e e0 0f e8 a3 1c b1 5f 5e e2 0e e8 9b 1c b1 5f 5e e4 0d e8 93 1c b1 5f 5e e6 0c e8 8b 1c b1 5f 5e e8 0b e8 83 1c b1 5f 5e ea 0a e8 7b 1c b1 5f 5e ec 09 e8 73 1c b1 5f 5e ee 08 e8 6b 1c b1 5f 5e f0 07 e8 63 1c b1 5f 5e f2 06 e8 5b 1c b1 5f 5e f4 05 e8 53 1c b1 5f 5e f6 04 e8 4b 1c b1 5f 5e f8 03 e8 43 1c b1 5f 5e fa 02 e8 3b 1c b1 5f 5e fc 01 e8 33 1c b1 5f 5e fe 00 58 7a 95 c7 f7 7f 00 00 02 00 00 00 00 00 00 00 e8 1b 1c b1 5f 5e 00 15 e8 13 1c b1 5f 5e 01 14 e8 0b 1c b1 5f 5e 03 13 e8 03 1c b1 5f 5e 04 12 e8 fb 1b b1 5f 5e 05 11 e8 f3 1b b1 5f 5e 06 10 e8 eb 1b b1 5f 5e 07 0f e8 e3 1b b1 5f 5e 0a 0e e8 db 1b b1 5f 5e 0d 0d e8 d3 1b b1 5f 5e 10 0c e8 cb 1b b1 5f 5e 13 0b e8 c3 1b b1 5f 5e 16 0a e8 bb 1b b1 5f 5e 19 09 e8 b3 1b b1 5f 5e 1c 08 e8 ab 1b b1 5f 5e 1f 07 e8 a3 1b b1 5f 5e 22 06 e8 9b 1b b1 5f 5e 25 05 e8 93 1b b1 5f 5e 28 04 e8 8b 1b b1 5f 5e 2b 03 e8 83 1b b1 5f 5e 2e 02 e8 7b 1b b1 5f 5e 31 01 e8 73 1b b1 5f 5e 34 00 c8 90 95 c7 f7 7f 00 00 e8 63 1b b1 5f 5e 00 1e e8 5b 1b b1 5f 5e 03 1d e8 53 1b b1 5f 5e 07 1c e8 4b 1b b1 5f 5e 0a 1b e8 43 1b b1 5f 5e 0e 1a e8 3b 1b b1 5f 5e 11 19 e8 33 1b b1 5f 5e 15 18 e8 2b 1b b1 5f 5e 18 17 e8 23 1b b1 5f 5e 1c 16 e8 1b 1b b1 5f 5e 1f 15 e8 13 1b b1 5f 5e 23 14 e8 0b 1b b1 5f 5e 26 13 e8 03 1b b1 5f 5e 2a 12 e8 fb 1a b1 5f 5e 2d 11 e8 f3 1a b1 5f 5e 31 10 e8 eb 1a b1 5f 5e 34 0f e8 e3 1a b1 5f 5e 38 0e e8 db 1a b1 5f 5e 3b 0d e8 d3 1a b1 5f 5e 3f 0c e8 cb 1a b1 5f 5e 42 0b e8 c3 1a b1 5f 5e 46 0a e8 bb 1a b1 5f 5e 49 09 e8 b3 1a b1 5f 5e 4d 08 e8 ab 1a b1 5f 5e 4f 07 e8 a3 1a b1 5f 5e 51 06 e8 9b 1a b1 5f 5e 53 05 e8 93 1a b1 5f 5e 55 04 e8 8b 1a b1 5f 5e 57 03 e8 83 1a b1 5f 5e 59 02 e8 7b 1a b1 5f 5e 5b 01 e8 73 1a b1 5f 5e 5d 00 80 9c 95 c7 f7 7f 00 00 e8 63 1a b1 5f 5e 00 03 e8 5b 1a b1 5f 5e 03 02 e8 53 1a b1 5f 5e 06 01 e8 4b 1a b1 5f 5e 09 00 b8 a3 95 c7 f7 7f 00 00 e9 2b 09 00 00 5f 00 00 e8 a4 95 c7 f7 7f 00 00 e9 3b 0a 00 00 5f 00 00 60 a5 95 c7 f7 7f 00 00 e8 1b 1a b1 5f 5e 00 00 d8 a5 95 c7 f7 7f 00 00 e8 0b 1a b1 5f 5e 00 00 48 a6 95 c7 f7 7f 00 00 e9 1b 07 00 00 5f 00 00 a0 a6 95 c7 f7 7f 00 00 e8 eb 19 b1 5f 5e 00 00 00 a7 95 c7 f7 7f 00 00 e8 db 19 b1 5f 5e 00 02 e8 d3 19 b1 5f 5e 04 01 e9 fb dc 5b 4f 5f 08 00 50 a7 95 c7 f7 7f 00 00 e9 6b 09 00 00 5f 00 00 38 a8 95 c7 f7 7f 00 00 e9 ab 0a 00 00 5f 00 00 b0 a8 95 c7 f7 7f 00 00 e8 9b 19 b1 5f 5e 00 00 28 a9 95 c7 f7 7f 00 00 e8 8b 19 b1 5f 5e 00 00 98 a9 95 c7 f7 7f 00 00 e8 7b 19 b1 5f 5e 00 00 08 aa 95 c7 f7 7f 00 00 e8 6b 19 b1 5f 5e 00 00 90 ab 95 c7 f7 7f 00 00 e8 5b 19 b1 5f 5e 00 03 e8 53 19 b1 5f 5e 02 02 e8 4b 19 b1 5f 5e 05 01 e8 43 19 b1 5f 5e 08 00 28 ac 95 c7 f7 7f 00 00 e9 73 f4 a8 5f 5f 00 03 e8 2b 19 b1 5f 5e 02 02 e8 23 19 b1 5f 5e 05 01 e8 1b 19 b1 5f 5e 08 00 a8 ad 95 c7 f7 7f 00 00 e8 0b 19 b1 5f 5e 00 05 e8 03 19 b1 5f 5e 01 04 e8 fb 18 b1 5f 5e 02 03 e8 f3 18 b1 5f 5e 03 02 e8 eb 18 b1 5f 5e 06 01 e8 e3 18 b1 5f 5e 07 00 40 af 95 c7 f7 7f 00 00 e8 d3 18 b1 5f 5e 00 01 e8 cb 18 b1 5f 5e 01 00 a8 b0 95 c7 f7 7f 00 00 e8 bb 18 b1 5f 5e 00 00 c8 b1 95 c7 f7 7f 00 00 e8 ab 18 b1 5f 5e 00 01 e9 53 c3 86 4f 5f 01 00 78 b2 95 c7 f7 7f 00 00 e8 93 18 b1 5f 5e 00 00 98 b3 95 c7 f7 7f 00 00 e8 83 18 b1 5f 5e 00 01 e8 7b 18 b1 5f 5e 01 00 f8 b3 95 c7 f7 7f 00 00 e8 6b 18 b1 5f 5e 00 01 e8 63 18 b1 5f 5e 01 00 98 b6 95 c7 f7 7f 00 00 e8 53 18 b1 5f 5e 00 01 e8 4b 18 b1 5f 5e 01 00 38 b9 95 c7 f7 7f 00 00 e8 3b 18 b1 5f 5e 00 01 e8 33 18 b1 5f 5e 01 00 88 bb 95 c7 f7 7f 00 00 00 00 00 00 00 00 00 00
1         | 7ff7c7e582d0h   | 291     | root/Numeric                  | kindsetCreate_(NumericKind~32u)                             | kindsetCreate | HashSet<NumericKind:uint> kindsetCreate(NumericKind:uint k)                     | 57 56 48 83 ec 28 8b f1 48 b9 b8 87 03 c8 f7 7f 00 00 e8 c9 e9 40 5f 48 8b f8 48 ba 90 2e 00 10 9f 02 00 00 48 8b 12 48 8b cf e8 e9 ec ff ff f7 c6 00 00 01 00 74 0d 48 8b cf ba 08 00 01 20 e8 1c ee ff ff f7 c6 00 00 02 00 74 0d 48 8b cf ba 08 00 02 80 e8 07 ee ff ff f7 c6 00 00 04 00 74 0d 48 8b cf ba 10 00 04 20 e8 f2 ed ff ff f7 c6 00 00 08 00 74 0d 48 8b cf ba 10 00 08 80 e8 dd ed ff ff f7 c6 00 00 10 00 74 0d 48 8b cf ba 20 00 10 20 e8 c8 ed ff ff f7 c6 00 00 20 00 74 0d 48 8b cf ba 20 00 20 80 e8 b3 ed ff ff f7 c6 00 00 40 00 74 0d 48 8b cf ba 40 00 40 20 e8 9e ed ff ff f7 c6 00 00 80 00 74 0d 48 8b cf ba 40 00 80 80 e8 89 ed ff ff f7 c6 00 00 00 02 74 0d 48 8b cf ba 20 00 00 42 e8 74 ed ff ff f7 c6 00 00 00 04 74 0d 48 8b cf ba 40 00 00 44 e8 5f ed ff ff 48 8b c7 48 83 c4 28 5e 5f c3 00 19 06 03 00 06 42 02 60 01 70 00 00 40 00 00 00 00 00 00 00 00 00 00
2         | 7ff7c7e5c600h   | 387     | root/Numeric                  | format_(FixedWidth~32u)                                     | format        | string format(FixedWidth:uint src)                                              | 56 48 83 ec 40 33 c0 48 89 44 24 20 48 89 44 24 28 48 89 44 24 30 48 89 44 24 38 8b f1 48 b9 08 8f 70 c7 f7 7f 00 00 e8 84 a6 40 5f 89 70 08 45 33 c0 48 ba 88 13 00 10 9f 02 00 00 48 8b 12 48 b9 f8 98 00 10 9f 02 00 00 48 8b 09 4c 8d 4c 24 20 49 89 01 4d 89 41 08 4d 89 41 10 49 89 51 18 4c 8d 44 24 20 48 8b d1 33 c9 e8 d1 95 ea 4e 90 48 83 c4 40 5e c3 00 00 19 05 02 00 05 72 01 60 40 00 00 00 00 00 00 00 90 bc 04 c8 f7 7f 00 00 0f 1f 44 00 00 80 39 00 75 0b 48 8b 4a 08 48 8b 42 18 48 ff e0 48 8b 41 08 c3 00 00 19 00 00 00 40 00 00 00 00 00 00 00 f0 bc 04 c8 f7 7f 00 00 57 56 48 83 ec 28 48 8b f1 83 7e 30 fe 75 3d 8b 7e 34 48 b9 20 00 70 c7 f7 7f 00 00 ba e2 01 00 00 e8 3a 86 3b 5f 48 8b 48 08 48 85 c9 75 08 e8 2c 2e ea 4e 48 8b c8 39 09 e8 42 53 3d 5f 3b c7 75 0a 33 c9 89 4e 30 48 8b fe eb 46 48 b9 48 3d df c7 f7 7f 00 00 e8 95 a5 40 5f 48 8b f8 33 c9 89 4f 30 48 b9 20 00 70 c7 f7 7f 00 00 ba e2 01 00 00 e8 e9 85 3b 5f 48 8b 48 08 48 85 c9 75 08 e8 db 2d ea 4e 48 8b c8 39 09 e8 f1 52 3d 5f 89 47 34 48 8b 56 18 48 8d 4f 10 e8 91 96 40 5f 48 8b c7 48 83 c4 28 5e 5f c3 00 00 00 19 06 03 00 06 42 02 60 01 70 00 00 40 00 00 00 00 00 00 00 00 00 00
3         | 7ff7c863f7d0h   | 944     | root/Numeric                  | kind_g[8u]()                                                | kind          | NumericKind:uint kind<byte>()                                                   | 0f 1f 44 00 00 b8 08 00 01 20 c3 00 19 00 00 00 40 00 00 00 00 00 00 00 18 74 b0 c8 f7 7f 00 00 0f 1f 44 00 00 b8 08 00 02 80 c3 00 19 00 00 00 40 00 00 00 00 00 00 00 98 74 b0 c8 f7 7f 00 00 0f 1f 44 00 00 b8 10 00 04 20 c3 00 19 00 00 00 40 00 00 00 00 00 00 00 30 75 b0 c8 f7 7f 00 00 0f 1f 44 00 00 b8 10 00 08 80 c3 00 19 00 00 00 40 00 00 00 00 00 00 00 b0 75 b0 c8 f7 7f 00 00 0f 1f 44 00 00 b8 20 00 10 20 c3 00 19 00 00 00 40 00 00 00 00 00 00 00 48 76 b0 c8 f7 7f 00 00 0f 1f 44 00 00 b8 20 00 20 80 c3 00 19 00 00 00 40 00 00 00 00 00 00 00 c8 76 b0 c8 f7 7f 00 00 0f 1f 44 00 00 b8 40 00 40 20 c3 00 19 00 00 00 40 00 00 00 00 00 00 00 60 77 b0 c8 f7 7f 00 00 0f 1f 44 00 00 b8 40 00 80 80 c3 00 19 00 00 00 40 00 00 00 00 00 00 00 02 00 00 00 00 00 00 00 e8 6b 5d c2 5e 5e 00 00 d0 16 b1 c8 f7 7f 00 00 e8 5b 5d c2 5e 5e 00 00 30 17 b1 c8 f7 7f 00 00 e8 4b 5d c2 5e 5e 00 00 90 17 b1 c8 f7 7f 00 00 e8 3b 5d c2 5e 5e 00 00 f0 17 b1 c8 f7 7f 00 00 e8 2b 5d c2 5e 5e 00 00 50 18 b1 c8 f7 7f 00 00 e8 1b 5d c2 5e 5e 00 00 b0 18 b1 c8 f7 7f 00 00 e8 0b 5d c2 5e 5e 00 00 10 19 b1 c8 f7 7f 00 00 e8 fb 5c c2 5e 5e 00 00 70 19 b1 c8 f7 7f 00 00 e8 eb 5c c2 5e 5e 00 00 d0 19 b1 c8 f7 7f 00 00 e8 db 5c c2 5e 5e 00 00 30 1a b1 c8 f7 7f 00 00 e8 cb 5c c2 5e 5e 00 00 90 1a b1 c8 f7 7f 00 00 e8 bb 5c c2 5e 5e 00 00 f0 1a b1 c8 f7 7f 00 00 e8 ab 5c c2 5e 5e 00 00 50 1b b1 c8 f7 7f 00 00 e8 9b 5c c2 5e 5e 00 00 b0 1b b1 c8 f7 7f 00 00 e8 8b 5c c2 5e 5e 00 00 10 1c b1 c8 f7 7f 00 00 e8 7b 5c c2 5e 5e 00 00 70 1c b1 c8 f7 7f 00 00 e8 6b 5c c2 5e 5e 00 00 d0 1c b1 c8 f7 7f 00 00 e8 5b 5c c2 5e 5e 00 00 30 1d b1 c8 f7 7f 00 00 e8 4b 5c c2 5e 5e 00 00 90 1d b1 c8 f7 7f 00 00 e8 3b 5c c2 5e 5e 00 00 f0 1d b1 c8 f7 7f 00 00 e8 2b 5c c2 5e 5e 00 00 50 1e b1 c8 f7 7f 00 00 e8 1b 5c c2 5e 5e 00 00 b0 1e b1 c8 f7 7f 00 00 e8 0b 5c c2 5e 5e 00 00 10 1f b1 c8 f7 7f 00 00 e8 fb 5b c2 5e 5e 00 00 70 1f b1 c8 f7 7f 00 00 e8 eb 5b c2 5e 5e 00 00 d0 1f b1 c8 f7 7f 00 00 e8 db 5b c2 5e 5e 00 00 30 20 b1 c8 f7 7f 00 00 e8 cb 5b c2 5e 5e 00 00 90 20 b1 c8 f7 7f 00 00 e8 bb 5b c2 5e 5e 00 00 f0 20 b1 c8 f7 7f 00 00 e8 ab 5b c2 5e 5e 00 00 50 21 b1 c8 f7 7f 00 00 e8 9b 5b c2 5e 5e 00 00 b0 21 b1 c8 f7 7f 00 00 e8 8b 5b c2 5e 5e 00 00 10 22 b1 c8 f7 7f 00 00 e8 7b 5b c2 5e 5e 00 00 70 22 b1 c8 f7 7f 00 00 e8 6b 5b c2 5e 5e 00 00 d0 22 b1 c8 f7 7f 00 00 e8 5b 5b c2 5e 5e 00 00 30 23 b1 c8 f7 7f 00 00 e8 4b 5b c2 5e 5e 00 00 90 23 b1 c8 f7 7f 00 00 e8 3b 5b c2 5e 5e 00 00 f0 23 b1 c8 f7 7f 00 00 e8 2b 5b c2 5e 5e 00 00 30 25 b1 c8 f7 7f 00 00 e8 1b 5b c2 5e 5e 00 00 90 25 b1 c8 f7 7f 00 00 e8 0b 5b c2 5e 5e 00 00 f0 25 b1 c8 f7 7f 00 00 e8 fb 5a c2 5e 5e 00 00 50 26 b1 c8 f7 7f 00 00 e8 eb 5a c2 5e 5e 00 01 e8 e3 5a c2 5e 5e 02 00 b0 26 b1 c8 f7 7f 00 00 e8 d3 5a c2 5e 5e 00 00 a8 27 b1 c8 f7 7f 00 00 00 00 00 00 00 00 00 00
4         | 7ff7c863f7f0h   | 912     | root/Numeric                  | kind_g[8i]()                                                | kind          | NumericKind:uint kind<sbyte>()                                                  | 0f 1f 44 00 00 b8 08 00 02 80 c3 00 19 00 00 00 40 00 00 00 00 00 00 00 98 74 b0 c8 f7 7f 00 00 0f 1f 44 00 00 b8 10 00 04 20 c3 00 19 00 00 00 40 00 00 00 00 00 00 00 30 75 b0 c8 f7 7f 00 00 0f 1f 44 00 00 b8 10 00 08 80 c3 00 19 00 00 00 40 00 00 00 00 00 00 00 b0 75 b0 c8 f7 7f 00 00 0f 1f 44 00 00 b8 20 00 10 20 c3 00 19 00 00 00 40 00 00 00 00 00 00 00 48 76 b0 c8 f7 7f 00 00 0f 1f 44 00 00 b8 20 00 20 80 c3 00 19 00 00 00 40 00 00 00 00 00 00 00 c8 76 b0 c8 f7 7f 00 00 0f 1f 44 00 00 b8 40 00 40 20 c3 00 19 00 00 00 40 00 00 00 00 00 00 00 60 77 b0 c8 f7 7f 00 00 0f 1f 44 00 00 b8 40 00 80 80 c3 00 19 00 00 00 40 00 00 00 00 00 00 00 02 00 00 00 00 00 00 00 e8 6b 5d c2 5e 5e 00 00 d0 16 b1 c8 f7 7f 00 00 e8 5b 5d c2 5e 5e 00 00 30 17 b1 c8 f7 7f 00 00 e8 4b 5d c2 5e 5e 00 00 90 17 b1 c8 f7 7f 00 00 e8 3b 5d c2 5e 5e 00 00 f0 17 b1 c8 f7 7f 00 00 e8 2b 5d c2 5e 5e 00 00 50 18 b1 c8 f7 7f 00 00 e8 1b 5d c2 5e 5e 00 00 b0 18 b1 c8 f7 7f 00 00 e8 0b 5d c2 5e 5e 00 00 10 19 b1 c8 f7 7f 00 00 e8 fb 5c c2 5e 5e 00 00 70 19 b1 c8 f7 7f 00 00 e8 eb 5c c2 5e 5e 00 00 d0 19 b1 c8 f7 7f 00 00 e8 db 5c c2 5e 5e 00 00 30 1a b1 c8 f7 7f 00 00 e8 cb 5c c2 5e 5e 00 00 90 1a b1 c8 f7 7f 00 00 e8 bb 5c c2 5e 5e 00 00 f0 1a b1 c8 f7 7f 00 00 e8 ab 5c c2 5e 5e 00 00 50 1b b1 c8 f7 7f 00 00 e8 9b 5c c2 5e 5e 00 00 b0 1b b1 c8 f7 7f 00 00 e8 8b 5c c2 5e 5e 00 00 10 1c b1 c8 f7 7f 00 00 e8 7b 5c c2 5e 5e 00 00 70 1c b1 c8 f7 7f 00 00 e8 6b 5c c2 5e 5e 00 00 d0 1c b1 c8 f7 7f 00 00 e8 5b 5c c2 5e 5e 00 00 30 1d b1 c8 f7 7f 00 00 e8 4b 5c c2 5e 5e 00 00 90 1d b1 c8 f7 7f 00 00 e8 3b 5c c2 5e 5e 00 00 f0 1d b1 c8 f7 7f 00 00 e8 2b 5c c2 5e 5e 00 00 50 1e b1 c8 f7 7f 00 00 e8 1b 5c c2 5e 5e 00 00 b0 1e b1 c8 f7 7f 00 00 e8 0b 5c c2 5e 5e 00 00 10 1f b1 c8 f7 7f 00 00 e8 fb 5b c2 5e 5e 00 00 70 1f b1 c8 f7 7f 00 00 e8 eb 5b c2 5e 5e 00 00 d0 1f b1 c8 f7 7f 00 00 e8 db 5b c2 5e 5e 00 00 30 20 b1 c8 f7 7f 00 00 e8 cb 5b c2 5e 5e 00 00 90 20 b1 c8 f7 7f 00 00 e8 bb 5b c2 5e 5e 00 00 f0 20 b1 c8 f7 7f 00 00 e8 ab 5b c2 5e 5e 00 00 50 21 b1 c8 f7 7f 00 00 e8 9b 5b c2 5e 5e 00 00 b0 21 b1 c8 f7 7f 00 00 e8 8b 5b c2 5e 5e 00 00 10 22 b1 c8 f7 7f 00 00 e8 7b 5b c2 5e 5e 00 00 70 22 b1 c8 f7 7f 00 00 e8 6b 5b c2 5e 5e 00 00 d0 22 b1 c8 f7 7f 00 00 e8 5b 5b c2 5e 5e 00 00 30 23 b1 c8 f7 7f 00 00 e8 4b 5b c2 5e 5e 00 00 90 23 b1 c8 f7 7f 00 00 e8 3b 5b c2 5e 5e 00 00 f0 23 b1 c8 f7 7f 00 00 e8 2b 5b c2 5e 5e 00 00 30 25 b1 c8 f7 7f 00 00 e8 1b 5b c2 5e 5e 00 00 90 25 b1 c8 f7 7f 00 00 e8 0b 5b c2 5e 5e 00 00 f0 25 b1 c8 f7 7f 00 00 e8 fb 5a c2 5e 5e 00 00 50 26 b1 c8 f7 7f 00 00 e8 eb 5a c2 5e 5e 00 01 e8 e3 5a c2 5e 5e 02 00 b0 26 b1 c8 f7 7f 00 00 e8 d3 5a c2 5e 5e 00 00 a8 27 b1 c8 f7 7f 00 00 00 00 00 00 00 00 00 00
5         | 7ff7c863f810h   | 880     | root/Numeric                  | kind_g[16u]()                                               | kind          | NumericKind:uint kind<ushort>()                                                 | 0f 1f 44 00 00 b8 10 00 04 20 c3 00 19 00 00 00 40 00 00 00 00 00 00 00 30 75 b0 c8 f7 7f 00 00 0f 1f 44 00 00 b8 10 00 08 80 c3 00 19 00 00 00 40 00 00 00 00 00 00 00 b0 75 b0 c8 f7 7f 00 00 0f 1f 44 00 00 b8 20 00 10 20 c3 00 19 00 00 00 40 00 00 00 00 00 00 00 48 76 b0 c8 f7 7f 00 00 0f 1f 44 00 00 b8 20 00 20 80 c3 00 19 00 00 00 40 00 00 00 00 00 00 00 c8 76 b0 c8 f7 7f 00 00 0f 1f 44 00 00 b8 40 00 40 20 c3 00 19 00 00 00 40 00 00 00 00 00 00 00 60 77 b0 c8 f7 7f 00 00 0f 1f 44 00 00 b8 40 00 80 80 c3 00 19 00 00 00 40 00 00 00 00 00 00 00 02 00 00 00 00 00 00 00 e8 6b 5d c2 5e 5e 00 00 d0 16 b1 c8 f7 7f 00 00 e8 5b 5d c2 5e 5e 00 00 30 17 b1 c8 f7 7f 00 00 e8 4b 5d c2 5e 5e 00 00 90 17 b1 c8 f7 7f 00 00 e8 3b 5d c2 5e 5e 00 00 f0 17 b1 c8 f7 7f 00 00 e8 2b 5d c2 5e 5e 00 00 50 18 b1 c8 f7 7f 00 00 e8 1b 5d c2 5e 5e 00 00 b0 18 b1 c8 f7 7f 00 00 e8 0b 5d c2 5e 5e 00 00 10 19 b1 c8 f7 7f 00 00 e8 fb 5c c2 5e 5e 00 00 70 19 b1 c8 f7 7f 00 00 e8 eb 5c c2 5e 5e 00 00 d0 19 b1 c8 f7 7f 00 00 e8 db 5c c2 5e 5e 00 00 30 1a b1 c8 f7 7f 00 00 e8 cb 5c c2 5e 5e 00 00 90 1a b1 c8 f7 7f 00 00 e8 bb 5c c2 5e 5e 00 00 f0 1a b1 c8 f7 7f 00 00 e8 ab 5c c2 5e 5e 00 00 50 1b b1 c8 f7 7f 00 00 e8 9b 5c c2 5e 5e 00 00 b0 1b b1 c8 f7 7f 00 00 e8 8b 5c c2 5e 5e 00 00 10 1c b1 c8 f7 7f 00 00 e8 7b 5c c2 5e 5e 00 00 70 1c b1 c8 f7 7f 00 00 e8 6b 5c c2 5e 5e 00 00 d0 1c b1 c8 f7 7f 00 00 e8 5b 5c c2 5e 5e 00 00 30 1d b1 c8 f7 7f 00 00 e8 4b 5c c2 5e 5e 00 00 90 1d b1 c8 f7 7f 00 00 e8 3b 5c c2 5e 5e 00 00 f0 1d b1 c8 f7 7f 00 00 e8 2b 5c c2 5e 5e 00 00 50 1e b1 c8 f7 7f 00 00 e8 1b 5c c2 5e 5e 00 00 b0 1e b1 c8 f7 7f 00 00 e8 0b 5c c2 5e 5e 00 00 10 1f b1 c8 f7 7f 00 00 e8 fb 5b c2 5e 5e 00 00 70 1f b1 c8 f7 7f 00 00 e8 eb 5b c2 5e 5e 00 00 d0 1f b1 c8 f7 7f 00 00 e8 db 5b c2 5e 5e 00 00 30 20 b1 c8 f7 7f 00 00 e8 cb 5b c2 5e 5e 00 00 90 20 b1 c8 f7 7f 00 00 e8 bb 5b c2 5e 5e 00 00 f0 20 b1 c8 f7 7f 00 00 e8 ab 5b c2 5e 5e 00 00 50 21 b1 c8 f7 7f 00 00 e8 9b 5b c2 5e 5e 00 00 b0 21 b1 c8 f7 7f 00 00 e8 8b 5b c2 5e 5e 00 00 10 22 b1 c8 f7 7f 00 00 e8 7b 5b c2 5e 5e 00 00 70 22 b1 c8 f7 7f 00 00 e8 6b 5b c2 5e 5e 00 00 d0 22 b1 c8 f7 7f 00 00 e8 5b 5b c2 5e 5e 00 00 30 23 b1 c8 f7 7f 00 00 e8 4b 5b c2 5e 5e 00 00 90 23 b1 c8 f7 7f 00 00 e8 3b 5b c2 5e 5e 00 00 f0 23 b1 c8 f7 7f 00 00 e8 2b 5b c2 5e 5e 00 00 30 25 b1 c8 f7 7f 00 00 e8 1b 5b c2 5e 5e 00 00 90 25 b1 c8 f7 7f 00 00 e8 0b 5b c2 5e 5e 00 00 f0 25 b1 c8 f7 7f 00 00 e8 fb 5a c2 5e 5e 00 00 50 26 b1 c8 f7 7f 00 00 e8 eb 5a c2 5e 5e 00 01 e8 e3 5a c2 5e 5e 02 00 b0 26 b1 c8 f7 7f 00 00 e8 d3 5a c2 5e 5e 00 00 a8 27 b1 c8 f7 7f 00 00 00 00 00 00 00 00 00 00
6         | 7ff7c863f830h   | 848     | root/Numeric                  | kind_g[16i]()                                               | kind          | NumericKind:uint kind<short>()                                                  | 0f 1f 44 00 00 b8 10 00 08 80 c3 00 19 00 00 00 40 00 00 00 00 00 00 00 b0 75 b0 c8 f7 7f 00 00 0f 1f 44 00 00 b8 20 00 10 20 c3 00 19 00 00 00 40 00 00 00 00 00 00 00 48 76 b0 c8 f7 7f 00 00 0f 1f 44 00 00 b8 20 00 20 80 c3 00 19 00 00 00 40 00 00 00 00 00 00 00 c8 76 b0 c8 f7 7f 00 00 0f 1f 44 00 00 b8 40 00 40 20 c3 00 19 00 00 00 40 00 00 00 00 00 00 00 60 77 b0 c8 f7 7f 00 00 0f 1f 44 00 00 b8 40 00 80 80 c3 00 19 00 00 00 40 00 00 00 00 00 00 00 02 00 00 00 00 00 00 00 e8 6b 5d c2 5e 5e 00 00 d0 16 b1 c8 f7 7f 00 00 e8 5b 5d c2 5e 5e 00 00 30 17 b1 c8 f7 7f 00 00 e8 4b 5d c2 5e 5e 00 00 90 17 b1 c8 f7 7f 00 00 e8 3b 5d c2 5e 5e 00 00 f0 17 b1 c8 f7 7f 00 00 e8 2b 5d c2 5e 5e 00 00 50 18 b1 c8 f7 7f 00 00 e8 1b 5d c2 5e 5e 00 00 b0 18 b1 c8 f7 7f 00 00 e8 0b 5d c2 5e 5e 00 00 10 19 b1 c8 f7 7f 00 00 e8 fb 5c c2 5e 5e 00 00 70 19 b1 c8 f7 7f 00 00 e8 eb 5c c2 5e 5e 00 00 d0 19 b1 c8 f7 7f 00 00 e8 db 5c c2 5e 5e 00 00 30 1a b1 c8 f7 7f 00 00 e8 cb 5c c2 5e 5e 00 00 90 1a b1 c8 f7 7f 00 00 e8 bb 5c c2 5e 5e 00 00 f0 1a b1 c8 f7 7f 00 00 e8 ab 5c c2 5e 5e 00 00 50 1b b1 c8 f7 7f 00 00 e8 9b 5c c2 5e 5e 00 00 b0 1b b1 c8 f7 7f 00 00 e8 8b 5c c2 5e 5e 00 00 10 1c b1 c8 f7 7f 00 00 e8 7b 5c c2 5e 5e 00 00 70 1c b1 c8 f7 7f 00 00 e8 6b 5c c2 5e 5e 00 00 d0 1c b1 c8 f7 7f 00 00 e8 5b 5c c2 5e 5e 00 00 30 1d b1 c8 f7 7f 00 00 e8 4b 5c c2 5e 5e 00 00 90 1d b1 c8 f7 7f 00 00 e8 3b 5c c2 5e 5e 00 00 f0 1d b1 c8 f7 7f 00 00 e8 2b 5c c2 5e 5e 00 00 50 1e b1 c8 f7 7f 00 00 e8 1b 5c c2 5e 5e 00 00 b0 1e b1 c8 f7 7f 00 00 e8 0b 5c c2 5e 5e 00 00 10 1f b1 c8 f7 7f 00 00 e8 fb 5b c2 5e 5e 00 00 70 1f b1 c8 f7 7f 00 00 e8 eb 5b c2 5e 5e 00 00 d0 1f b1 c8 f7 7f 00 00 e8 db 5b c2 5e 5e 00 00 30 20 b1 c8 f7 7f 00 00 e8 cb 5b c2 5e 5e 00 00 90 20 b1 c8 f7 7f 00 00 e8 bb 5b c2 5e 5e 00 00 f0 20 b1 c8 f7 7f 00 00 e8 ab 5b c2 5e 5e 00 00 50 21 b1 c8 f7 7f 00 00 e8 9b 5b c2 5e 5e 00 00 b0 21 b1 c8 f7 7f 00 00 e8 8b 5b c2 5e 5e 00 00 10 22 b1 c8 f7 7f 00 00 e8 7b 5b c2 5e 5e 00 00 70 22 b1 c8 f7 7f 00 00 e8 6b 5b c2 5e 5e 00 00 d0 22 b1 c8 f7 7f 00 00 e8 5b 5b c2 5e 5e 00 00 30 23 b1 c8 f7 7f 00 00 e8 4b 5b c2 5e 5e 00 00 90 23 b1 c8 f7 7f 00 00 e8 3b 5b c2 5e 5e 00 00 f0 23 b1 c8 f7 7f 00 00 e8 2b 5b c2 5e 5e 00 00 30 25 b1 c8 f7 7f 00 00 e8 1b 5b c2 5e 5e 00 00 90 25 b1 c8 f7 7f 00 00 e8 0b 5b c2 5e 5e 00 00 f0 25 b1 c8 f7 7f 00 00 e8 fb 5a c2 5e 5e 00 00 50 26 b1 c8 f7 7f 00 00 e8 eb 5a c2 5e 5e 00 01 e8 e3 5a c2 5e 5e 02 00 b0 26 b1 c8 f7 7f 00 00 e8 d3 5a c2 5e 5e 00 00 a8 27 b1 c8 f7 7f 00 00 00 00 00 00 00 00 00 00
7         | 7ff7c863f850h   | 816     | root/Numeric                  | kind_g[32u]()                                               | kind          | NumericKind:uint kind<uint>()                                                   | 0f 1f 44 00 00 b8 20 00 10 20 c3 00 19 00 00 00 40 00 00 00 00 00 00 00 48 76 b0 c8 f7 7f 00 00 0f 1f 44 00 00 b8 20 00 20 80 c3 00 19 00 00 00 40 00 00 00 00 00 00 00 c8 76 b0 c8 f7 7f 00 00 0f 1f 44 00 00 b8 40 00 40 20 c3 00 19 00 00 00 40 00 00 00 00 00 00 00 60 77 b0 c8 f7 7f 00 00 0f 1f 44 00 00 b8 40 00 80 80 c3 00 19 00 00 00 40 00 00 00 00 00 00 00 02 00 00 00 00 00 00 00 e8 6b 5d c2 5e 5e 00 00 d0 16 b1 c8 f7 7f 00 00 e8 5b 5d c2 5e 5e 00 00 30 17 b1 c8 f7 7f 00 00 e8 4b 5d c2 5e 5e 00 00 90 17 b1 c8 f7 7f 00 00 e8 3b 5d c2 5e 5e 00 00 f0 17 b1 c8 f7 7f 00 00 e8 2b 5d c2 5e 5e 00 00 50 18 b1 c8 f7 7f 00 00 e8 1b 5d c2 5e 5e 00 00 b0 18 b1 c8 f7 7f 00 00 e8 0b 5d c2 5e 5e 00 00 10 19 b1 c8 f7 7f 00 00 e8 fb 5c c2 5e 5e 00 00 70 19 b1 c8 f7 7f 00 00 e8 eb 5c c2 5e 5e 00 00 d0 19 b1 c8 f7 7f 00 00 e8 db 5c c2 5e 5e 00 00 30 1a b1 c8 f7 7f 00 00 e8 cb 5c c2 5e 5e 00 00 90 1a b1 c8 f7 7f 00 00 e8 bb 5c c2 5e 5e 00 00 f0 1a b1 c8 f7 7f 00 00 e8 ab 5c c2 5e 5e 00 00 50 1b b1 c8 f7 7f 00 00 e8 9b 5c c2 5e 5e 00 00 b0 1b b1 c8 f7 7f 00 00 e8 8b 5c c2 5e 5e 00 00 10 1c b1 c8 f7 7f 00 00 e8 7b 5c c2 5e 5e 00 00 70 1c b1 c8 f7 7f 00 00 e8 6b 5c c2 5e 5e 00 00 d0 1c b1 c8 f7 7f 00 00 e8 5b 5c c2 5e 5e 00 00 30 1d b1 c8 f7 7f 00 00 e8 4b 5c c2 5e 5e 00 00 90 1d b1 c8 f7 7f 00 00 e8 3b 5c c2 5e 5e 00 00 f0 1d b1 c8 f7 7f 00 00 e8 2b 5c c2 5e 5e 00 00 50 1e b1 c8 f7 7f 00 00 e8 1b 5c c2 5e 5e 00 00 b0 1e b1 c8 f7 7f 00 00 e8 0b 5c c2 5e 5e 00 00 10 1f b1 c8 f7 7f 00 00 e8 fb 5b c2 5e 5e 00 00 70 1f b1 c8 f7 7f 00 00 e8 eb 5b c2 5e 5e 00 00 d0 1f b1 c8 f7 7f 00 00 e8 db 5b c2 5e 5e 00 00 30 20 b1 c8 f7 7f 00 00 e8 cb 5b c2 5e 5e 00 00 90 20 b1 c8 f7 7f 00 00 e8 bb 5b c2 5e 5e 00 00 f0 20 b1 c8 f7 7f 00 00 e8 ab 5b c2 5e 5e 00 00 50 21 b1 c8 f7 7f 00 00 e8 9b 5b c2 5e 5e 00 00 b0 21 b1 c8 f7 7f 00 00 e8 8b 5b c2 5e 5e 00 00 10 22 b1 c8 f7 7f 00 00 e8 7b 5b c2 5e 5e 00 00 70 22 b1 c8 f7 7f 00 00 e8 6b 5b c2 5e 5e 00 00 d0 22 b1 c8 f7 7f 00 00 e8 5b 5b c2 5e 5e 00 00 30 23 b1 c8 f7 7f 00 00 e8 4b 5b c2 5e 5e 00 00 90 23 b1 c8 f7 7f 00 00 e8 3b 5b c2 5e 5e 00 00 f0 23 b1 c8 f7 7f 00 00 e8 2b 5b c2 5e 5e 00 00 30 25 b1 c8 f7 7f 00 00 e8 1b 5b c2 5e 5e 00 00 90 25 b1 c8 f7 7f 00 00 e8 0b 5b c2 5e 5e 00 00 f0 25 b1 c8 f7 7f 00 00 e8 fb 5a c2 5e 5e 00 00 50 26 b1 c8 f7 7f 00 00 e8 eb 5a c2 5e 5e 00 01 e8 e3 5a c2 5e 5e 02 00 b0 26 b1 c8 f7 7f 00 00 e8 d3 5a c2 5e 5e 00 00 a8 27 b1 c8 f7 7f 00 00 00 00 00 00 00 00 00 00
8         | 7ff7c863f870h   | 784     | root/Numeric                  | kind_g[32i]()                                               | kind          | NumericKind:uint kind<int>()                                                    | 0f 1f 44 00 00 b8 20 00 20 80 c3 00 19 00 00 00 40 00 00 00 00 00 00 00 c8 76 b0 c8 f7 7f 00 00 0f 1f 44 00 00 b8 40 00 40 20 c3 00 19 00 00 00 40 00 00 00 00 00 00 00 60 77 b0 c8 f7 7f 00 00 0f 1f 44 00 00 b8 40 00 80 80 c3 00 19 00 00 00 40 00 00 00 00 00 00 00 02 00 00 00 00 00 00 00 e8 6b 5d c2 5e 5e 00 00 d0 16 b1 c8 f7 7f 00 00 e8 5b 5d c2 5e 5e 00 00 30 17 b1 c8 f7 7f 00 00 e8 4b 5d c2 5e 5e 00 00 90 17 b1 c8 f7 7f 00 00 e8 3b 5d c2 5e 5e 00 00 f0 17 b1 c8 f7 7f 00 00 e8 2b 5d c2 5e 5e 00 00 50 18 b1 c8 f7 7f 00 00 e8 1b 5d c2 5e 5e 00 00 b0 18 b1 c8 f7 7f 00 00 e8 0b 5d c2 5e 5e 00 00 10 19 b1 c8 f7 7f 00 00 e8 fb 5c c2 5e 5e 00 00 70 19 b1 c8 f7 7f 00 00 e8 eb 5c c2 5e 5e 00 00 d0 19 b1 c8 f7 7f 00 00 e8 db 5c c2 5e 5e 00 00 30 1a b1 c8 f7 7f 00 00 e8 cb 5c c2 5e 5e 00 00 90 1a b1 c8 f7 7f 00 00 e8 bb 5c c2 5e 5e 00 00 f0 1a b1 c8 f7 7f 00 00 e8 ab 5c c2 5e 5e 00 00 50 1b b1 c8 f7 7f 00 00 e8 9b 5c c2 5e 5e 00 00 b0 1b b1 c8 f7 7f 00 00 e8 8b 5c c2 5e 5e 00 00 10 1c b1 c8 f7 7f 00 00 e8 7b 5c c2 5e 5e 00 00 70 1c b1 c8 f7 7f 00 00 e8 6b 5c c2 5e 5e 00 00 d0 1c b1 c8 f7 7f 00 00 e8 5b 5c c2 5e 5e 00 00 30 1d b1 c8 f7 7f 00 00 e8 4b 5c c2 5e 5e 00 00 90 1d b1 c8 f7 7f 00 00 e8 3b 5c c2 5e 5e 00 00 f0 1d b1 c8 f7 7f 00 00 e8 2b 5c c2 5e 5e 00 00 50 1e b1 c8 f7 7f 00 00 e8 1b 5c c2 5e 5e 00 00 b0 1e b1 c8 f7 7f 00 00 e8 0b 5c c2 5e 5e 00 00 10 1f b1 c8 f7 7f 00 00 e8 fb 5b c2 5e 5e 00 00 70 1f b1 c8 f7 7f 00 00 e8 eb 5b c2 5e 5e 00 00 d0 1f b1 c8 f7 7f 00 00 e8 db 5b c2 5e 5e 00 00 30 20 b1 c8 f7 7f 00 00 e8 cb 5b c2 5e 5e 00 00 90 20 b1 c8 f7 7f 00 00 e8 bb 5b c2 5e 5e 00 00 f0 20 b1 c8 f7 7f 00 00 e8 ab 5b c2 5e 5e 00 00 50 21 b1 c8 f7 7f 00 00 e8 9b 5b c2 5e 5e 00 00 b0 21 b1 c8 f7 7f 00 00 e8 8b 5b c2 5e 5e 00 00 10 22 b1 c8 f7 7f 00 00 e8 7b 5b c2 5e 5e 00 00 70 22 b1 c8 f7 7f 00 00 e8 6b 5b c2 5e 5e 00 00 d0 22 b1 c8 f7 7f 00 00 e8 5b 5b c2 5e 5e 00 00 30 23 b1 c8 f7 7f 00 00 e8 4b 5b c2 5e 5e 00 00 90 23 b1 c8 f7 7f 00 00 e8 3b 5b c2 5e 5e 00 00 f0 23 b1 c8 f7 7f 00 00 e8 2b 5b c2 5e 5e 00 00 30 25 b1 c8 f7 7f 00 00 e8 1b 5b c2 5e 5e 00 00 90 25 b1 c8 f7 7f 00 00 e8 0b 5b c2 5e 5e 00 00 f0 25 b1 c8 f7 7f 00 00 e8 fb 5a c2 5e 5e 00 00 50 26 b1 c8 f7 7f 00 00 e8 eb 5a c2 5e 5e 00 01 e8 e3 5a c2 5e 5e 02 00 b0 26 b1 c8 f7 7f 00 00 e8 d3 5a c2 5e 5e 00 00 a8 27 b1 c8 f7 7f 00 00 00 00 00 00 00 00 00 00
9         | 7ff7c863f890h   | 752     | root/Numeric                  | kind_g[64u]()                                               | kind          | NumericKind:uint kind<ulong>()                                                  | 0f 1f 44 00 00 b8 40 00 40 20 c3 00 19 00 00 00 40 00 00 00 00 00 00 00 60 77 b0 c8 f7 7f 00 00 0f 1f 44 00 00 b8 40 00 80 80 c3 00 19 00 00 00 40 00 00 00 00 00 00 00 02 00 00 00 00 00 00 00 e8 6b 5d c2 5e 5e 00 00 d0 16 b1 c8 f7 7f 00 00 e8 5b 5d c2 5e 5e 00 00 30 17 b1 c8 f7 7f 00 00 e8 4b 5d c2 5e 5e 00 00 90 17 b1 c8 f7 7f 00 00 e8 3b 5d c2 5e 5e 00 00 f0 17 b1 c8 f7 7f 00 00 e8 2b 5d c2 5e 5e 00 00 50 18 b1 c8 f7 7f 00 00 e8 1b 5d c2 5e 5e 00 00 b0 18 b1 c8 f7 7f 00 00 e8 0b 5d c2 5e 5e 00 00 10 19 b1 c8 f7 7f 00 00 e8 fb 5c c2 5e 5e 00 00 70 19 b1 c8 f7 7f 00 00 e8 eb 5c c2 5e 5e 00 00 d0 19 b1 c8 f7 7f 00 00 e8 db 5c c2 5e 5e 00 00 30 1a b1 c8 f7 7f 00 00 e8 cb 5c c2 5e 5e 00 00 90 1a b1 c8 f7 7f 00 00 e8 bb 5c c2 5e 5e 00 00 f0 1a b1 c8 f7 7f 00 00 e8 ab 5c c2 5e 5e 00 00 50 1b b1 c8 f7 7f 00 00 e8 9b 5c c2 5e 5e 00 00 b0 1b b1 c8 f7 7f 00 00 e8 8b 5c c2 5e 5e 00 00 10 1c b1 c8 f7 7f 00 00 e8 7b 5c c2 5e 5e 00 00 70 1c b1 c8 f7 7f 00 00 e8 6b 5c c2 5e 5e 00 00 d0 1c b1 c8 f7 7f 00 00 e8 5b 5c c2 5e 5e 00 00 30 1d b1 c8 f7 7f 00 00 e8 4b 5c c2 5e 5e 00 00 90 1d b1 c8 f7 7f 00 00 e8 3b 5c c2 5e 5e 00 00 f0 1d b1 c8 f7 7f 00 00 e8 2b 5c c2 5e 5e 00 00 50 1e b1 c8 f7 7f 00 00 e8 1b 5c c2 5e 5e 00 00 b0 1e b1 c8 f7 7f 00 00 e8 0b 5c c2 5e 5e 00 00 10 1f b1 c8 f7 7f 00 00 e8 fb 5b c2 5e 5e 00 00 70 1f b1 c8 f7 7f 00 00 e8 eb 5b c2 5e 5e 00 00 d0 1f b1 c8 f7 7f 00 00 e8 db 5b c2 5e 5e 00 00 30 20 b1 c8 f7 7f 00 00 e8 cb 5b c2 5e 5e 00 00 90 20 b1 c8 f7 7f 00 00 e8 bb 5b c2 5e 5e 00 00 f0 20 b1 c8 f7 7f 00 00 e8 ab 5b c2 5e 5e 00 00 50 21 b1 c8 f7 7f 00 00 e8 9b 5b c2 5e 5e 00 00 b0 21 b1 c8 f7 7f 00 00 e8 8b 5b c2 5e 5e 00 00 10 22 b1 c8 f7 7f 00 00 e8 7b 5b c2 5e 5e 00 00 70 22 b1 c8 f7 7f 00 00 e8 6b 5b c2 5e 5e 00 00 d0 22 b1 c8 f7 7f 00 00 e8 5b 5b c2 5e 5e 00 00 30 23 b1 c8 f7 7f 00 00 e8 4b 5b c2 5e 5e 00 00 90 23 b1 c8 f7 7f 00 00 e8 3b 5b c2 5e 5e 00 00 f0 23 b1 c8 f7 7f 00 00 e8 2b 5b c2 5e 5e 00 00 30 25 b1 c8 f7 7f 00 00 e8 1b 5b c2 5e 5e 00 00 90 25 b1 c8 f7 7f 00 00 e8 0b 5b c2 5e 5e 00 00 f0 25 b1 c8 f7 7f 00 00 e8 fb 5a c2 5e 5e 00 00 50 26 b1 c8 f7 7f 00 00 e8 eb 5a c2 5e 5e 00 01 e8 e3 5a c2 5e 5e 02 00 b0 26 b1 c8 f7 7f 00 00 e8 d3 5a c2 5e 5e 00 00 a8 27 b1 c8 f7 7f 00 00 00 00 00 00 00 00 00 00
10        | 7ff7c863f8b0h   | 720     | root/Numeric                  | kind_g[64i]()                                               | kind          | NumericKind:uint kind<long>()                                                   | 0f 1f 44 00 00 b8 40 00 80 80 c3 00 19 00 00 00 40 00 00 00 00 00 00 00 02 00 00 00 00 00 00 00 e8 6b 5d c2 5e 5e 00 00 d0 16 b1 c8 f7 7f 00 00 e8 5b 5d c2 5e 5e 00 00 30 17 b1 c8 f7 7f 00 00 e8 4b 5d c2 5e 5e 00 00 90 17 b1 c8 f7 7f 00 00 e8 3b 5d c2 5e 5e 00 00 f0 17 b1 c8 f7 7f 00 00 e8 2b 5d c2 5e 5e 00 00 50 18 b1 c8 f7 7f 00 00 e8 1b 5d c2 5e 5e 00 00 b0 18 b1 c8 f7 7f 00 00 e8 0b 5d c2 5e 5e 00 00 10 19 b1 c8 f7 7f 00 00 e8 fb 5c c2 5e 5e 00 00 70 19 b1 c8 f7 7f 00 00 e8 eb 5c c2 5e 5e 00 00 d0 19 b1 c8 f7 7f 00 00 e8 db 5c c2 5e 5e 00 00 30 1a b1 c8 f7 7f 00 00 e8 cb 5c c2 5e 5e 00 00 90 1a b1 c8 f7 7f 00 00 e8 bb 5c c2 5e 5e 00 00 f0 1a b1 c8 f7 7f 00 00 e8 ab 5c c2 5e 5e 00 00 50 1b b1 c8 f7 7f 00 00 e8 9b 5c c2 5e 5e 00 00 b0 1b b1 c8 f7 7f 00 00 e8 8b 5c c2 5e 5e 00 00 10 1c b1 c8 f7 7f 00 00 e8 7b 5c c2 5e 5e 00 00 70 1c b1 c8 f7 7f 00 00 e8 6b 5c c2 5e 5e 00 00 d0 1c b1 c8 f7 7f 00 00 e8 5b 5c c2 5e 5e 00 00 30 1d b1 c8 f7 7f 00 00 e8 4b 5c c2 5e 5e 00 00 90 1d b1 c8 f7 7f 00 00 e8 3b 5c c2 5e 5e 00 00 f0 1d b1 c8 f7 7f 00 00 e8 2b 5c c2 5e 5e 00 00 50 1e b1 c8 f7 7f 00 00 e8 1b 5c c2 5e 5e 00 00 b0 1e b1 c8 f7 7f 00 00 e8 0b 5c c2 5e 5e 00 00 10 1f b1 c8 f7 7f 00 00 e8 fb 5b c2 5e 5e 00 00 70 1f b1 c8 f7 7f 00 00 e8 eb 5b c2 5e 5e 00 00 d0 1f b1 c8 f7 7f 00 00 e8 db 5b c2 5e 5e 00 00 30 20 b1 c8 f7 7f 00 00 e8 cb 5b c2 5e 5e 00 00 90 20 b1 c8 f7 7f 00 00 e8 bb 5b c2 5e 5e 00 00 f0 20 b1 c8 f7 7f 00 00 e8 ab 5b c2 5e 5e 00 00 50 21 b1 c8 f7 7f 00 00 e8 9b 5b c2 5e 5e 00 00 b0 21 b1 c8 f7 7f 00 00 e8 8b 5b c2 5e 5e 00 00 10 22 b1 c8 f7 7f 00 00 e8 7b 5b c2 5e 5e 00 00 70 22 b1 c8 f7 7f 00 00 e8 6b 5b c2 5e 5e 00 00 d0 22 b1 c8 f7 7f 00 00 e8 5b 5b c2 5e 5e 00 00 30 23 b1 c8 f7 7f 00 00 e8 4b 5b c2 5e 5e 00 00 90 23 b1 c8 f7 7f 00 00 e8 3b 5b c2 5e 5e 00 00 f0 23 b1 c8 f7 7f 00 00 e8 2b 5b c2 5e 5e 00 00 30 25 b1 c8 f7 7f 00 00 e8 1b 5b c2 5e 5e 00 00 90 25 b1 c8 f7 7f 00 00 e8 0b 5b c2 5e 5e 00 00 f0 25 b1 c8 f7 7f 00 00 e8 fb 5a c2 5e 5e 00 00 50 26 b1 c8 f7 7f 00 00 e8 eb 5a c2 5e 5e 00 01 e8 e3 5a c2 5e 5e 02 00 b0 26 b1 c8 f7 7f 00 00 e8 d3 5a c2 5e 5e 00 00 a8 27 b1 c8 f7 7f 00 00 00 00 00 00 00 00 00 00
11        | 7ff7c863fce0h   | 87      | root/Numeric                  | kind_g[32f]()                                               | kind          | NumericKind:uint kind<float>()                                                  | 0f 1f 44 00 00 b8 20 00 00 42 c3 00 19 00 00 00 40 00 00 00 00 00 00 00 d8 78 b0 c8 f7 7f 00 00 0f 1f 44 00 00 b8 40 00 00 44 c3 00 19 00 00 00 40 00 00 00 00 00 00 00 40 79 b0 c8 f7 7f 00 00 0f 1f 44 00 00 33 c0 c3 19 00 00 00 40 00 00 00 00 00 00 00 00 00 00
12        | 7ff7c863fd00h   | 55      | root/Numeric                  | kind_g[64f]()                                               | kind          | NumericKind:uint kind<double>()                                                 | 0f 1f 44 00 00 b8 40 00 00 44 c3 00 19 00 00 00 40 00 00 00 00 00 00 00 40 79 b0 c8 f7 7f 00 00 0f 1f 44 00 00 33 c0 c3 19 00 00 00 40 00 00 00 00 00 00 00 00 00 00
13        | 7ff7c863fd20h   | 23      | root/Numeric                  | signed_g[8u]()                                              | signed        | bool signed<byte>()                                                             | 0f 1f 44 00 00 33 c0 c3 19 00 00 00 40 00 00 00 00 00 00 00 00 00 00
14        | 7ff7c863fd40h   | 55      | root/Numeric                  | signed_g[8i]()                                              | signed        | bool signed<sbyte>()                                                            | 0f 1f 44 00 00 b8 01 00 00 00 c3 00 19 00 00 00 40 00 00 00 00 00 00 00 10 7a b0 c8 f7 7f 00 00 0f 1f 44 00 00 33 c0 c3 19 00 00 00 40 00 00 00 00 00 00 00 00 00 00
15        | 7ff7c863fd60h   | 23      | root/Numeric                  | signed_g[16u]()                                             | signed        | bool signed<ushort>()                                                           | 0f 1f 44 00 00 33 c0 c3 19 00 00 00 40 00 00 00 00 00 00 00 00 00 00
16        | 7ff7c863fd80h   | 55      | root/Numeric                  | signed_g[16i]()                                             | signed        | bool signed<short>()                                                            | 0f 1f 44 00 00 b8 01 00 00 00 c3 00 19 00 00 00 40 00 00 00 00 00 00 00 e0 7a b0 c8 f7 7f 00 00 0f 1f 44 00 00 33 c0 c3 19 00 00 00 40 00 00 00 00 00 00 00 00 00 00
17        | 7ff7c863fda0h   | 23      | root/Numeric                  | signed_g[32u]()                                             | signed        | bool signed<uint>()                                                             | 0f 1f 44 00 00 33 c0 c3 19 00 00 00 40 00 00 00 00 00 00 00 00 00 00
18        | 7ff7c863fdc0h   | 55      | root/Numeric                  | signed_g[32i]()                                             | signed        | bool signed<int>()                                                              | 0f 1f 44 00 00 b8 01 00 00 00 c3 00 19 00 00 00 40 00 00 00 00 00 00 00 b0 7b b0 c8 f7 7f 00 00 0f 1f 44 00 00 33 c0 c3 19 00 00 00 40 00 00 00 00 00 00 00 00 00 00
19        | 7ff7c863fde0h   | 23      | root/Numeric                  | signed_g[64u]()                                             | signed        | bool signed<ulong>()                                                            | 0f 1f 44 00 00 33 c0 c3 19 00 00 00 40 00 00 00 00 00 00 00 00 00 00
20        | 7ff7c863fe00h   | 55      | root/Numeric                  | signed_g[64i]()                                             | signed        | bool signed<long>()                                                             | 0f 1f 44 00 00 b8 01 00 00 00 c3 00 19 00 00 00 40 00 00 00 00 00 00 00 80 7c b0 c8 f7 7f 00 00 0f 1f 44 00 00 33 c0 c3 19 00 00 00 40 00 00 00 00 00 00 00 00 00 00
21        | 7ff7c863fe20h   | 23      | root/Numeric                  | signed_g[32f]()                                             | signed        | bool signed<float>()                                                            | 0f 1f 44 00 00 33 c0 c3 19 00 00 00 40 00 00 00 00 00 00 00 00 00 00
22        | 7ff7c863fe40h   | 23      | root/Numeric                  | signed_g[64f]()                                             | signed        | bool signed<double>()                                                           | 0f 1f 44 00 00 33 c0 c3 19 00 00 00 40 00 00 00 00 00 00 00 00 00 00
23        | 7ff7c863fe60h   | 55      | root/Numeric                  | unsigned_g[8u]()                                            | unsigned      | bool unsigned<byte>()                                                           | 0f 1f 44 00 00 b8 01 00 00 00 c3 00 19 00 00 00 40 00 00 00 00 00 00 00 b8 7d b0 c8 f7 7f 00 00 0f 1f 44 00 00 33 c0 c3 19 00 00 00 40 00 00 00 00 00 00 00 00 00 00
24        | 7ff7c863fe80h   | 23      | root/Numeric                  | unsigned_g[8i]()                                            | unsigned      | bool unsigned<sbyte>()                                                          | 0f 1f 44 00 00 33 c0 c3 19 00 00 00 40 00 00 00 00 00 00 00 00 00 00
25        | 7ff7c863fea0h   | 55      | root/Numeric                  | unsigned_g[16u]()                                           | unsigned      | bool unsigned<ushort>()                                                         | 0f 1f 44 00 00 b8 01 00 00 00 c3 00 19 00 00 00 40 00 00 00 00 00 00 00 88 7e b0 c8 f7 7f 00 00 0f 1f 44 00 00 33 c0 c3 19 00 00 00 40 00 00 00 00 00 00 00 00 00 00
26        | 7ff7c863fec0h   | 23      | root/Numeric                  | unsigned_g[16i]()                                           | unsigned      | bool unsigned<short>()                                                          | 0f 1f 44 00 00 33 c0 c3 19 00 00 00 40 00 00 00 00 00 00 00 00 00 00
27        | 7ff7c863fee0h   | 55      | root/Numeric                  | unsigned_g[32u]()                                           | unsigned      | bool unsigned<uint>()                                                           | 0f 1f 44 00 00 b8 01 00 00 00 c3 00 19 00 00 00 40 00 00 00 00 00 00 00 58 7f b0 c8 f7 7f 00 00 0f 1f 44 00 00 33 c0 c3 19 00 00 00 40 00 00 00 00 00 00 00 00 00 00
28        | 7ff7c863ff00h   | 23      | root/Numeric                  | unsigned_g[32i]()                                           | unsigned      | bool unsigned<int>()                                                            | 0f 1f 44 00 00 33 c0 c3 19 00 00 00 40 00 00 00 00 00 00 00 00 00 00
29        | 7ff7c863ff20h   | 55      | root/Numeric                  | unsigned_g[64u]()                                           | unsigned      | bool unsigned<ulong>()                                                          | 0f 1f 44 00 00 b8 01 00 00 00 c3 00 19 00 00 00 40 00 00 00 00 00 00 00 28 80 b0 c8 f7 7f 00 00 0f 1f 44 00 00 33 c0 c3 19 00 00 00 40 00 00 00 00 00 00 00 00 00 00
30        | 7ff7c863ff40h   | 23      | root/Numeric                  | unsigned_g[64i]()                                           | unsigned      | bool unsigned<long>()                                                           | 0f 1f 44 00 00 33 c0 c3 19 00 00 00 40 00 00 00 00 00 00 00 00 00 00
31        | 7ff7c863ff60h   | 23      | root/Numeric                  | unsigned_g[32f]()                                           | unsigned      | bool unsigned<float>()                                                          | 0f 1f 44 00 00 33 c0 c3 19 00 00 00 40 00 00 00 00 00 00 00 00 00 00
32        | 7ff7c863ff80h   | 23      | root/Numeric                  | unsigned_g[64f]()                                           | unsigned      | bool unsigned<double>()                                                         | 0f 1f 44 00 00 33 c0 c3 19 00 00 00 40 00 00 00 00 00 00 00 00 00 00
33        | 7ff7c863ffa0h   | 23      | root/Numeric                  | floating_g[8u]()                                            | floating      | bool floating<byte>()                                                           | 0f 1f 44 00 00 33 c0 c3 19 00 00 00 40 00 00 00 00 00 00 00 00 00 00
34        | 7ff7c863ffc0h   | 23      | root/Numeric                  | floating_g[8i]()                                            | floating      | bool floating<sbyte>()                                                          | 0f 1f 44 00 00 33 c0 c3 19 00 00 00 40 00 00 00 00 00 00 00 00 00 00
35        | 7ff7c863ffe0h   | 23      | root/Numeric                  | floating_g[16u]()                                           | floating      | bool floating<ushort>()                                                         | 0f 1f 44 00 00 33 c0 c3 19 00 00 00 40 00 00 00 00 00 00 00 00 00 00
36        | 7ff7c8640000h   | 23      | root/Numeric                  | floating_g[16i]()                                           | floating      | bool floating<short>()                                                          | 0f 1f 44 00 00 33 c0 c3 19 00 00 00 40 00 00 00 00 00 00 00 00 00 00
37        | 7ff7c8640020h   | 23      | root/Numeric                  | floating_g[32u]()                                           | floating      | bool floating<uint>()                                                           | 0f 1f 44 00 00 33 c0 c3 19 00 00 00 40 00 00 00 00 00 00 00 00 00 00
38        | 7ff7c8640040h   | 23      | root/Numeric                  | floating_g[32i]()                                           | floating      | bool floating<int>()                                                            | 0f 1f 44 00 00 33 c0 c3 19 00 00 00 40 00 00 00 00 00 00 00 00 00 00
39        | 7ff7c8640060h   | 23      | root/Numeric                  | floating_g[64u]()                                           | floating      | bool floating<ulong>()                                                          | 0f 1f 44 00 00 33 c0 c3 19 00 00 00 40 00 00 00 00 00 00 00 00 00 00
40        | 7ff7c8640080h   | 23      | root/Numeric                  | floating_g[64i]()                                           | floating      | bool floating<long>()                                                           | 0f 1f 44 00 00 33 c0 c3 19 00 00 00 40 00 00 00 00 00 00 00 00 00 00
41        | 7ff7c86400a0h   | 163     | root/Numeric                  | floating_g[32f]()                                           | floating      | bool floating<float>()                                                          | 0f 1f 44 00 00 b8 01 00 00 00 c3 00 19 00 00 00 40 00 00 00 00 00 00 00 08 85 b0 c8 f7 7f 00 00 0f 1f 44 00 00 b8 01 00 00 00 c3 00 19 00 00 00 40 00 00 00 00 00 00 00 58 85 b0 c8 f7 7f 00 00 48 83 ec 28 90 e8 d6 2f 11 ff 85 c0 0f 95 c0 0f b6 c0 48 83 c4 28 c3 00 19 04 01 00 04 42 00 00 40 00 00 00 00 00 00 00 a8 85 b0 c8 f7 7f 00 00 48 83 ec 28 90 e8 a6 2f 11 ff 85 c0 74 08 0f b7 c0 48 83 c4 28 c3 33 c0 48 83 c4 28 c3 00 00 00 19 04 01 00 04 42 00 00 40 00 00 00 00 00 00 00 00 00 00
42        | 7ff7c86400c0h   | 131     | root/Numeric                  | floating_g[64f]()                                           | floating      | bool floating<double>()                                                         | 0f 1f 44 00 00 b8 01 00 00 00 c3 00 19 00 00 00 40 00 00 00 00 00 00 00 58 85 b0 c8 f7 7f 00 00 48 83 ec 28 90 e8 d6 2f 11 ff 85 c0 0f 95 c0 0f b6 c0 48 83 c4 28 c3 00 19 04 01 00 04 42 00 00 40 00 00 00 00 00 00 00 a8 85 b0 c8 f7 7f 00 00 48 83 ec 28 90 e8 a6 2f 11 ff 85 c0 74 08 0f b7 c0 48 83 c4 28 c3 33 c0 48 83 c4 28 c3 00 00 00 19 04 01 00 04 42 00 00 40 00 00 00 00 00 00 00 00 00 00
43        | 7ff7c86400e0h   | 99      | root/Numeric                  | test_()                                                     | test          | bool test(Type t)                                                               | 48 83 ec 28 90 e8 d6 2f 11 ff 85 c0 0f 95 c0 0f b6 c0 48 83 c4 28 c3 00 19 04 01 00 04 42 00 00 40 00 00 00 00 00 00 00 a8 85 b0 c8 f7 7f 00 00 48 83 ec 28 90 e8 a6 2f 11 ff 85 c0 74 08 0f b7 c0 48 83 c4 28 c3 33 c0 48 83 c4 28 c3 00 00 00 19 04 01 00 04 42 00 00 40 00 00 00 00 00 00 00 00 00 00
44        | 7ff7c8640110h   | 51      | root/Numeric                  | width_()                                                    | width         | FixedWidth:uint width(Type t)                                                   | 48 83 ec 28 90 e8 a6 2f 11 ff 85 c0 74 08 0f b7 c0 48 83 c4 28 c3 33 c0 48 83 c4 28 c3 00 00 00 19 04 01 00 04 42 00 00 40 00 00 00 00 00 00 00 00 00 00
45        | 7ff7c8640150h   | 131     | root/Numeric                  | signed_()                                                   | signed        | bool signed(Type t)                                                             | 56 48 83 ec 20 48 8b f1 48 b9 68 6f 70 c7 f7 7f 00 00 e8 89 ee bc 5e 48 3b c6 74 46 48 b9 48 7f 70 c7 f7 7f 00 00 e8 75 ee bc 5e 48 3b c6 74 32 48 b9 08 8f 70 c7 f7 7f 00 00 e8 61 ee bc 5e 48 3b c6 74 1e 48 b9 a8 9e 70 c7 f7 7f 00 00 e8 4d ee bc 5e 48 3b c6 0f 94 c0 0f b6 c0 48 83 c4 20 5e c3 b8 01 00 00 00 48 83 c4 20 5e c3 00 00 00 19 05 02 00 05 32 01 60 40 00 00 00 00 00 00 00 00 00 00
46        | 7ff7c86401e0h   | 131     | root/Numeric                  | unsigned_()                                                 | unsigned      | bool unsigned(Type t)                                                           | 56 48 83 ec 20 48 8b f1 48 b9 58 77 70 c7 f7 7f 00 00 e8 f9 ed bc 5e 48 3b c6 74 46 48 b9 38 87 70 c7 f7 7f 00 00 e8 e5 ed bc 5e 48 3b c6 74 32 48 b9 d8 96 70 c7 f7 7f 00 00 e8 d1 ed bc 5e 48 3b c6 74 1e 48 b9 78 a6 70 c7 f7 7f 00 00 e8 bd ed bc 5e 48 3b c6 0f 94 c0 0f b6 c0 48 83 c4 20 5e c3 b8 01 00 00 00 48 83 c4 20 5e c3 00 00 00 19 05 02 00 05 32 01 60 40 00 00 00 00 00 00 00 00 00 00
47        | 7ff7c8640270h   | 887     | root/Numeric                  | floating_()                                                 | floating      | bool floating(Type t)                                                           | 56 48 83 ec 20 48 8b f1 48 b9 58 af 70 c7 f7 7f 00 00 e8 69 ed bc 5e 48 3b c6 74 1e 48 b9 38 b8 70 c7 f7 7f 00 00 e8 55 ed bc 5e 48 3b c6 0f 94 c0 0f b6 c0 48 83 c4 20 5e c3 b8 01 00 00 00 48 83 c4 20 5e c3 00 00 00 19 05 02 00 05 32 01 60 40 00 00 00 00 00 00 00 10 87 b0 c8 f7 7f 00 00 0f 1f 44 00 00 0f b7 c2 83 f8 66 0f 84 89 00 00 00 83 f8 69 74 0a 83 f8 75 74 42 e9 98 00 00 00 83 f9 10 77 0c 83 f9 08 74 13 83 f9 10 74 15 eb 28 83 f9 20 74 15 83 f9 40 74 17 eb 1c b8 08 00 02 80 eb 17 b8 10 00 08 80 eb 10 b8 20 00 20 80 eb 09 b8 40 00 80 80 eb 02 33 c0 eb 5d 83 f9 10 77 0c 83 f9 08 74 13 83 f9 10 74 15 eb 28 83 f9 20 74 15 83 f9 40 74 17 eb 1c b8 08 00 01 20 eb 17 b8 10 00 04 20 eb 10 b8 20 00 10 20 eb 09 b8 40 00 40 20 eb 02 33 c0 eb 20 83 f9 20 74 07 83 f9 40 74 09 eb 0e b8 20 00 00 42 eb 09 b8 40 00 00 44 eb 02 33 c0 eb 02 33 c0 c3 00 19 00 00 00 40 00 00 00 00 00 00 00 d8 87 b0 c8 f7 7f 00 00 57 56 48 83 ec 28 8b f1 81 fe 20 00 00 42 77 6c 81 fe 10 00 04 20 77 2f 81 fe 08 00 01 20 0f 84 b9 00 00 00 81 fe 10 00 04 20 0f 85 25 01 00 00 48 b9 38 87 70 c7 f7 7f 00 00 e8 11 ec bc 5e 90 48 83 c4 28 5e 5f c3 81 fe 20 00 10 20 0f 84 b2 00 00 00 81 fe 40 00 40 20 0f 84 ce 00 00 00 81 fe 20 00 00 42 0f 85 ea 00 00 00 48 b9 58 af 70 c7 f7 7f 00 00 e8 d6 eb bc 5e eb c3 81 fe 08 00 02 80 77 29 81 fe 40 00 00 44 0f 84 b1 00 00 00 81 fe 08 00 02 80 0f 85 b9 00 00 00 48 b9 68 6f 70 c7 f7 7f 00 00 e8 a5 eb bc 5e eb 92 81 fe 10 00 08 80 74 3c 81 fe 20 00 20 80 74 5c 81 fe 40 00 80 80 0f 85 8c 00 00 00 48 b9 a8 9e 70 c7 f7 7f 00 00 e8 78 eb bc 5e e9 62 ff ff ff 48 b9 58 77 70 c7 f7 7f 00 00 e8 64 eb bc 5e e9 4e ff ff ff 48 b9 48 7f 70 c7 f7 7f 00 00 e8 50 eb bc 5e e9 3a ff ff ff 48 b9 d8 96 70 c7 f7 7f 00 00 e8 3c eb bc 5e e9 26 ff ff ff 48 b9 08 8f 70 c7 f7 7f 00 00 e8 28 eb bc 5e e9 12 ff ff ff 48 b9 78 a6 70 c7 f7 7f 00 00 e8 14 eb bc 5e e9 fe fe ff ff 48 b9 38 b8 70 c7 f7 7f 00 00 e8 00 eb bc 5e e9 ea fe ff ff 48 b9 30 74 95 c7 f7 7f 00 00 e8 ac 67 c2 5e 48 8b f8 89 77 08 48 b9 48 02 98 c7 f7 7f 00 00 e8 97 67 c2 5e 48 8b f0 48 8b cf e8 5c 46 6c 4e 48 8b d0 48 8b ce e8 11 95 11 ff 48 8b ce e8 c9 b3 b9 5e cc 19 06 03 00 06 42 02 60 01 70 00 00 40 00 00 00 98 88 b0 c8 f7 7f 00 00 0f 1f 44 00 00 48 8b c1 48 85 c0 74 11 48 ba 68 6f 70 c7 f7 7f 00 00 48 39 10 74 02 33 c0 48 85 c0 75 5c 48 8b c1 48 85 c0 74 11 48 ba 48 7f 70 c7 f7 7f 00 00 48 39 10 74 02 33 c0 48 85 c0 75 3e 48 8b c1 48 85 c0 74 11 48 ba 08 8f 70 c7 f7 7f 00 00 48 39 10 74 02 33 c0 48 85 c0 75 20 48 85 c9 74 11 48 b8 a8 9e 70 c7 f7 7f 00 00 48 39 01 74 02 33 c9 48 85 c9 0f 95 c0 0f b6 c0 c3 b8 01 00 00 00 c3 00 00 00 19 00 00 00 40 00 00 00 00 00 00 00 00 00 00
48        | 7ff7c86402d0h   | 791     | root/Numeric                  | from_(FixedWidth~32u,NumericIndicator~16u)                  | from          | NumericKind:uint from(FixedWidth:uint width, NumericIndicator:ushort ni)        | 0f 1f 44 00 00 0f b7 c2 83 f8 66 0f 84 89 00 00 00 83 f8 69 74 0a 83 f8 75 74 42 e9 98 00 00 00 83 f9 10 77 0c 83 f9 08 74 13 83 f9 10 74 15 eb 28 83 f9 20 74 15 83 f9 40 74 17 eb 1c b8 08 00 02 80 eb 17 b8 10 00 08 80 eb 10 b8 20 00 20 80 eb 09 b8 40 00 80 80 eb 02 33 c0 eb 5d 83 f9 10 77 0c 83 f9 08 74 13 83 f9 10 74 15 eb 28 83 f9 20 74 15 83 f9 40 74 17 eb 1c b8 08 00 01 20 eb 17 b8 10 00 04 20 eb 10 b8 20 00 10 20 eb 09 b8 40 00 40 20 eb 02 33 c0 eb 20 83 f9 20 74 07 83 f9 40 74 09 eb 0e b8 20 00 00 42 eb 09 b8 40 00 00 44 eb 02 33 c0 eb 02 33 c0 c3 00 19 00 00 00 40 00 00 00 00 00 00 00 d8 87 b0 c8 f7 7f 00 00 57 56 48 83 ec 28 8b f1 81 fe 20 00 00 42 77 6c 81 fe 10 00 04 20 77 2f 81 fe 08 00 01 20 0f 84 b9 00 00 00 81 fe 10 00 04 20 0f 85 25 01 00 00 48 b9 38 87 70 c7 f7 7f 00 00 e8 11 ec bc 5e 90 48 83 c4 28 5e 5f c3 81 fe 20 00 10 20 0f 84 b2 00 00 00 81 fe 40 00 40 20 0f 84 ce 00 00 00 81 fe 20 00 00 42 0f 85 ea 00 00 00 48 b9 58 af 70 c7 f7 7f 00 00 e8 d6 eb bc 5e eb c3 81 fe 08 00 02 80 77 29 81 fe 40 00 00 44 0f 84 b1 00 00 00 81 fe 08 00 02 80 0f 85 b9 00 00 00 48 b9 68 6f 70 c7 f7 7f 00 00 e8 a5 eb bc 5e eb 92 81 fe 10 00 08 80 74 3c 81 fe 20 00 20 80 74 5c 81 fe 40 00 80 80 0f 85 8c 00 00 00 48 b9 a8 9e 70 c7 f7 7f 00 00 e8 78 eb bc 5e e9 62 ff ff ff 48 b9 58 77 70 c7 f7 7f 00 00 e8 64 eb bc 5e e9 4e ff ff ff 48 b9 48 7f 70 c7 f7 7f 00 00 e8 50 eb bc 5e e9 3a ff ff ff 48 b9 d8 96 70 c7 f7 7f 00 00 e8 3c eb bc 5e e9 26 ff ff ff 48 b9 08 8f 70 c7 f7 7f 00 00 e8 28 eb bc 5e e9 12 ff ff ff 48 b9 78 a6 70 c7 f7 7f 00 00 e8 14 eb bc 5e e9 fe fe ff ff 48 b9 38 b8 70 c7 f7 7f 00 00 e8 00 eb bc 5e e9 ea fe ff ff 48 b9 30 74 95 c7 f7 7f 00 00 e8 ac 67 c2 5e 48 8b f8 89 77 08 48 b9 48 02 98 c7 f7 7f 00 00 e8 97 67 c2 5e 48 8b f0 48 8b cf e8 5c 46 6c 4e 48 8b d0 48 8b ce e8 11 95 11 ff 48 8b ce e8 c9 b3 b9 5e cc 19 06 03 00 06 42 02 60 01 70 00 00 40 00 00 00 98 88 b0 c8 f7 7f 00 00 0f 1f 44 00 00 48 8b c1 48 85 c0 74 11 48 ba 68 6f 70 c7 f7 7f 00 00 48 39 10 74 02 33 c0 48 85 c0 75 5c 48 8b c1 48 85 c0 74 11 48 ba 48 7f 70 c7 f7 7f 00 00 48 39 10 74 02 33 c0 48 85 c0 75 3e 48 8b c1 48 85 c0 74 11 48 ba 08 8f 70 c7 f7 7f 00 00 48 39 10 74 02 33 c0 48 85 c0 75 20 48 85 c9 74 11 48 b8 a8 9e 70 c7 f7 7f 00 00 48 39 01 74 02 33 c9 48 85 c9 0f 95 c0 0f b6 c0 c3 b8 01 00 00 00 c3 00 00 00 19 00 00 00 40 00 00 00 00 00 00 00 00 00 00
49        | 7ff7c86403a0h   | 583     | root/Numeric                  | type_(NumericKind~32u)                                      | type          | Type type(NumericKind:uint k)                                                   | 57 56 48 83 ec 28 8b f1 81 fe 20 00 00 42 77 6c 81 fe 10 00 04 20 77 2f 81 fe 08 00 01 20 0f 84 b9 00 00 00 81 fe 10 00 04 20 0f 85 25 01 00 00 48 b9 38 87 70 c7 f7 7f 00 00 e8 11 ec bc 5e 90 48 83 c4 28 5e 5f c3 81 fe 20 00 10 20 0f 84 b2 00 00 00 81 fe 40 00 40 20 0f 84 ce 00 00 00 81 fe 20 00 00 42 0f 85 ea 00 00 00 48 b9 58 af 70 c7 f7 7f 00 00 e8 d6 eb bc 5e eb c3 81 fe 08 00 02 80 77 29 81 fe 40 00 00 44 0f 84 b1 00 00 00 81 fe 08 00 02 80 0f 85 b9 00 00 00 48 b9 68 6f 70 c7 f7 7f 00 00 e8 a5 eb bc 5e eb 92 81 fe 10 00 08 80 74 3c 81 fe 20 00 20 80 74 5c 81 fe 40 00 80 80 0f 85 8c 00 00 00 48 b9 a8 9e 70 c7 f7 7f 00 00 e8 78 eb bc 5e e9 62 ff ff ff 48 b9 58 77 70 c7 f7 7f 00 00 e8 64 eb bc 5e e9 4e ff ff ff 48 b9 48 7f 70 c7 f7 7f 00 00 e8 50 eb bc 5e e9 3a ff ff ff 48 b9 d8 96 70 c7 f7 7f 00 00 e8 3c eb bc 5e e9 26 ff ff ff 48 b9 08 8f 70 c7 f7 7f 00 00 e8 28 eb bc 5e e9 12 ff ff ff 48 b9 78 a6 70 c7 f7 7f 00 00 e8 14 eb bc 5e e9 fe fe ff ff 48 b9 38 b8 70 c7 f7 7f 00 00 e8 00 eb bc 5e e9 ea fe ff ff 48 b9 30 74 95 c7 f7 7f 00 00 e8 ac 67 c2 5e 48 8b f8 89 77 08 48 b9 48 02 98 c7 f7 7f 00 00 e8 97 67 c2 5e 48 8b f0 48 8b cf e8 5c 46 6c 4e 48 8b d0 48 8b ce e8 11 95 11 ff 48 8b ce e8 c9 b3 b9 5e cc 19 06 03 00 06 42 02 60 01 70 00 00 40 00 00 00 98 88 b0 c8 f7 7f 00 00 0f 1f 44 00 00 48 8b c1 48 85 c0 74 11 48 ba 68 6f 70 c7 f7 7f 00 00 48 39 10 74 02 33 c0 48 85 c0 75 5c 48 8b c1 48 85 c0 74 11 48 ba 48 7f 70 c7 f7 7f 00 00 48 39 10 74 02 33 c0 48 85 c0 75 3e 48 8b c1 48 85 c0 74 11 48 ba 08 8f 70 c7 f7 7f 00 00 48 39 10 74 02 33 c0 48 85 c0 75 20 48 85 c9 74 11 48 b8 a8 9e 70 c7 f7 7f 00 00 48 39 01 74 02 33 c9 48 85 c9 0f 95 c0 0f b6 c0 c3 b8 01 00 00 00 c3 00 00 00 19 00 00 00 40 00 00 00 00 00 00 00 00 00 00
50        | 7ff7c8640550h   | 151     | root/Numeric                  | signed_(object)                                             | signed        | bool signed(object value)                                                       | 0f 1f 44 00 00 48 8b c1 48 85 c0 74 11 48 ba 68 6f 70 c7 f7 7f 00 00 48 39 10 74 02 33 c0 48 85 c0 75 5c 48 8b c1 48 85 c0 74 11 48 ba 48 7f 70 c7 f7 7f 00 00 48 39 10 74 02 33 c0 48 85 c0 75 3e 48 8b c1 48 85 c0 74 11 48 ba 08 8f 70 c7 f7 7f 00 00 48 39 10 74 02 33 c0 48 85 c0 75 20 48 85 c9 74 11 48 b8 a8 9e 70 c7 f7 7f 00 00 48 39 01 74 02 33 c9 48 85 c9 0f 95 c0 0f b6 c0 c3 b8 01 00 00 00 c3 00 00 00 19 00 00 00 40 00 00 00 00 00 00 00 00 00 00
51        | 7ff7c86405f0h   | 151     | root/Numeric                  | unsigned_(object)                                           | unsigned      | bool unsigned(object value)                                                     | 0f 1f 44 00 00 48 8b c1 48 85 c0 74 11 48 ba 58 77 70 c7 f7 7f 00 00 48 39 10 74 02 33 c0 48 85 c0 75 5c 48 8b c1 48 85 c0 74 11 48 ba 38 87 70 c7 f7 7f 00 00 48 39 10 74 02 33 c0 48 85 c0 75 3e 48 8b c1 48 85 c0 74 11 48 ba d8 96 70 c7 f7 7f 00 00 48 39 10 74 02 33 c0 48 85 c0 75 20 48 85 c9 74 11 48 b8 78 a6 70 c7 f7 7f 00 00 48 39 01 74 02 33 c9 48 85 c9 0f 95 c0 0f b6 c0 c3 b8 01 00 00 00 c3 00 00 00 19 00 00 00 40 00 00 00 00 00 00 00 00 00 00
52        | 7ff7c8640690h   | 119     | root/Numeric                  | floating_(object)                                           | floating      | bool floating(object value)                                                     | 0f 1f 44 00 00 48 8b c1 48 85 c0 74 11 48 ba 58 af 70 c7 f7 7f 00 00 48 39 10 74 02 33 c0 48 85 c0 75 20 48 85 c9 74 11 48 b8 38 b8 70 c7 f7 7f 00 00 48 39 01 74 02 33 c9 48 85 c9 0f 95 c0 0f b6 c0 c3 b8 01 00 00 00 c3 00 00 00 19 00 00 00 40 00 00 00 00 00 00 00 b0 89 b0 c8 f7 7f 00 00 0f 1f 44 00 00 8b c1 c3 19 00 00 00 40 00 00 00 00 00 00 00 00 00 00
53        | 7ff7c86406f0h   | 23      | root/Numeric                  | int_(FixedWidth~32u)                                        | int           | int int(FixedWidth:uint src)                                                    | 0f 1f 44 00 00 8b c1 c3 19 00 00 00 40 00 00 00 00 00 00 00 00 00 00
54        | 7ff7c8640710h   | 135     | root/Numeric                  | typeset_(NumericKind~32u)                                   | typeset       | ISet<Type> typeset(NumericKind:uint k)                                          | 57 56 53 48 83 ec 20 8b f1 48 b9 48 24 b1 c8 f7 7f 00 00 e8 88 65 c2 5e 48 8b f8 48 ba 10 59 00 10 9f 02 00 00 48 8b 1a 48 8d 4f 08 48 8b d7 e8 ac 56 c2 5e 48 b9 90 d5 60 c7 f7 7f 00 00 48 89 4f 18 48 b9 30 2b 75 c7 f7 7f 00 00 48 89 4f 20 48 8b cb 8b d6 4c 8b c7 48 b8 c0 80 e5 c7 f7 7f 00 00 39 09 48 83 c4 20 5b 5e 5f 48 ff e0 00 00 19 07 04 00 07 32 03 30 02 60 01 70 40 00 00 00 00 00 00 00 00 00 00
55        | 7ff7c86407a0h   | 135     | root/Numeric                  | kindset_(NumericKind~32u)                                   | kindset       | ISet<NumericKind:uint> kindset(NumericKind:uint k)                              | 57 56 53 48 83 ec 20 8b f1 48 b9 28 a5 03 c8 f7 7f 00 00 e8 f8 64 c2 5e 48 8b f8 48 ba 08 59 00 10 9f 02 00 00 48 8b 1a 48 8d 4f 08 48 8b d7 e8 1c 56 c2 5e 48 b9 90 d5 60 c7 f7 7f 00 00 48 89 4f 18 48 b9 d0 82 e5 c7 f7 7f 00 00 48 89 4f 20 48 8b cb 8b d6 4c 8b c7 48 b8 c0 80 e5 c7 f7 7f 00 00 39 09 48 83 c4 20 5b 5e 5f 48 ff e0 00 00 19 07 04 00 07 32 03 30 02 60 01 70 40 00 00 00 00 00 00 00 00 00 00
56        | 7ff7c8640830h   | 163     | root/Numeric                  | is_(NumericKind~32u,NumericKind~32u)                        | is            | bool is(NumericKind:uint k, NumericKind:uint match)                             | 57 56 55 53 48 83 ec 28 8b f1 8b fa 48 b9 28 a5 03 c8 f7 7f 00 00 e8 65 64 c2 5e 48 8b d8 48 ba 08 59 00 10 9f 02 00 00 48 8b 2a 48 8d 4b 08 48 8b d3 e8 89 55 c2 5e 48 b9 90 d5 60 c7 f7 7f 00 00 48 89 4b 18 48 b9 d0 82 e5 c7 f7 7f 00 00 48 89 4b 20 48 8b cd 8b d6 4c 8b c3 39 09 e8 2e 78 81 ff 48 8b c8 8b d7 49 bb 80 0c 61 c7 f7 7f 00 00 48 8b 05 d8 03 fd fe 39 09 48 83 c4 28 5b 5d 5e 5f 48 ff e0 00 00 00 19 08 05 00 08 42 04 30 03 50 02 60 01 70 00 00 40 00 00 00 00 00 00 00 00 00 00
57        | 7ff7c86408e0h   | 423     | root/Numeric                  | is_(NumericKind~32u,NumericId~32u)                          | is            | bool is(NumericKind:uint k, NumericId:uint match)                               | 0f 1f 44 00 00 85 ca 0f 95 c0 0f b6 c0 c3 00 00 19 00 00 00 40 00 00 00 50 8c b0 c8 f7 7f 00 00 57 56 53 48 83 ec 40 33 c0 48 89 44 24 38 48 89 44 24 28 48 89 44 24 30 8b 11 ba 02 00 00 00 e8 3c 3a 0f ff 48 8b f0 48 8b ce e8 d1 b2 6b 4e 85 c0 0f 85 22 01 00 00 48 8b ce e8 d1 f1 ff ff 8b f8 48 b9 a8 3e 9c c7 f7 7f 00 00 e8 60 63 c2 5e 48 8b d8 48 b9 a8 3e 9c c7 f7 7f 00 00 e8 8e e6 bc 5e 48 8b c8 66 89 7b 08 48 8b d3 e8 ff fb 0e ff 84 c0 0f 84 e0 00 00 00 85 ff 0f 84 d8 00 00 00 45 33 c0 44 89 44 24 38 44 8b 46 08 41 ff c8 48 8b ce 33 d2 e8 86 7d 6b 4e 48 85 c0 75 0b 33 c0 89 44 24 38 e9 af 00 00 00 48 8d 50 0c 8b 40 08 48 8d 4c 24 28 48 89 11 89 41 08 e8 2f ad 6c 4e 4c 8b c0 48 8d 4c 24 28 4c 8d 4c 24 38 ba 07 00 00 00 e8 50 7b 3d ff 85 c0 0f 94 c1 0f b6 c9 85 c9 74 75 8b 74 24 38 48 b9 b0 81 9a c7 f7 7f 00 00 e8 b9 62 c2 5e 48 8b d8 48 b9 b0 81 9a c7 f7 7f 00 00 e8 e7 e5 bc 5e 48 8b c8 89 73 08 48 8b d3 e8 59 fb 0e ff 84 c0 74 3e 8b ce 8b d7 e8 ac f8 ff ff 8b f0 48 b9 30 74 95 c7 f7 7f 00 00 e8 7b 62 c2 5e 48 8b f8 48 b9 30 74 95 c7 f7 7f 00 00 e8 a9 e5 bc 5e 48 8b c8 89 77 08 48 8b d7 e8 1b fb 0e ff 84 c0 75 0a 33 c0 48 83 c4 40 5b 5e 5f c3 8b c6 48 83 c4 40 5b 5e 5f c3 00 00 00 19 07 04 00 07 72 03 30 02 60 01 70 40 00 00 00 00 00 00 00 00 00 00
58        | 7ff7c8640900h   | 391     | root/Numeric                  | kind_(string)                                               | kind          | NumericKind:uint kind(string src)                                               | 57 56 53 48 83 ec 40 33 c0 48 89 44 24 38 48 89 44 24 28 48 89 44 24 30 8b 11 ba 02 00 00 00 e8 3c 3a 0f ff 48 8b f0 48 8b ce e8 d1 b2 6b 4e 85 c0 0f 85 22 01 00 00 48 8b ce e8 d1 f1 ff ff 8b f8 48 b9 a8 3e 9c c7 f7 7f 00 00 e8 60 63 c2 5e 48 8b d8 48 b9 a8 3e 9c c7 f7 7f 00 00 e8 8e e6 bc 5e 48 8b c8 66 89 7b 08 48 8b d3 e8 ff fb 0e ff 84 c0 0f 84 e0 00 00 00 85 ff 0f 84 d8 00 00 00 45 33 c0 44 89 44 24 38 44 8b 46 08 41 ff c8 48 8b ce 33 d2 e8 86 7d 6b 4e 48 85 c0 75 0b 33 c0 89 44 24 38 e9 af 00 00 00 48 8d 50 0c 8b 40 08 48 8d 4c 24 28 48 89 11 89 41 08 e8 2f ad 6c 4e 4c 8b c0 48 8d 4c 24 28 4c 8d 4c 24 38 ba 07 00 00 00 e8 50 7b 3d ff 85 c0 0f 94 c1 0f b6 c9 85 c9 74 75 8b 74 24 38 48 b9 b0 81 9a c7 f7 7f 00 00 e8 b9 62 c2 5e 48 8b d8 48 b9 b0 81 9a c7 f7 7f 00 00 e8 e7 e5 bc 5e 48 8b c8 89 73 08 48 8b d3 e8 59 fb 0e ff 84 c0 74 3e 8b ce 8b d7 e8 ac f8 ff ff 8b f0 48 b9 30 74 95 c7 f7 7f 00 00 e8 7b 62 c2 5e 48 8b f8 48 b9 30 74 95 c7 f7 7f 00 00 e8 a9 e5 bc 5e 48 8b c8 89 77 08 48 8b d7 e8 1b fb 0e ff 84 c0 75 0a 33 c0 48 83 c4 40 5b 5e 5f c3 8b c6 48 83 c4 40 5b 5e 5f c3 00 00 00 19 07 04 00 07 72 03 30 02 60 01 70 40 00 00 00 00 00 00 00 00 00 00
