Offset   | Location         | Length     | Id
0000h    | 1ceca8b5499h     | 0020h      | Units256x32u
0020h    | 1ceca8b54b9h     | 0010h      | Units128x32u
0030h    | 1ceca8b54c9h     | 0010h      | Dec128x8u
0040h    | 1ceca8b54d9h     | 0010h      | Dec128x16u
0050h    | 1ceca8b54e9h     | 0010h      | Units128x16u
0060h    | 1ceca8b54f9h     | 0020h      | Units256x16u
0080h    | 1ceca8b5519h     | 0020h      | PackUSHi16x256x8u
00b0h    | 1ceca8b5549h     | 0010h      | Dec128x64u
00c0h    | 1ceca8b5559h     | 0010h      | PackUSLo32x128x16u
00d0h    | 1ceca8b5569h     | 0020h      | PackUSLo16x256x8u
0130h    | 1ceca8b55c9h     | 0020h      | Units256x64u
0150h    | 1ceca8b55e9h     | 0020h      | Inc256x8u
0170h    | 1ceca8b5609h     | 0020h      | Inc256x16u
01b0h    | 1ceca8b5649h     | 0020h      | Dec256x8u
01d0h    | 1ceca8b5669h     | 0010h      | Inc128x16u
01e0h    | 1ceca8b5679h     | 0020h      | Units256x8u
0200h    | 1ceca8b5699h     | 0010h      | PackUSLo16x128x8u
0210h    | 1ceca8b56a9h     | 0010h      | Units128x64u
0260h    | 1ceca8b56f9h     | 0020h      | Dec256x16u
0280h    | 1ceca8b5719h     | 0010h      | Inc128x64u
0290h    | 1ceca8b5729h     | 0020h      | Inc256x64u
02b0h    | 1ceca8b5749h     | 0010h      | PackUSHi32x128x16u
02c0h    | 1ceca8b5759h     | 0020h      | PackUSLo32x256x16u
02f0h    | 1ceca8b5789h     | 0010h      | Inc128x32u
0300h    | 1ceca8b5799h     | 0020h      | PackUSHi32x256x16u
0320h    | 1ceca8b57b9h     | 0010h      | Inc128x8u
0350h    | 1ceca8b57e9h     | 0010h      | Units128x8u
0360h    | 1ceca8b57f9h     | 0010h      | PackUSHi16x128x8u
0390h    | 1ceca8b5829h     | 0020h      | Dec256x32u
03b0h    | 1ceca8b5849h     | 0020h      | Dec256x64u
03d0h    | 1ceca8b5869h     | 0010h      | Dec128x32u
0460h    | 1ceca8b58f9h     | 0020h      | Inc256x32u
